"lname","fname","party","state","seat","district","ico.status","cand.gender","recipient.cfscore.dyn","contributor.cfscore","num.givers.total","total.receipts","prim.vote.pct","pwinner","gen.vote.pct","gwinner"
"petrilli","george","100","IL","federal:house","IL18","C","M",-1.056,-0.913,17,"16219.62 USD",0.001,"W",29.59,"L"
"chambers","gary","100","LA","federal:house","LA02","C","M",-1.208,-2.07,21959,"106626.67 USD",NA,NA,NA,NA
"finley","christopher","100","TN","federal:house","TN06","C","M",-0.854,NA,2,"0 USD",NA,NA,24.5594920099349,"L"
"hamilton","wendy","100","DC","federal:house","DC01","C","F",-0.837,NA,387,"5163.66 USD",NA,NA,NA,NA
"n","mckayla","100","MD","federal:house","MD05","C","F",-1.125,-1.131,8154,"0 USD",NA,NA,NA,NA
"jaye","brian","100","MI","federal:house","MI08","C","M",-1.076,-1.018,220,"201 USD",NA,NA,NA,NA
"mcginn","randi","100","NM","federal:house","NM01","C","F",-0.746,-0.881,159,"214888 USD",NA,NA,NA,NA
"turner","nina","100","OH","federal:house","OH11","C","F",NA,-0.88,30567,"646744.98 USD",NA,NA,NA,NA
"brown","shontel","100","OH","federal:house","OH11","C","F",-0.546,NA,5526,"40132.75 USD",NA,NA,NA,NA
"johnson","jeffrey","100","OH","federal:house","OH11","C","M",-0.876,NA,235,"5700 USD",NA,NA,NA,NA
"hyman","mal","100","SC","federal:house","SC07","C","M",-1.132,-1.05,822,"0 USD",NA,NA,NA,NA
"linn","max","200","ME","federal:senate","MES20","C","M",2.181,2.089,2,"544443.57 USD",NA,"L",1.65,"L"
"ronnebeck","steve","200","AZ","federal:house","AZ03","C","M",1.515,NA,5,"4880 USD",NA,NA,NA,NA
"ireland","jonathan","100","AZ","federal:house","AZ05","C","M",-1.143,NA,12,"0 USD",0.1059,"L",NA,NA
"tyler","john","100","CA","federal:house","CA05","C","M",-1.037,-1.117,6,"3006 USD",0.0952,"L",NA,NA
"campbell","samantha","100","CA","federal:house","CA15","O","F",-1.206,NA,3,"0 USD",0.0983,"L",NA,NA
"lackey","courtney","200","CA","federal:house","CA25","C","F",1.049,NA,6,"4718 USD",NA,NA,NA,NA
"carroll","brian","100","CA","federal:house","CA30","C","M",-0.413,NA,25,"0 USD",0.035,"L",NA,NA
"scott","keanakay","100","CA","federal:house","CA34","C","U",-1.18,NA,7,"0 USD",0.0555,"L",NA,NA
"mcleod","jalen","100","CA","federal:house","CA47","C","M",-1.103,NA,29,"0 USD",0.087,"L",NA,NA
"ryans","jerlilia","100","CA","federal:house","CA52","C","U",-1.121,-1.018,4,"0 USD",NA,NA,NA,NA
"bolling","shane","200","CO","federal:house","CO01","C","M",1.548,1.592,9,"13657.96 USD",1,"W",23.53,"L"
"bocchino","brandon","100","CO","federal:house","CO05","C","M",1.394,NA,9,"0 USD",NA,NA,NA,NA
"morris","matthew","200","DE","federal:house","DE01","C","M",2.174,2.263,7,"12470.02 USD",0.2619,"L",NA,NA
"rowe","richard","100","FL","federal:house","FL03","O","M",-1.029,NA,80,"0 USD",NA,NA,NA,NA
"nolan","john","328","FL","federal:house","FL06","C","M",-0.547,-0.534,26,"5008.47 USD",NA,"L",0.03,"L"
"walls windhauser","angela","200","FL","federal:house","FL08","C","F",1.505,NA,2,"0 USD",NA,NA,NA,NA
"aarons","adam","100","FL","federal:house","FL21","C","M",-0.445,NA,4,"0 USD",NA,NA,NA,NA
"mohammad","imtiaz","100","FL","state:lower","FL22","C","M",-1.011,-0.666,153,"0 USD",NA,NA,NA,NA
"escobar","yadira","100","FL","federal:house","FL25","C","F",-1.121,NA,19,"2196.9 USD",NA,NA,NA,NA
"polo","frank","200","FL","federal:house","FL27","C","M",NA,1.882,7,"4606.12 USD",0.001,"W",0.02,"L"
"harbin","blake","200","GA","federal:house","GA06","C","M",1.385,NA,92,"0 USD",0.0487,"L",NA,NA
"tolin","tyler","200","GA","federal:house","GA09","O","M",-1.167,-1.179,34,"2005 USD",NA,NA,NA,NA
"waites","keisha","100","GA","federal:house","GA13","C","F",-1.613,-0.971,158,"875 USD",0.2549,"L",NA,NA
"nuckolls","haden","100","GA","federal:house","GA11","C","M",-1.175,NA,60,"3043.42 USD",NA,NA,NA,NA
"famera","ashley","100","HI","federal:house","HI02","O","F",-0.953,NA,41,"0 USD",0.0606,"L",NA,NA
"leatherwood","darnell","100","IL","federal:house","IL01","C","M",-1.166,NA,6,"0 USD",NA,NA,NA,NA
"matthews","ameena","100","IL","federal:house","IL01","C","F",-1.121,-1.106,69,"0 USD",0.0785,"L",NA,NA
"ellison","allen","100","FL","federal:senate","FLS22","C","M",-0.992,-1.056,1841,"84005.43 USD",NA,NA,NA,NA
"lane","jacob","200","IL","federal:house","IL15","O","M",-0.057,NA,13,"0 USD",NA,NA,NA,NA
"farrar","ryan","100","IN","federal:house","IN01","O","M",-1.119,-1.04,15,"0 USD",0.0033,"L",NA,NA
"bergeron","dion","200","IN","state:lower","IN01","C","M",1.559,1.469,16,"0 USD",NA,NA,NA,NA
"walker","bradley","200","NC","federal:senate","NCS22","C","M",1.225,1.386,3426,"893357.37 USD",NA,NA,NA,NA
"webster","mike","100","IN","federal:house","IN08","C","M",-0.984,NA,3,"0 USD",0.3256,"L",NA,NA
"dorris","dale","100","IN","federal:house","IN09","C","M",-1.131,-1.131,54,"1381.05 USD",0.1578,"L",NA,NA
"eddings","waymen","200","KY","federal:house","KY03","C","U",1.442,1.443,9,"3025.45 USD",0.1556,"L",NA,NA
"harris","braylon","100","LA","federal:house","LA03","C","M",-0.952,NA,23,"23006.09 USD",NA,"L",17.89,"L"
"lemelle","martin","100","LA","federal:house","LA05","C","M",-0.824,-0.569,394,"175143.56 USD",NA,"L",10.4,"L"
"campbell","rayla","200","MA","federal:house","MA07","C","F",1.395,1.369,722,"62880.76 USD",0.001,"W",0.23,"L"
"pingley","jennifer","100","MD","federal:house","MD01","C","F",-1.091,NA,15,"60 USD",0.2,"L",NA,NA
"gosnell","mark","100","MD","federal:house","MD07","C","M",-0.786,-0.849,10,"96.05 USD",0.005,"L",NA,NA
"oelke","elena","200","MI","federal:house","MI06","C","F",1.61,1.429,43,"0 USD",0.3734,"L",NA,NA
"singh","hirsh","200","NJ","federal:senate","NJS18","C","U",1.329,1.374,1706,"694015.9 USD",NA,NA,NA,NA
"adan","leila","100","MN","federal:house","MN05","C","F",-1.015,NA,4,"0 USD",NA,NA,NA,NA
"lester","leslie","100","MN","federal:house","MN05","C","F",1.247,NA,6,"0 USD",0.0071,"L",NA,NA
"crichton","oreta","100","AS","federal:house","AS01","C","F",-0.997,-1.001,45,"36273 USD",NA,"L",14.55,"L"
"millado","joe","200","FL","federal:house","FL03","O","M",1.56,1.66,19,"25372.06 USD",0.0136,"L",NA,NA
"west","charles","100","MO","federal:house","MO06","C","M",-1.087,NA,200,"0 USD",0.1573,"L",NA,NA
"hall","kwanza","100","GA","federal:house","GA05","C","M",-0.277,-0.714,678,"242596.76 USD",NA,NA,NA,NA
"franklin","robert","100","GA","federal:house","GA05","C","M",-0.68,-0.79,288,"362642.69 USD",NA,NA,NA,NA
"lee","katelyn","100","MS","federal:house","MS03","C","F",-1.035,-0.853,2,"186.97 USD",0.3603,"L",NA,NA
"snowden","phillip","100","LA","federal:house","LA05","O","M",-1.143,-1.153,16,"29481 USD",NA,"L",3.05,"L"
"ross","gena","100","MO","federal:house","MO06","C","F",-1.002,NA,104,"10170.21 USD",0.3283,"W",30.83,"L"
"richards","audrey","328","MO","federal:house","MO07","C","F",0.265,-0.138,13,"7985 USD",0.001,"W",0.35,"L"
"parietti","mike","328","NY","federal:house","NY17","C","M",-1.318,-1.141,5,"62320.27 USD",NA,NA,NA,NA
"elizabeth","terwilliger","328","PA","federal:house","PA12","C","U",1.129,NA,29,"6211.4 USD",NA,NA,NA,NA
"ward","christopher","100","NC","federal:house","NC07","C","M",-1.113,-1.027,58,"16260.36 USD",0.4632,"W",39.59,"L"
"mcclendon","marty","200","WA","federal:house","WA10","O","M",1.362,1.377,814,"55374 USD",NA,NA,NA,NA
"elworth","mark","100","NE","federal:house","NE03","C","M",-0.963,NA,2,"108.79 USD",1,"W",17.68,"L"
"harrington","ricky","328","AR","federal:senate","ARS20","C","M",-0.504,NA,177,"79563.9 USD",0.001,"W",33.47,"L"
"walsh","timothy","200","NJ","federal:house","NJ09","C","M",1.757,NA,6,"5093.48 USD",0.2582,"L",NA,NA
"prempeh","william","200","NJ","federal:house","NJ09","C","M",1.093,1.621,2330,"44268.95 USD",0.7418,"W",31.86,"L"
"bakari","kamau","328","NV","federal:house","NV01","C","M",1.47,1.4,7,"7105 USD",NA,NA,NA,NA
"dunson","leo","200","NV","federal:house","NV04","C","M",1.534,1.629,143,"0 USD",NA,NA,NA,NA
"dayr","steffanie","100","NV","federal:house","NV04","C","F",-1.078,-1.029,6,"1393.71 USD",0.0728,"L",NA,NA
"burger","harry","328","NY","federal:house","NY02","C","M",-1.396,-1.068,3,"2429.63 USD",1,"W",1.03,"L"
"stevenson","dylan","200","NY","federal:house","NY10","C","M",1.648,1.705,4,"2561 USD",NA,NA,NA,NA
"pabon","julio","100","NY","federal:house","NY15","O","M",-0.751,-0.863,62,"0.96 USD",0.0041,"L",NA,NA
"bradshaw","marquita","100","TN","federal:senate","TNS20","O","F",-1.046,-0.983,14603,"1628980.09 USD",0.3551,"W",35.16,"L"
"wilson","kevin","328","NY","federal:house","NY25","C","M",0.455,0.504,7,"5128.33 USD",1,"W",1.53,"L"
"potter","quentin","100","OH","federal:house","OH07","C","M",-1.072,-1.057,76,"13895.81 USD",1,"W",29.17,"L"
"hoffman","madelyn","328","NJ","federal:senate","NJS20","C","F",-1.231,NA,7,"6218.86 USD",0.001,"W",0.86,"L"
"silk","joseph","200","OK","federal:house","OK02","C","M",0.579,0.925,158,"29015.66 USD",0.127,"L",NA,NA
"forbes","wesley","100","OK","federal:house","OK04","C","M",-0.822,NA,4,"0 USD",NA,NA,NA,NA
"slemmons","david","100","OK","federal:house","OK04","C","M",-1.005,NA,30,"0 USD",0.1942,"L",NA,NA
"merrick","jake","200","OK","federal:house","OK05","O","M",1.701,NA,220,"8564.85 USD",0.0255,"L",NA,NA
"heuertz","nick","100","OR","federal:house","OR02","O","M",-1.109,NA,33,"0 USD",0.3099,"L",NA,NA
"christensen","chris","200","OR","federal:house","OR01","C","M",1.627,1.726,8,"243.72 USD",0.5585,"W",35.21,"L"
"vaughn","chris","100","OR","federal:house","OR02","O","M",-1.275,NA,2,"0 USD",0.1824,"L",NA,NA
"reynolds","blair","100","OR","federal:house","OR05","C","M",-1.039,-1.068,35,"4219.8 USD",0.0745,"L",NA,NA
"snow","salem","100","PA","federal:house","PA02","C","M",-1.161,NA,422,"3219.22 USD",NA,NA,NA,NA
"desantis","edward","100","PA","federal:house","PA16","C","M",-1.006,NA,2,"0 USD",NA,NA,NA,NA
"sonnek","luisa","100","PA","federal:house","PA16","C","F",-1.139,-1.123,4,"0 USD",NA,NA,NA,NA
"bivens","lydia","100","TN","federal:house","TN04","C","F",-1.132,NA,85,"0 USD",0.1826,"L",NA,NA
"mattlin","meredith","100","TN","federal:house","TN05","C","F",-1.137,-1.152,47,"0 USD",NA,NA,NA,NA
"fallon","patrick","200","TX","federal:house","TX04","C","M",1.344,1.276,2056,"257176.31 USD",0.5655,"W",76.882327819895,"W"
"hernandez","elizabeth","100","TX","federal:house","TX08","C","F",-1.044,-1.053,188,"17407.28 USD",0.5985,"W",25.47,"L"
"worthy","monique","200","TX","federal:house","TX13","O","F",1.639,NA,119,"0 USD",0.0074,"L",NA,NA
"gassaway","timothy","100","TX","federal:house","TX13","O","M",-0.98,-0.984,5,"4519.75 USD",0.2318,"L",NA,NA
"hernandez cigarrusita","patrick","200","TX","federal:house","TX16","C","M",1.459,NA,17,"0 USD",0.0675,"L",NA,NA
"morgan","clint","200","TX","federal:house","TX22","O","M",1.249,1.332,10,"21760 USD",NA,NA,NA,NA
"bauer","mark","328","TX","federal:house","TX24","O","M",0.131,0.169,6,"26341.78 USD",NA,"L",0.85,"L"
"metzger","deanna","200","TX","federal:house","TX24","O","F",1.901,1.697,284,"24030 USD",NA,NA,NA,NA
"hamilton","darren","328","TX","federal:house","TX24","O","M",1.189,NA,3,"570 USD",0.001,"W",1.64,"L"
"zavala","diego","100","TX","federal:house","TX34","C","M",-1.196,NA,47,"0 USD",0.1845,"L",NA,NA
"sharon","jennifer","200","TX","federal:house","TX35","C","F",1.525,NA,18,"19011.1 USD",0.3712,"W",29.95,"L"
"sloot","sarena","200","WA","federal:house","WA04","C","F",1.733,NA,6,"5126.11 USD",0.0668,"L",NA,NA
"grey bull","lynnette","100","WY","federal:house","WY01","C","F",-1.047,NA,2568,"134648.22 USD",0.6003,"W",24.58,"L"
"fox","richard","200","CA","federal:house","CA18","C","M",1.056,1.069,22,"0 USD",0.1218,"L",NA,NA
"gustafson","claire","200","NJ","federal:house","NJ01","C","F",1.415,0.91,119,"36519.78 USD",1,"W",37.52,"L"
"james","hannah","100","CA","federal:house","CA19","C","F",-1.143,NA,6,"0 USD",NA,NA,NA,NA
"hidalgo","juan","200","CA","federal:house","CA51","C","M",1.465,1.468,146,"0 USD",NA,NA,31.6952445377562,"L"
"cardenas","beatrice","200","CA","federal:house","CA27","C","F",0.095,NA,7,"0 USD",0.1172,"L",NA,NA
"hood","brandon","100","IN","federal:house","IN09","C","M",-1.063,NA,29,"0 USD",0.1393,"L",NA,NA
"robinson","herb","100","MA","federal:house","MA04","C","M",-0.937,-0.893,9,"1132.33 USD",NA,NA,NA,NA
"rogers","tim","200","WI","federal:house","WI04","C","M",1.522,1.478,43,"0 USD",0.5017,"W",22.7,"L"
"west","kanye","328","00","federal:president","PRES","C","",0.088,0.111,2900,"14538989.74 USD",NA,NA,NA,NA
"goldfischer","david","100","CO","federal:senate","COS20","C","M",-1.033,NA,16,"0 USD",NA,NA,NA,NA
"perkins","adrian","100","LA","federal:senate","LAS20","C","M",-0.979,-0.72,22926,"2806583.4 USD",NA,"L",19.02,"L"
"stock","andrew","100","NE","federal:senate","NES20","C","M",-1.093,NA,10,"0 USD",0.1138,"L",NA,NA
"walsh","bob","328","NM","federal:senate","NMS20","O","M",0.273,0.617,8,"8326.01 USD",1,"W",2.65,"L"
"hart","clara","100","SD","federal:senate","SDS20","C","F",-0.727,-0.918,17,"2292.26 USD",NA,NA,NA,NA
"morrell","kent","200","TN","federal:senate","TNS20","O","M",-0.17,NA,25,"2339.91 USD",0.2664,"L",NA,NA
"knapp","mary","328","VA","federal:senate","VAS20","C","F",1.369,NA,2,"0 USD",NA,NA,NA,NA
"liew","sarah","200","CA","federal:senate","CAS22","C","F",2.278,2.305,10,"0 USD",NA,NA,NA,NA
"smith","michelle","100","MD","federal:senate","MDS22","C","F",-1.746,NA,3,"1736.22 USD",NA,NA,NA,NA
"sare","diane","328","NY","federal:senate","NYS22","C","F",0.117,NA,703,"10535 USD",NA,NA,NA,NA
"sleister","nicolaus","100","WA","federal:senate","WAS22","C","M",-1.511,-1.299,79,"2680.24 USD",NA,NA,NA,NA
"agbede","akinyemi","100","CA","federal:senate","CAS22","C","U",NA,NA,27,"0 USD",NA,NA,NA,NA
"billiot","beryl","328","LA","federal:senate","LAS20","C","F",NA,0.575,9,"6374.6 USD",NA,"L",0.84,"L"
"mcguigan","john","100","PA","federal:senate","PAS22","C","M",-0.893,-0.807,126,"112290.47 USD",NA,NA,NA,NA
"castorani","john","200","AL","federal:house","AL01","O","M",1.216,1.302,13,"26809.68 USD",0.0148,"L",NA,NA
"taylor","jessica","200","AL","federal:house","AL02","O","F",1.297,NA,1116,"476139.02 USD",0.1988,"L",NA,NA
"elliott","joyce","100","AR","federal:house","AR02","C","F",-0.964,-0.716,24874,"3543886.52 USD",1,"W",44.63,"L"
"ruden","noran","200","AZ","federal:house","AZ02","C","M",1.481,1.567,70,"304518.3 USD",0.3356,"L",NA,NA
"quilter","peter","100","AZ","federal:house","AZ02","C","M",-1.135,-1.018,19,"17806 USD",0.2367,"L",NA,NA
"ward","anne","200","AZ","federal:house","AZ04","C","F",1.329,1.418,175,"110341.74 USD",0.3687,"L",NA,NA
"ramos","javier","100","AZ","federal:house","AZ05","C","M",-1.549,-1.348,5,"7072.82 USD",0.3938,"L",NA,NA
"mangas moniz","rachel","100","CA","federal:house","CA02","C","F",-0.98,-1.018,12,"9966.51 USD",NA,NA,NA,NA
"amador","antonio","200","CA","federal:house","CA09","C","M",1.214,1.158,412,"52225 USD",0.3028,"L",42.42,"L"
"blevins","ryan","100","CA","federal:house","CA10","C","M",-0.999,-1.033,81,"6373.59 USD",0.0224,"L",NA,NA
"tandon","ritesh","200","CA","federal:house","CA17","C","M",-0.304,-0.108,284,"178536.32 USD",0.2138,"L",28.65,"L"
"papadopoulos","george","200","CA","federal:house","CA25","C","M",1.282,NA,64,"135023.92 USD",0.0176,"L",NA,NA
"lozano","david","200","CA","federal:house","CA25","C","M",1.473,NA,18,"8745 USD",0.0401,"L",NA,NA
"uygur","cenk","100","CA","federal:house","CA25","C","U",-1.115,NA,14402,"0 USD",0.0591,"L",NA,NA
"wright","joanne","200","CA","federal:house","CA34","C","F",1.252,1.394,9,"32291.15 USD",0.0774,"L",NA,NA
"cruz","erin","200","CA","federal:house","CA36","C","F",1.514,1.302,46,"54357.6 USD",0.2136,"L",39.66,"L"
"delgado","antonio","200","CA","federal:house","CA40","C","M",0.963,NA,231,"85014.29 USD",0.1367,"L",27.26,"L"
"issa","darrell","200","CA","federal:house","CA50","O","M",1.357,1.19,5604,"16813993.53 USD",0.2315,"W",53.95,"W"
"debello","james","200","CA","federal:house","CA52","C","M",1.063,1.348,149,"433484.35 USD",0.3239,"L",38.42,"L"
"meza","annette","100","CA","federal:house","CA53","O","F",-1.157,-1.168,15,"10674.1 USD",0.0222,"L",NA,NA
"oristian","michael","200","CA","federal:house","CA53","O","M",1.579,1.611,32,"18601.81 USD",0.074,"L",NA,NA
"winn","charles","200","CO","federal:house","CO02","C","M",1.46,1.39,112,"100537.58 USD",1,"W",35.4,"L"
"milton","christopher","328","CO","federal:house","CO03","C","M",-0.68,NA,13,"24026.42 USD",0.001,"W",0.99,"L"
"griffin","james","200","CT","federal:house","CT01","C","M",0.833,0.763,26,"26927.34 USD",0.427,"L",NA,NA
"streicker","margaret","200","CT","federal:house","CT03","C","F",0.477,0.477,658,"2016070.48 USD",0.001,"W",38.01,"L"
"meehan","ryan","200","CT","federal:house","CT05","C","M",1.298,1.352,103,"45677.14 USD",NA,"L",NA,NA
"merk","gregory","200","FL","federal:house","FL01","C","M",0.958,NA,21,"20046.08 USD",0.0946,"L",NA,NA
"christensen","adam","100","FL","federal:house","FL03","O","M",-1.052,NA,2866,"251860.59 USD",0.3449,"W",42.86,"L"
"rollins","gavin","200","FL","federal:house","FL03","O","M",1.327,1.428,119,"186934.21 USD",0.1526,"L",NA,NA
"st george","james","200","FL","federal:house","FL03","O","M",0.823,1.135,329,"1114214.98 USD",0.1411,"L",NA,NA
"chase","todd","200","FL","federal:house","FL03","O","M",1.069,1.088,339,"401859.27 USD",0.095,"L",NA,NA
"theus","david","200","FL","federal:house","FL03","O","M",0.937,1.009,20,"16330.97 USD",0.0218,"L",NA,NA
"adler","gary","200","FL","federal:house","FL05","C","M",1.306,1.399,49,"146944.18 USD",0.5212,"W",34.87,"L"
"wagoner","john","200","FL","federal:house","FL05","C","M",1.382,1.471,48,"62984.3 USD",0.4788,"L",NA,NA
"valentin","leo","200","FL","federal:house","FL07","C","M",1.096,NA,424,"1045426.18 USD",0.3863,"W",43.24,"L"
"diangelus","jean","200","FL","federal:house","FL07","C","F",1.607,NA,15,"37333.68 USD",NA,NA,NA,NA
"wright","christopher","200","FL","federal:house","FL09","C","M",1.887,1.795,10,"18915.31 USD",0.2266,"L",NA,NA
"vessio","nicholas","200","FL","federal:house","FL18","C","M",1.362,1.45,4,"99267.54 USD",0.1396,"L",NA,NA
"keith","pamela","100","FL","federal:house","FL18","C","F",-0.99,-0.971,9969,"1674663.15 USD",0.7962,"W",41.51,"L"
"eagle","dane","200","FL","federal:house","FL19","O","M",1.169,0.83,1741,"0 USD",0.2185,"L",NA,NA
"severson","daniel","200","FL","federal:house","FL19","O","M",1.482,1.575,36,"142554.2 USD",0.0308,"L",NA,NA
"fitzenhagen","heather","200","FL","federal:house","FL19","O","F",-0.008,0.818,2053,"116835.76 USD",NA,NA,NA,NA
"oconnell","ford","200","FL","federal:house","FL19","O","M",1.072,1.308,257,"377171 USD",NA,NA,NA,NA
"kowal","daniel","200","FL","federal:house","FL19","O","M",0.914,0.985,34,"60700 USD",0.0109,"L",NA,NA
"mclaughlin","christy","200","FL","federal:house","FL19","O","F",1.198,NA,117,"0 USD",0.0408,"L",NA,NA
"felton","elizabeth","200","FL","federal:house","FL21","C","F",0.759,1.221,18,"42379.89 USD",0.0709,"L",NA,NA
"degrammont","vic","200","FL","federal:house","FL20","C","M",1.67,1.68,48,"14474.33 USD",0.4798,"L",NA,NA
"bluemling","michael","200","FL","federal:house","FL21","C","M",1.194,1.578,12,"5430.83 USD",NA,NA,NA,NA
"weiss","guido","100","FL","federal:house","FL21","C","M",-0.847,NA,76,"24428.32 USD",0.1402,"L",NA,NA
"flynn","fran","200","FL","federal:house","FL22","C","F",1.417,1.386,27,"193724.02 USD",0.2607,"L",NA,NA
"kroske","michael","200","FL","federal:house","FL23","C","M",2.07,2.162,21,"20909.82 USD",0.4872,"L",NA,NA
"tarrio","enrique","200","FL","federal:house","FL27","C","M",1.673,NA,7,"9526.1 USD",NA,NA,NA,NA
"spicer","lavern","200","FL","federal:house","FL24","C","U",1.331,1.606,3475,"39625.3 USD",1,"W",20.4,"L"
"cole","donald","200","GA","federal:house","GA02","C","M",1.424,1.504,176,"165296.14 USD",0.5341,"W",40.88,"L"
"stanton king","angela","200","GA","federal:house","GA05","C","F",1.424,1.516,292,"310545.06 USD",1,"W",14.85,"L"
"almonord","valbrun","100","GA","federal:house","GA03","C","U",-1.061,-1.086,407,"40761.87 USD",1,"W",34.95,"L"
"barthelemy","mykel","200","GA","federal:house","GA06","C","M",1.567,NA,18,"7056 USD",0.0431,"L",NA,NA
"wilson","dan","100","GA","federal:house","GA09","O","M",-0.572,NA,15,"23132 USD",0.2523,"L",NA,NA
"wilkinson","john","200","GA","federal:house","GA09","O","M",1.411,1.365,635,"174743 USD",0.1162,"L",NA,NA
"underwood","ethan","200","GA","federal:house","GA09","O","M",1.472,1.396,161,"334150 USD",0.0863,"L",NA,NA
"ferguson","andrew","100","GA","federal:house","GA10","C","M",-1.229,-1.102,177,"19901.51 USD",0.3426,"L",NA,NA
"johnson","elizabeth","100","GA","federal:house","GA12","C","F",-0.926,-0.969,1029,"72360.98 USD",0.8364,"W",41.62,"L"
"hites","becky","200","GA","federal:house","GA13","C","F",1.473,1.546,49,"63879.77 USD",0.6865,"W",22.6,"L"
"cowan","john","200","GA","federal:house","GA14","O","M",1.246,1.259,810,"1459715.24 USD",0.2101,"L",NA,NA
"cooke","kevin","200","GA","federal:house","GA14","O","M",1.514,1.418,296,"147624.1 USD",0.0616,"L",NA,NA
"hembree","bill","200","GA","federal:house","GA14","O","M",1.67,1.337,620,"256975 USD",0.0642,"L",NA,NA
"underwood","robert","100","GU","federal:house","GU01","C","M",-0.226,-0.462,226,"492194.8 USD",NA,NA,NA,NA
"akana","joseph","200","HI","federal:house","HI02","O","M",0.827,0.875,44,"64517.78 USD",0.4408,"W",30.88,"L"
"soto","rudy","100","ID","federal:house","ID01","C","M",-0.931,-0.978,1604,"305168.95 USD",0.6576,"W",28.65,"L"
"broad","adam","100","IL","federal:house","IL10","C","M",-1.016,-0.926,27,"7625.66 USD",NA,NA,NA,NA
"smith","stefanie","100","IL","federal:house","IL13","C","F",-1.169,NA,97,"11770.47 USD",0.2354,"L",NA,NA
"evans","jerry","200","IL","federal:house","IL14","C","M",1.468,1.511,688,"75035.24 USD",0.0501,"L",NA,NA
"wolff","kerry","200","IL","federal:house","IL15","O","M",1.322,1.408,9,"12743.8 USD",0.1337,"L",NA,NA
"weaver","erika","100","IL","federal:house","IL15","O","F",-1.058,-0.94,397,"58744.21 USD",0.5191,"W",26.55,"L"
"mrvan","frank","100","IN","federal:house","IN01","O","M",-0.585,-0.583,7410,"590634.89 USD",0.3285,"W",56.64,"W"
"haake","sabrina","100","IN","federal:house","IN01","O","F",-1.029,-1.011,495,"294263.94 USD",0.0485,"L",NA,NA
"scaife","delano","200","IN","federal:house","IN01","O","M",-0.872,0.355,10,"6805.46 USD",0.0502,"L",NA,NA
"costello","scott","100","IN","federal:house","IN01","O","M",-1.065,-1.083,15,"10723.72 USD",0.0125,"L",NA,NA
"abernathy","kent","200","IN","federal:house","IN05","O","M",1.244,1.347,226,"125322.74 USD",0.0564,"L",NA,NA
"coldiron","chip","100","IN","federal:house","IN03","C","M",-1.019,-1.009,850,"97264.43 USD",0.3889,"W",32.16,"L"
"spartz","victoria","200","IN","federal:house","IN05","","F",1.423,1.386,6595,"3270606.27 USD",0.397,"W",50.02,"W"
"smith","susan","200","IN","federal:house","IN07","C","F",1.432,1.544,111,"62905.1 USD",0.4308,"W",37.56,"L"
"marsili","thomasina","100","IN","federal:house","IN08","C","F",-1.037,-0.942,276,"68734.44 USD",0.3627,"W",29.85,"L"
"waymaster","troy","200","KS","federal:house","KS01","O","M",1.262,1.142,533,"219942.68 USD",NA,NA,NA,NA
"perry","robert","328","KY","federal:house","KY02","C","M",1.089,1.11,6,"12798.41 USD",0.001,"W",2.11,"L"
"foster","adrienne","200","KS","federal:house","KS03","C","F",1.458,1.543,789,"456638.79 USD",0.2008,"L",NA,NA
"dela isla","michelle","100","KS","federal:house","KS02","C","F",-0.887,NA,3973,"1840565.7 USD",0.7503,"W",40.63,"L"
"robinson","randall","200","LA","federal:house","LA05","O","M",0.932,1.002,107,"179902.87 USD",NA,"L",7.72,"L"
"serrano","gerardo","200","KY","federal:house","KY03","C","M",2.271,2.299,6,"53755.35 USD",0.0885,"L",NA,NA
"grossman","rebecca","100","MA","federal:house","MA04","C","F",-0.641,-0.633,1622,"1471156.88 USD",0.1811,"L",NA,NA
"mermell","jesse","100","MA","federal:house","MA04","C","M",-0.842,NA,3051,"1238828.14 USD",0.2104,"L",NA,NA
"auchincloss","jake","100","MA","federal:house","MA04","C","M",-0.328,-0.524,4450,"2873219.33 USD",0.224,"W",60.83,"W"
"cavell","david","100","MA","federal:house","MA04","C","M",-0.897,-0.885,1067,"424265.67 USD",0.0158,"L",NA,NA
"matthew","nick","100","MA","federal:house","MA04","C","M",-1.097,-0.84,110,"6283 USD",NA,NA,NA,NA
"zannetos","christopher","100","MA","federal:house","MA04","C","M",-0.322,-0.422,942,"975571.34 USD",0.0325,"L",NA,NA
"mcquilken","angus","100","MA","federal:house","MA06","C","M",-0.85,-0.724,1809,"123669.4 USD",0.0966,"L",NA,NA
"linos","natalia","100","MA","federal:house","MA04","C","F",-0.806,-0.821,1192,"460096.36 USD",0.1163,"L",NA,NA
"goldstein","robbie","100","MA","federal:house","MA08","O","U",-0.982,NA,2607,"593012.33 USD",0.3347,"L",NA,NA
"simpson","jim","200","MD","federal:house","MD02","C","M",1.435,NA,64,"60707.07 USD",0.1529,"L",NA,NA
"sylvia","mark","100","MA","federal:house","MA09","C","M",-1.034,-0.961,63,"35861 USD",NA,NA,NA,NA
"palombi","christopher","200","MD","federal:house","MD05","C","M",1.384,NA,181,"47061.87 USD",0.3599,"W",30.97,"L"
"bero","maxwell","100","MD","federal:house","MD06","C","M",-1.147,NA,69,"6016.98 USD",0.2761,"L",NA,NA
"branch","talmadge","100","MD","federal:house","MD07","C","M",-0.559,-0.465,1662,"93540 USD",NA,NA,NA,NA
"matory","liz","200","MD","federal:house","MD07","C","F",1.227,0.664,72,"13107.54 USD",0.142,"L",NA,NA
"hill","terri","100","MD","federal:house","MD07","C","F",-0.884,-0.763,1435,"98808.93 USD",NA,NA,NA,NA
"ivey","amber","328","MD","federal:house","MD07","C","F",-1.412,NA,33,"47638.01 USD",NA,NA,NA,NA
"grant","leslie","100","MD","federal:house","MD07","C","F",-1.058,-0.879,6,"18740.54 USD",NA,NA,NA,NA
"bennett","adrienne","200","ME","federal:house","ME02","C","F",1.248,1.332,829,"227047.1 USD",0.3219,"L",NA,NA
"kelly","timothy","200","MI","federal:house","MI05","C","M",1.572,1.208,626,"72426.67 USD",0.7926,"W",41.76,"L"
"detmer","mike","200","MI","federal:house","MI08","C","M",1.891,1.797,169,"40564.55 USD",0.286,"L",NA,NA
"junge","paul","200","MI","federal:house","MI08","C","M",1.4,1.459,9481,"2112467.47 USD",0.3511,"W",47.28,"L"
"mcclain","lisa","200","MI","federal:house","MI10","O","F",0.819,1.202,7202,"2485337.08 USD",0.4167,"W",66.28,"W"
"hernandez","shane","200","MI","state:lower","MI10","","M",1.069,1.177,942,"609399.54 USD",NA,NA,NA,NA
"singh","bisham","200","MI","federal:house","MI10","O","U",0.954,1.074,22,"102418.5 USD",NA,NA,NA,NA
"lemmo","alfred","200","MI","federal:house","MI13","C","M",1.529,1.608,43,"670608.35 USD",0.1792,"L",NA,NA
"patrick","robert","200","MI","federal:house","MI14","C","M",1.394,1.474,16,"39670.45 USD",0.6542,"W",18.31,"L"
"kistner","tyler","200","MN","federal:house","MN02","C","M",1.412,1.484,9134,"3053799.7 USD",1,"W",45.92,"L"
"barr","regina","200","MN","federal:house","MN02","C","F",1.374,1.282,214,"59697.54 USD",NA,NA,NA,NA
"cashin","erika","200","MN","federal:house","MN02","C","F",1.336,1.427,66,"66290.9 USD",NA,NA,NA,NA
"al aqidi","dalia","200","MN","federal:house","MN05","C","F",1.384,NA,9835,"184492.63 USD",0.0474,"L",NA,NA
"nystrom","quinn","100","MN","federal:house","MN08","C","M",-1.004,-1.003,8527,"1560763.97 USD",1,"W",37.55,"L"
"simmons","lindsey","100","MO","federal:house","MO04","C","F",-0.958,-0.933,320,"401749.9 USD",1,"W",29.66,"L"
"oglesby","dennis","100","MO","federal:house","MO03","C","M",-1.088,-0.966,152,"17053.05 USD",0.3315,"L",NA,NA
"barham","jerry","200","MO","federal:house","MO05","C","M",NA,1.521,6,"197815.22 USD",0.3165,"L",NA,NA
"eliason","antonia","100","MS","federal:house","MS01","C","F",-1.126,-0.987,131,"22530.86 USD",1,"W",31.25,"L"
"terrell","andrew","100","NC","federal:house","NC02","O","M",-0.983,-0.976,65,"34330 USD",NA,NA,NA,NA
"deming","robert","200","MS","federal:house","MS04","C","M",1.211,1.297,32,"116320 USD",0.141,"L",NA,NA
"tulp","austin","200","MS","federal:house","MS03","C","M",1.05,1.126,22,"25455.05 USD",0.1017,"L",NA,NA
"swain","alan","200","NC","federal:house","NC02","O","M",1.398,1.415,124,"119670.7 USD",1,"W",34.83,"L"
"foxx","rhonda","100","NC","federal:house","NC06","O","F",-0.782,NA,434,"180880.16 USD",0.1992,"L",NA,NA
"timmons goodson","patricia","100","NC","federal:house","NC08","C","F",-1.038,-1.045,42484,"3934273.49 USD",1,"W",46.72,"L"
"davis","morris","100","NC","federal:house","NC11","O","M",-1.034,-1.017,18459,"2279697.25 USD",0.4733,"W",42.34,"L"
"patterson","vance","200","NC","federal:house","NC11","O","M",1.817,1.46,16,"146100 USD",0.0247,"L",NA,NA
"bennett","lynda","200","NC","federal:house","NC11","O","F",1.431,1.523,290,"521373.59 USD",0.2272,"L",NA,NA
"king","joseph","200","NC","federal:house","NC11","O","M",1.291,NA,59,"59140.55 USD",0.0868,"L",NA,NA
"raknerud","zachary","100","ND","federal:house","ND01","C","M",-1.005,-1.021,257,"28328.42 USD",0.6203,"W",27.57,"L"
"harrison","gladys","100","NE","federal:house","NE02","C","F",-0.956,-0.949,215,"34276.27 USD",0.0665,"L",NA,NA
"mayberry","matt","200","NH","federal:house","NH01","C","M",1.043,1.132,229,"197506.78 USD",0.2655,"L",NA,NA
"bennett","ashley","100","NJ","federal:house","NJ02","C","F",-1.027,-0.915,63,"9309 USD",NA,NA,NA,NA
"harrison","brigid","100","NJ","federal:house","NJ02","C","F",-0.805,-0.665,1564,"450486.01 USD",0.2225,"L",NA,NA
"novak","john","200","NJ","federal:house","NJ03","C","M",0.405,NA,43,"60380 USD",NA,NA,NA,NA
"gibbs","kate","200","NJ","federal:house","NJ03","C","F",0.719,0.767,383,"303870 USD",0.3886,"L",NA,NA
"keady","james","100","NJ","federal:house","NJ04","C","M",-1.105,-1.032,2040,"24280.8 USD",NA,NA,NA,NA
"al khatahtbeh","amani","100","NJ","federal:house","NJ06","C","F",-0.854,NA,154,"0 USD",0.0383,"L",NA,NA
"vander dussen","jared","200","NM","federal:house","NM01","C","M",1.064,1.14,153,"189935 USD",0.4015,"L",NA,NA
"larios elias","citlaly","200","NV","federal:house","NV01","C","F",0.557,NA,7,"5130 USD",0.2018,"L",NA,NA
"fleming","bridget","100","NY","federal:house","NY01","C","F",-0.84,-0.748,5514,"892366.76 USD",0.275,"L",NA,NA
"lipetri","mike","200","NY","federal:house","NY02","O","M",0.96,1.017,1197,"235568.04 USD",0.3573,"L",NA,NA
"raiser","steve","200","NY","federal:house","NY04","C","M",1.164,1.136,17,"37265 USD",NA,NA,NA,NA
"grosz","cindy","200","NY","federal:house","NY04","C","F",0.822,0.934,56,"15594.96 USD",0.2782,"L",NA,NA
"tuman","douglas","200","NY","federal:house","NY04","C","M",0.616,0.787,184,"136166.18 USD",0.7065,"W",39.21,"L"
"prince","paperboy","100","NY","federal:house","NY07","C","U",-1.176,NA,252,"7247.17 USD",0.1985,"L",NA,NA
"wyman","robert","100","NY","federal:house","NY10","C","M",-1.088,-1.004,4,"6572.9 USD",NA,NA,NA,NA
"gwinn","lovelynn","200","NY","federal:house","NY13","C","U",1.383,1.408,57,"41348.2 USD",1,"W",7.76,"L"
"newsome","chivona","100","NY","federal:house","NY15","O","F",-0.883,-0.883,245,"38594.45 USD",0.023,"L",NA,NA
"caruso cabrera","michelle","100","NY","federal:house","NY14","C","F",1.036,1.108,6522,"3552126.78 USD",0.1812,"L",NA,NA
"fink","chris","100","NY","federal:house","NY16","C","M",0.245,0.183,213,"254784 USD",0.0182,"L",NA,NA
"buchwald","david","100","NY","federal:house","NY17","O","M",-0.815,-0.823,1509,"1069648.18 USD",0.0847,"L",NA,NA
"fine","allison","100","NY","federal:house","NY17","O","F",-0.887,-0.913,987,"369865.9 USD",0.0202,"L",NA,NA
"parker","catherine","100","NY","federal:house","NY17","O","F",-0.662,-0.622,645,"131046.98 USD",0.0195,"L",NA,NA
"farkas","evelyn","100","NY","federal:house","NY17","O","F",-0.754,-0.899,4095,"1545466.76 USD",0.155,"L",NA,NA
"seney","michael","200","NY","federal:house","NY20","C","M",1.252,1.335,9,"41823.4 USD",NA,NA,NA,NA
"mcardle schulman","maureen","200","NY","federal:house","NY17","O","F",1.06,1.46,61,"54731.96 USD",0.7624,"W",35.24,"L"
"castle","jaime","100","OH","federal:house","OH02","C","U",-0.965,-0.919,1787,"292439.94 USD",1,"W",38.91,"L"
"carrigan","michael","100","OH","federal:house","OH05","C","M",-1.107,NA,52,"6279.71 USD",0.2252,"L",NA,NA
"tims","desiree","100","OH","federal:house","OH10","C","F",-0.997,-0.958,10712,"2069987.75 USD",0.7005,"W",41.64,"L"
"gore","laverne","200","OH","federal:house","OH11","C","F",1.315,1.266,132,"164412.46 USD",0.4731,"W",19.95,"L"
"santos","robert","200","OH","federal:house","OH13","C","M",1.65,1.73,14,"5450 USD",0.1143,"L",NA,NA
"newby","joel","100","OH","federal:house","OH15","C","M",-0.987,-0.991,500,"56016.96 USD",0.6565,"W",36.57,"L"
"landon","sheldon","200","OK","federal:house","OK05","C","M",1.296,NA,13,"11535.23 USD",0.0134,"L",NA,NA
"barresi","janet","200","OK","federal:house","OK05","C","F",1.397,1.16,936,"632956.65 USD",0.0999,"L",NA,NA
"bentz","cliff","200","OR","federal:house","OR02","O","M",1.059,0.945,2281,"1452634.25 USD",0.3135,"W",59.86,"W"
"crumpacker","jimmy","200","OR","federal:house","OR02","O","M",0.773,0.858,513,"998842.48 USD",0.1799,"L",NA,NA
"hecker","frank","200","OR","federal:house","OR03","C","M",1.698,1.733,7,"14000 USD",0.1233,"L",NA,NA
"harbour","joanna","200","OR","federal:house","OR03","C","F",1.579,1.289,57,"17681 USD",0.6279,"W",23.5,"L"
"barnette","kathy","200","PA","federal:house","PA04","C","F",1.423,1.515,19263,"1033900.56 USD",0.9998,"W",40.43,"L"
"jordan","robert","200","PA","federal:house","PA05","C","M",1.232,1.314,5,"25210.44 USD",0.3823,"L",NA,NA
"marsicano","michael","200","PA","federal:house","PA08","C","M",-0.126,0.043,58,"352257.8 USD",0.1293,"L",NA,NA
"cammisa","mike","200","PA","federal:house","PA08","C","M",0.507,0.781,14,"12066.7 USD",0.0239,"L",NA,NA
"hammond","sarah","100","PA","federal:house","PA11","C","F",-1.081,-1.051,347,"28733.44 USD",0.7233,"W",36.84,"L"
"daigle","paul","100","PA","federal:house","PA11","C","M",-1.145,-1.086,53,"12852.26 USD",0.2767,"L",NA,NA
"gnibus","kristy","100","PA","federal:house","PA16","C","F",-0.987,-0.987,3576,"593634.9 USD",0.9929,"W",40.62,"L"
"negron","luke","200","PA","federal:house","PA18","C","M",1.447,1.539,77,"64885.2 USD",0.9749,"W",30.69,"L"
"albors","juan","328","PR","federal:house","PR01","C","M",-1.216,-1.107,8,"80746.92 USD",NA,NA,NA,NA
"lancia","bob","200","RI","federal:house","RI02","C","M",0.968,1.372,284,"56749.2 USD",0.7345,"W",41.54,"L"
"welch","mark","100","SC","federal:house","SC03","C","M",-1.087,-1.083,18,"7713.94 USD",0.4265,"L",NA,NA
"brown","mauricus","100","SC","federal:house","SC05","C","M",-0.732,NA,2086,"487658.58 USD",0.6791,"W",39.86,"L"
"walsingham","blair","100","TN","federal:house","TN01","O","M",-1.03,-0.95,1440,"185084.45 USD",0.5274,"W",22.47,"L"
"clark","john","200","TN","federal:house","TN01","O","M",0.984,1.056,160,"949544.6 USD",0.0936,"L",NA,NA
"gapp","joshua","200","TN","federal:house","TN01","O","M",2.111,2.131,7,"1123643.6 USD",0.1419,"L",NA,NA
"harshbarger","diana","200","TN","federal:house","TN01","O","F",1.18,1.403,9952,"2128671.5 USD",0.1917,"W",74.71,"W"
"hawk","david","200","TN","federal:house","TN01","O","M",0.867,1.24,47,"55349.99 USD",0.05,"L",NA,NA
"bautista jones","justin","100","TN","federal:house","TN05","C","M",-1.152,NA,303,"27974.74 USD",NA,NA,NA,NA
"scheirman","elliott","328","TX","federal:house","TX02","C","M",0.877,NA,16,"15374.09 USD",0.001,"W",1.59,"L"
"olsen","travis","100","TX","federal:house","TX02","C","M",-0.701,-0.695,139,"44619.08 USD",0.2133,"L",NA,NA
"ross","jason","200","TX","federal:house","TX04","C","M",1.219,1.302,161,"105312.08 USD",0.2345,"L",NA,NA
"ransom","travis","200","TX","federal:house","TX04","C","M",1.07,NA,78,"56340 USD",0.1103,"L",NA,NA
"salter","carolyn","100","TX","federal:house","TX05","C","F",-0.779,-0.879,526,"318997.93 USD",1,"W",35.93,"L"
"hill","donald","200","TX","federal:house","TX05","C","M",1.609,NA,27,"46685.74 USD",0.1657,"L",NA,NA
"batch","brandon","200","TX","federal:house","TX11","O","M",1.421,1.549,161,"235492.6 USD",0.151,"L",NA,NA
"martinez","julian","200","TX","federal:house","TX09","C","M",1.402,1.418,9,"18160 USD",0.1727,"L",NA,NA
"osborn","kirk","200","TX","federal:house","TX08","C","M",1.77,1.874,25,"51233.39 USD",0.1619,"L",NA,NA
"faircloth","james","200","TX","federal:house","TX11","O","M",1.442,1.346,51,"130494.53 USD",0.0396,"L",NA,NA
"snider","vance","200","TX","federal:house","TX13","O","M",-0.412,-0.394,21,"45386.88 USD",0.0349,"L",NA,NA
"ekstrom","chris","200","TX","federal:house","TX13","O","M",1.442,1.534,182,"1320433.99 USD",0.1532,"L",NA,NA
"resendiz","asusena","200","TX","federal:house","TX13","O","F",0.565,NA,19,"68686 USD",0.0081,"L",NA,NA
"fisher","eddie","100","TX","federal:house","TX14","C","M",-1.535,-1.488,7,"3966.05 USD",0.1174,"L",NA,NA
"harvey","erwin","200","TX","federal:house","TX13","O","M",1.229,1.312,45,"131485.22 USD",0.0382,"L",NA,NA
"trout","blanca","200","TX","federal:house","TX16","C","F",1.63,NA,6,"6913.46 USD",0.1019,"L",NA,NA
"sutton","trent","200","TX","federal:house","TX17","O","M",1.495,1.593,44,"110964 USD",0.0533,"L",NA,NA
"jaramillo","david","100","TX","federal:house","TX17","O","M",-0.789,-0.785,31,"21246.05 USD",0.35,"L",NA,NA
"bland","scott","200","TX","federal:house","TX17","O","M",1.237,1.319,172,"181705.7 USD",0.072,"L",NA,NA
"kent","charles","200","TX","federal:house","TX17","O","M",1.94,2.046,16,"40360 USD",0.0345,"L",NA,NA
"swann","renee","200","TX","federal:house","TX17","O","F",1.356,1.456,353,"1082996 USD",0.1904,"L",NA,NA
"miller","diana","200","TX","federal:house","TX22","O","F",2.275,2.235,4,"20774.1 USD",0.0105,"L",NA,NA
"chevalier","keli","200","TX","federal:house","TX22","O","F",1.557,1.652,12,"25055.95 USD",NA,NA,NA,NA
"mathews","daniel","200","TX","federal:house","TX22","O","M",2.137,2,4,"17075 USD",0.0296,"L",NA,NA
"nehls","troy","200","TX","federal:house","TX22","O","M",1.343,1.347,3516,"1818077.11 USD",0.4045,"W",51.53,"W"
"camarillo","jonathan","200","TX","federal:house","TX22","O","M",1.931,2.026,10,"123036.07 USD",0.0098,"L",NA,NA
"mcfarlin","jeff","200","TX","federal:house","TX23","O","M",1.428,1.521,66,"93360.78 USD",0.1035,"L",NA,NA
"dela fuente","ricardo","100","TX","federal:house","TX27","C","M",0.249,0.07,16,"1262407.84 USD",0.6145,"W",34.94,"L"
"cleveland","shenita","100","TX","federal:house","TX30","C","F",-1.041,-0.788,144,"18564.04 USD",0.1364,"L",NA,NA
"grimes","michael","100","TX","federal:house","TX31","C","M",-0.547,-0.68,27,"18600 USD",0.1084,"L",NA,NA
"moutos","nick","200","TX","federal:house","TX35","C","M",1.644,1.745,8,"43288.75 USD",0.2859,"L",NA,NA
"hollis","jon","200","TX","federal:house","TX32","C","M",1.479,1.574,64,"163542.77 USD",0.0449,"L",NA,NA
"shepherd","mark","200","UT","federal:house","UT01","O","M",0.834,0.898,145,"58613.24 USD",NA,"L",NA,NA
"parry","darren","100","UT","federal:house","UT01","O","M",-0.762,-0.762,258,"44801.24 USD",0.5093,"W",30.43,"L"
"gibson","kerry","200","UT","federal:house","UT01","O","U",1.123,1.2,171,"260505.99 USD",0.2364,"L",NA,NA
"jarvis","joseph","328","UT","federal:house","UT02","C","M",0.1,0.122,22,"28589 USD",NA,NA,NA,NA
"jolin","ashley","100","UT","federal:house","UT02","C","F",-0.987,-0.992,44,"10396.42 USD",NA,NA,NA,NA
"owens","burgess","200","UT","federal:house","UT04","C","M",1.473,NA,29995,"5149325.14 USD",0.00435152922957801,"W",47.7,"W"
"beckstrand","daniel","100","UT","federal:house","UT04","C","M",-1.19,NA,36,"8363.61 USD",NA,"L",NA,NA
"loyola","benito","200","VA","federal:house","VA02","C","M",1.21,1.244,388,"256328.05 USD",0.2935,"L",NA,NA
"benjamin","leon","200","VA","federal:house","VA04","C","M",1.412,1.486,1401,"546613.56 USD",1,"W",38.23,"L"
"good","robert","200","VA","federal:house","VA05","C","M",1.446,1.541,2419,"1379028.99 USD",1,"W",52.44,"W"
"russo","claire","100","VA","federal:house","VA05","C","F",-0.816,NA,1636,"729948.46 USD",0.1819,"L",NA,NA
"freitas","nick","200","VA","federal:house","VA07","C","M",1.451,NA,7503,"3670266.03 USD",1,"W",49,"L"
"jordan","jeff","200","VA","federal:house","VA08","C","M",1.534,1.609,267,"103259.95 USD",1,"W",23.98,"L"
"andrews","aliscia","200","VA","federal:house","VA10","C","F",1.493,NA,5480,"1574329.92 USD",1,"W",43.37,"L"
"truong","matthew","200","VA","federal:house","VA10","C","M",1.553,1.57,128,"121406.09 USD",NA,"L",NA,NA
"parson","rebecca","100","WA","federal:house","WA06","C","F",-1.115,-1.103,4270,"313328.47 USD",0.1348,"L",NA,NA
"wilson","dave","100","WA","federal:house","WA05","C","M",-1.05,-0.633,290,"112782.51 USD",0.2427,"L",38.51,"L"
"strickland","marilyn","100","WA","federal:house","WA10","O","F",-0.799,-0.792,5782,"1834687.52 USD",0.2035,"W",49.33,"W"
"ingrim","rian","200","WA","federal:house","WA10","O","M",1.637,1.642,9,"9005 USD",0.1137,"L",NA,NA
"gardner","phil","100","WA","federal:house","WA10","O","M",-0.926,-0.926,631,"203814.27 USD",0.0234,"L",NA,NA
"lemay","eric","100","WA","federal:house","WA10","C","M",0.576,NA,10,"11903.5 USD",0.0136,"L",NA,NA
"maynard","jackson","200","WA","federal:house","WA10","O","M",1.034,1.268,114,"68702.77 USD",0.082,"L",NA,NA
"polack","roger","100","WI","federal:house","WI01","C","M",-0.99,-0.993,2880,"547347.46 USD",0.5808,"W",40.61,"L"
"garske","john","200","WI","federal:house","WI03","C","M",1.477,1.571,30,"121475.79 USD",NA,NA,NA,NA
"king","jessica","100","WI","federal:house","WI06","C","F",-1.139,-0.933,11485,"295057.07 USD",0.7589,"W",40.72,"L"
"opela","michael","200","WI","federal:house","WI07","C","M",1.312,NA,5,"6971 USD",NA,NA,NA,NA
"washburn","amy","100","WI","federal:house","WI06","C","F",-1.092,-1.097,456,"15484.06 USD",NA,NA,NA,NA
"zunker","tricia","100","WI","federal:house","WI07","C","F",-1.033,NA,3810,"1276509.66 USD",0.999,"W",39.21,"L"
"beach","carl","100","WY","federal:house","WY01","C","M",-1.109,NA,55,"8591.85 USD",0.1742,"L",NA,NA
"hahn","matthew","200","WV","federal:house","WV02","C","M",-1.415,-1.305,21,"17795 USD",0.2827,"L",NA,NA
"wallack","howard","200","UT","federal:house","UT01","O","M",0.383,0.557,149,"113442.39 USD",NA,"L",NA,NA
"davis","bruce","100","NC","federal:house","NC06","O","M",-0.128,-0.074,392,"55393.57 USD",0.1503,"L",NA,NA
"quinn","christine","200","FL","federal:house","FL14","C","F",1.378,1.489,95,"242249.39 USD",0.6449,"W",39.74,"L"
"mckinley","douglas","100","WA","federal:house","WA04","C","M",-1.103,-0.882,293,"61816.45 USD",0.2625,"L",33.63,"L"
"cunningham","william","100","NJ","federal:house","NJ02","C","M",-0.944,NA,1387,"184857.96 USD",0.1279,"L",NA,NA
"montoya","harry","200","NM","federal:house","NM03","O","M",-0.358,0.194,582,"22620.08 USD",0.3542,"L",NA,NA
"blankenship","don","328","00","federal:president","PRES","C","M",1.172,1.114,7,"83880.2 USD",NA,NA,NA,NA
"theron","daniel","200","WI","federal:house","WI02","C","M",1.594,1.383,128,"47898.2 USD",0.9973,"W",30.25,"L"
"bloomberg","michael","100","00","federal:president","PRES","C","M",-0.873,-0.472,128,"1124592944.73 USD",NA,NA,NA,NA
"matern","matthew","200","00","federal:president","PRES","C","M",-0.994,-0.944,34,"1027067.96 USD",NA,NA,NA,NA
"tanniru","joseph","328","00","federal:president","PRES","C","M",-0.995,NA,21,"25816.42 USD",NA,NA,NA,NA
"gray","jim","328","00","federal:president","PRES","C","M",1.198,NA,3,"6146 USD",NA,NA,NA,NA
"whitfield","daniel","328","AR","federal:senate","ARS20","C","M",-0.989,-1.102,390,"71805.93 USD",NA,NA,NA,NA
"johnson shealey","tamara","100","GA","federal:senate","GAS20","C","F",-1.295,-1.325,122,"60708.99 USD",NA,NA,NA,NA
"demartino","james","200","DE","federal:senate","DES20","C","M",1.572,1.602,127,"55943.47 USD",0.4311,"L",NA,NA
"scarane","jessica","100","DE","federal:senate","DES20","C","F",-1.142,-0.99,4138,"384242.82 USD",0.2715,"L",NA,NA
"loeffler","kelly","200","GA","federal:senate","GAS20","I","F",1.56,1.352,418037,"92213280.74 USD",NA,NA,NA,NA
"johnson","arthur","200","GA","federal:senate","GAS20","C","M",1.549,1.439,137,"152275 USD",NA,NA,NA,NA
"winfield","richard","100","GA","federal:senate","GAS20","C","M",-1.074,-1.061,531,"61019.99 USD",NA,NA,NA,NA
"collins","douglas","200","GA","federal:senate","GAS20","C","M",1.322,1.393,13162,"7331207.13 USD",NA,NA,NA,NA
"tarver","edward","100","GA","federal:senate","GAS20","C","M",-0.815,-0.47,988,"285832.19 USD",NA,NA,NA,NA
"grayson","derrick","200","GA","federal:senate","GAS20","C","M",1.475,1.567,32,"18060.84 USD",NA,NA,NA,NA
"stovall","valencia","328","GA","federal:senate","GAS20","C","F",0.691,0.151,14,"23107.37 USD",NA,NA,NA,NA
"jordan","paulette","100","ID","federal:senate","IDS20","C","F",-1.056,NA,7093,"1124856.87 USD",0.857,"W",33.25,"L"
"matlock","brian","200","KS","federal:senate","KSS20","O","M",0.411,0.256,14,"21738.08 USD",0.017,"L",NA,NA
"malouf","daniel","328","IL","federal:senate","ILS20","C","M",1.157,1.245,9,"25071.98 USD",0.001,"W",1.27,"L"
"booker","charles","100","KY","federal:senate","KYS20","C","M",-1.086,-1.067,139853,"0 USD",0.4262,"L",NA,NA
"pierce","antoine","100","LA","federal:senate","LAS20","C","M",-1.023,-0.571,1012,"100626.6 USD",NA,"L",2.69,"L"
"oconnor","kevin","200","MA","federal:senate","MAS20","C","M",0.894,NA,1849,"947013.91 USD",0.5971,"W",33.04,"L"
"neumann","cora","100","MT","federal:senate","MTS20","C","F",-0.96,-0.942,7052,"644229.48 USD",NA,NA,NA,NA
"shelton","alisha","100","NE","federal:senate","NES20","C","F",-0.993,-1.03,2597,"54275.36 USD",0.2275,"L",NA,NA
"hamm","lawrence","100","NJ","federal:senate","NJS20","C","M",-1.082,-1.068,683,"100795.97 USD",0.1241,"L",NA,NA
"sanchez","louie","200","NM","federal:senate","NMS20","O","M",1.368,1.461,81,"162470.6 USD",NA,NA,NA,NA
"broyles","abby","100","OK","federal:senate","OKS20","C","F",-0.832,-0.799,11007,"2089401.41 USD",0.6045,"W",32.75,"L"
"ahlers","dan","100","SD","federal:senate","SDS20","C","M",-0.994,-0.897,1158,"273832.8 USD",1,"W",34.26,"L"
"waters","allen","200","RI","federal:senate","RIS20","C","M",1.258,1.323,286,"29725.75 USD",1,"W",33.35,"L"
"bush","byron","200","TN","federal:senate","TNS20","O","M",2.102,2.134,12,"441099.06 USD",0.0083,"L",NA,NA
"presley","johnny","200","TN","federal:senate","TNS20","O","M",1.494,1.272,12,"40465 USD",NA,NA,NA,NA
"kimbrough","robin","100","TN","federal:senate","TNS20","O","F",-1.011,-0.897,238,"28868.57 USD",0.3941,"L",NA,NA
"pickrell","mark","100","TN","federal:senate","TNS20","O","M",-1.427,-1.339,4,"43677.09 USD",0.5075,"W",62.2,"W"
"osborne","john","200","TN","federal:senate","TNS20","O","M",1.338,1.262,90,"101489.05 USD",0.0029,"L",NA,NA
"bell","robert","100","TX","federal:senate","TXS20","C","M",-0.532,-0.519,683,"399244.98 USD",0.0855,"L",NA,NA
"dunn","blaine","200","VA","federal:senate","VAS20","C","M",1.967,1.922,7,"21400.01 USD",NA,NA,NA,NA
"garcia","anne","100","TX","federal:senate","TXS20","C","F",-1.183,-1.129,41,"82008.43 USD",0.1027,"L",NA,NA
"short","robert","200","WY","federal:senate","WYS20","O","M",1.455,1.551,60,"374858.71 USD",0.1266,"L",NA,NA
"perkins","jo","200","OR","federal:senate","ORS20","C","F",1.505,1.576,1218,"285847.2 USD",0.4922,"W",39.32,"L"
"buckley","allen","328","GA","federal:senate","GAS20","C","M",1.062,1.182,53,"23597.62 USD",NA,NA,NA,NA
"underwood","erik","100","CO","federal:senate","COS20","C","M",2.231,2.255,6,"22488.06 USD",NA,NA,NA,NA
"trauner","gary","100","WY","federal:senate","WYS18","C","M",-1.014,NA,1453,"0 USD",NA,NA,NA,NA
"jenkins","evan","200","WV","federal:senate","WVS18","C","M",1.281,0.997,3790,"650 USD",NA,NA,NA,NA
"vukmir","leah","200","WI","federal:senate","WIS18","C","F",NA,1.409,6823,"2907.61 USD",NA,NA,NA,NA
"waters","matt","328","VA","federal:senate","VAS18","C","M",1.648,1.565,43,"11978.63 USD",NA,NA,NA,NA
"stewart","corey","200","VA","federal:senate","VAS18","C","M",1.731,1.593,3115,"22753.05 USD",NA,NA,NA,NA
"singer","james","100","UT","federal:senate","UTS18","O","M",-1.033,NA,163,"0 USD",NA,NA,NA,NA
"dikeman","neal","328","TX","federal:senate","TXS18","C","M",0.389,1.079,31,"457.3 USD",NA,NA,NA,NA
"bredesen","philip","100","TN","federal:senate","TNS18","O","M",-1.286,-0.735,35163,"658.63 USD",NA,NA,NA,NA
"barletta","lou","200","PA","federal:senate","PAS18","C","M",1.011,0.771,9693,"26858.53 USD",NA,NA,NA,NA
"renacci","james","200","OH","federal:senate","OHS18","C","M",1.278,1.241,6573,"18800.21 USD",NA,NA,NA,NA
"rich","mick","200","NM","federal:senate","NMS20","C","M",1.246,1.298,477,"265940.67 USD",NA,NA,NA,NA
"hugin","robert","200","NJ","federal:senate","NJS18","C","M",0.94,0.952,1709,"180106.92 USD",NA,NA,NA,NA
"raybould","jane","100","NE","federal:senate","NES18","C","F",-1.039,-0.838,4826,"7165.63 USD",NA,NA,NA,NA
"downing","troy","200","MT","federal:senate","MTS18","C","M",NA,1.419,9069,"0 USD",NA,NA,NA,NA
"espy","michael","100","MS","federal:senate","MSS20","C","M",-0.949,-0.527,158249,"12320919.34 USD",0.9312,"W",44.13,"L"
"trooien","jerry","328","MN","federal:senate","MNS18","C","M",0.766,0.833,6,"6357.9 USD",NA,NA,NA,NA
"ellison","brian","328","MI","federal:senate","MIS18","C","M",NA,1.317,15,"0 USD",NA,NA,NA,NA
"ringelstein","zackary","100","ME","federal:senate","MES18","C","M",-1.116,-1.098,429,"713.73 USD",NA,NA,NA,NA
"manning","chelsea","100","MD","federal:senate","MDS18","C","F",NA,-0.901,865,"60 USD",NA,NA,NA,NA
"takami","andrew","200","IN","federal:senate","INS18","C","M",1.594,1.448,82,"743.75 USD",NA,NA,NA,NA
"truono","eugene","200","DE","federal:senate","DES18","C","M",1.181,1.12,87,"12379 USD",NA,NA,NA,NA
"corey","matthew","200","CT","federal:senate","CTS18","C","M",1.462,1.267,833,"600 USD",NA,NA,NA,NA
"cruz","erin","200","CA","federal:senate","CAS18","C","F",1.514,1.302,46,"1240.39 USD",NA,NA,NA,NA
"deleon","kevin","100","CA","federal:senate","CAS18","C","M",-0.894,NA,5920,"7676.63 USD",NA,NA,NA,NA
"sinema","kyrsten","100","AZ","federal:senate","AZS24","C","F",-0.611,-0.752,73123,"3625299.95 USD",NA,NA,NA,NA
"hatch","orrin","200","UT","federal:senate","UTS18","C","M",NA,1.207,16147,"1190 USD",NA,NA,NA,NA
"harris","kamala","100","CA","federal:senate","CAS22","I","F",-1.033,-0.878,391398,"521161.53 USD",NA,NA,NA,NA
"sessions","jefferson","200","AL","federal:senate","ALS20","C","M",1.309,1.362,12643,"2363736.53 USD",0.3164,"L",NA,NA
"leahy","patrick","100","VT","federal:senate","VTS22","I","M",-0.807,-0.483,29484,"418415.39 USD",NA,NA,NA,NA
"scott","timothy","200","SC","federal:senate","SCS22","I","M",1.386,1.101,264750,"9283406.87 USD",NA,NA,NA,NA
"mcdaniel","christopher","200","MS","federal:senate","MSS18","O","M",1.747,1.417,2617,"1165.96 USD",NA,NA,NA,NA
"schatz","brian","100","HI","federal:senate","HIS22","I","M",-0.621,-0.651,13502,"1188435.33 USD",NA,NA,NA,NA
"heller","dean","200","NV","federal:senate","NVS18","C","M",NA,1.282,10999,"271371.29 USD",NA,NA,NA,NA
"king","angus","100","ME","federal:senate","MES24","C","M",-0.371,-0.524,9478,"330324.36 USD",NA,NA,NA,NA
"lee","mike","200","UT","federal:senate","UTS22","I","M",1.28,1.121,95982,"1140180.24 USD",NA,NA,NA,NA
"hoeven","john","200","ND","federal:senate","NDS22","I","M",1.066,1.26,7188,"745918.47 USD",NA,NA,NA,NA
"leitzel","dustin","100","CO","federal:senate","COS20","C","M",-0.899,-0.97,80,"0 USD",NA,NA,NA,NA
"castro","julian","100","00","federal:president","PRES","C","M",-1.04,NA,144051,"10693815.1 USD",NA,NA,NA,NA
"nwadike","kenneth","100","00","federal:president","PRES","C","M",-1.125,NA,12,"0 USD",NA,NA,NA,NA
"stanley","blake","200","WY","federal:house","WY01","C","M",NA,1.892,9,"5064.38 USD",0.2612,"L",NA,NA
"ojeda","richard","100","WV","federal:house","WV03","O","M",-1.026,-0.946,9805,"15865.49 USD",NA,NA,NA,NA
"scheinberg","aaron","100","WV","federal:house","WV02","C","M",NA,-0.821,708,"4000 USD",NA,NA,NA,NA
"liegeois","beau","100","WI","federal:house","WI08","C","M",-1.008,-0.971,940,"4944.65 USD",NA,NA,NA,NA
"kohl","dan","100","WI","federal:house","WI06","C","M",-0.913,NA,2845,"2106.6 USD",NA,NA,NA,NA
"polce","nick","200","WI","federal:house","WI01","O","M",2.172,2.02,95,"11286 USD",NA,NA,NA,NA
"bryce","randy","100","WI","federal:house","WI01","O","M",-1.062,-1.029,74949,"82797.5 USD",NA,NA,NA,NA
"slotnick","nancy","328","WA","federal:house","WA10","C","F",1.44,1.643,28,"56599 USD",0.0673,"L",NA,NA
"hader","shannon","100","WA","federal:house","WA08","O","F",NA,-0.979,1185,"3073.18 USD",NA,NA,NA,NA
"brown","christine","100","WA","federal:house","WA04","C","F",-1.222,-0.97,594,"12.7 USD",NA,NA,NA,NA
"beeler","jeffrey","200","WA","federal:house","WA01","C","M",1.429,1.379,73,"61969.54 USD",0.3213,"L",41.33,"L"
"dove","jeffery","200","VA","federal:house","VA10","C","M",1.543,1.569,903,"529296.19 USD",NA,"L",NA,NA
"flaccavento","anthony","100","VA","federal:house","VA09","C","M",-1.137,-0.995,1518,"0 USD",NA,NA,NA,NA
"spanberger","abigail","100","VA","federal:house","VA07","I","F",-0.95,-0.92,40060,"8494947.77 USD",1,"W",50.82,"W"
"lewis","jennifer","100","VA","federal:house","VA06","O","F",-1.07,-1.061,1871,"0 USD",NA,NA,NA,NA
"cockburn","leslie","100","VA","federal:house","VA05","O","F",-1.014,-0.918,4478,"60649.38 USD",NA,NA,NA,NA
"mcadams","ryan","200","VA","federal:house","VA04","C","M",1.355,1.488,189,"1500 USD",NA,NA,NA,NA
"ghorbani","shireen","100","UT","federal:house","UT02","C","F",-1.056,-0.93,1485,"0 USD",NA,NA,NA,NA
"steele","dayna","100","TX","federal:house","TX36","C","F",-1.019,-0.978,1707,"0 USD",NA,NA,NA,NA
"billups","willie","200","TX","federal:house","TX33","C","M",1.877,1.726,41,"3300 USD",NA,NA,NA,NA
"mann","christine","100","TX","federal:house","TX31","C","F",-1.068,-1.09,1997,"387965.58 USD",0.347,"L",NA,NA
"holguin","eric","100","TX","state:lower","TX27","C","M",-1.082,-0.953,15244,"0 USD",NA,NA,NA,NA
"oliver","julie","100","TX","federal:house","TX25","C","F",-1.013,-1.044,11379,"2228218.18 USD",0.6961,"W",42.11,"L"
"canales","judith","100","TX","federal:house","TX23","C","F",-0.894,-0.825,107,"0 USD",NA,NA,NA,NA
"jones","gina","100","TX","federal:house","TX23","C","F",-0.939,-0.939,19825,"6918062.11 USD",0.6641,"W",46.6,"L"
"nguyen","danny","200","TX","federal:house","TX22","C","M",NA,-0.547,40,"800 USD",NA,NA,NA,NA
"krause","ryan","200","TX","federal:house","TX21","O","M",1.372,1.572,36,"51590.11 USD",NA,NA,NA,NA
"negley","william","200","TX","federal:house","TX21","O","M",1.24,1.16,159,"2300 USD",NA,NA,NA,NA
"levario","miguel","100","TX","federal:house","TX19","C","M",-0.917,-0.899,260,"0 USD",NA,NA,NA,NA
"kennedy","richard","100","TX","federal:house","TX17","C","M",-0.994,-1.001,1067,"216825.56 USD",0.4793,"W",40.92,"L"
"bell","adrienne","100","TX","federal:house","TX14","C","F",-1.028,-1.024,2148,"248995.11 USD",0.6183,"W",38.36,"L"
"leeder","virginia","100","TX","federal:house","TX21","C","F",-1.039,NA,326,"55341.13 USD",0.1375,"L",NA,NA
"rogers","lakesha","328","TX","federal:house","TX09","C","F",NA,-0.416,63,"485.18 USD",NA,NA,NA,NA
"david","steven","100","TX","federal:house","TX08","C","M",-1.16,NA,162,"0 USD",NA,NA,NA,NA
"sanchez","jana","100","TX","federal:house","TX06","O","F",-1.119,-0.967,2045,"0 USD",NA,NA,NA,NA
"krantz","catherine","100","TX","federal:house","TX04","C","F",-1.107,-1.09,118,"0 USD",NA,NA,NA,NA
"litton","todd","100","TX","federal:house","TX02","O","M",-0.917,-0.834,1858,"3548.51 USD",NA,NA,NA,NA
"boatner","john","100","TN","federal:house","TN08","C","M",-1.055,-0.923,141,"0 USD",NA,NA,NA,NA
"barlow","dawn","100","TN","federal:house","TN06","O","F",-0.924,-0.794,65,"0 USD",NA,NA,NA,NA
"phillips","mariah","100","TN","state:lower","TN04","C","F",-1.001,-0.935,1755,"112.94 USD",NA,NA,NA,NA
"emert","jason","200","TN","federal:house","TN02","O","M",1.372,1.314,228,"4934.1 USD",NA,NA,NA,NA
"duncan","john","200","TN","federal:house","TN02","I","M",NA,1.177,3179,"27993.17 USD",NA,NA,NA,NA
"hendrickson","george","328","SD","federal:house","SD01","O","M",1.469,1.513,6,"0 USD",NA,NA,NA,NA
"williams","robert","100","SC","federal:house","SC07","C","M",0.149,-0.373,32,"0 USD",0.413,"L",NA,NA
"gressmann","gerhard","200","SC","federal:house","SC06","C","M",2.024,1.928,7,"0 USD",NA,NA,NA,NA
"connelly","chad","200","SC","federal:house","SC05","O","M",NA,NA,194,"0 USD",NA,NA,NA,NA
"brown","brandon","100","SC","federal:house","SC04","O","M",-0.995,-0.585,192,"0 USD",NA,NA,NA,NA
"carrigan","sean","100","SC","federal:house","SC02","C","M",-1.039,-0.978,546,"0 USD",NA,NA,NA,NA
"lamb","conor","100","PA","federal:house","PA17","I","M",-0.811,-0.868,85022,"4116059.9 USD",0.985,"W",51.1,"W"
"nothstein","marty","200","PA","federal:house","PA07","O","M",NA,1.254,530,"0 USD",NA,NA,NA,NA
"boerio","bibiana","100","PA","federal:house","PA14","C","F",-1.08,-0.905,419,"85.8 USD",NA,NA,NA,NA
"wolff","denny","100","PA","federal:house","PA09","O","M",-1.012,-0.653,513,"0 USD",NA,NA,NA,NA
"quick","laura","100","PA","federal:house","PA09","O","F",-1.207,-1.069,116,"6505.88 USD",0.4889,"L",NA,NA
"eichelberger","john","200","PA","federal:house","PA13","C","M",1.13,1.038,772,"49122.3 USD",NA,NA,NA,NA
"houlahan","chrissy","100","PA","federal:house","PA06","I","F",-0.882,-0.882,12365,"3577000.89 USD",0.9957,"W",55.99,"W"
"kim","pearl","200","PA","federal:house","PA05","C","F",0.696,0.601,243,"0 USD",NA,NA,NA,NA
"dean","madeleine","100","PA","federal:house","PA04","I","F",-0.798,-0.812,5944,"1577146.54 USD",0.9999,"W",59.47,"W"
"scott","george","100","PA","federal:house","PA10","C","M",-1.031,-0.935,4560,"5333.43 USD",NA,NA,NA,NA
"gilpin","tim","100","OK","federal:house","OK01","O","M",-1.012,-0.59,444,"1340 USD",NA,NA,NA,NA
"hagan","christina","200","OH","federal:house","OH13","O","F",1.466,1.401,1610,"871622.95 USD",0.6577,"W",44.94,"L"
"neal","rick","100","OH","federal:house","OH15","C","M",-0.97,-0.833,2123,"1130 USD",NA,NA,NA,NA
"lyras","louis","328","OH","federal:house","OH13","C","M",-0.496,-0.532,79,"122915.31 USD",0.1185,"L",NA,NA
"kane","tim","200","OH","federal:house","OH12","O","M",1.054,0.974,161,"1500 USD",NA,NA,NA,NA
"gasper","theresa","100","OH","federal:house","OH10","C","F",-1.002,-0.897,2006,"7060.76 USD",NA,NA,NA,NA
"enoch","vanessa","100","OH","federal:house","OH08","C","F",-1.029,-0.928,683,"56011.36 USD",0.7949,"W",31.01,"L"
"harbaugh","kenneth","100","OH","federal:house","OH07","C","M",-0.909,-0.874,4481,"1639.98 USD",NA,NA,NA,NA
"schiller","jill","100","OH","federal:house","OH02","C","F",-0.911,-0.889,1041,"1429.15 USD",NA,NA,NA,NA
"mcmurray","nathan","100","NY","federal:house","NY27","O","M",-0.961,-0.983,6638,"1146889 USD",1,"W",35.66,"L"
"wilt","robin","100","NY","federal:house","NY25","O","F",-1.123,-1.049,535,"162165.29 USD",0.3184,"L",NA,NA
"mitrano","tracy","100","NY","federal:house","NY23","C","F",-1.075,-1.041,6393,"1548077.87 USD",1,"W",36.98,"L"
"ryan","patrick","100","NY","federal:house","NY19","C","M",NA,-0.832,19707,"11390.58 USD",NA,NA,NA,NA
"rhodes","gareth","100","NY","federal:house","NY19","C","M",-0.937,-0.892,2169,"0 USD",NA,NA,NA,NA
"ocasio cortez","alexandria","100","NY","federal:house","NY14","I","F",-1.173,-1.172,519006,"21166404.22 USD",0.7443,"W",71.57,"W"
"rabin","eliot","200","NY","federal:house","NY12","C","M",0.674,0.605,13,"64.91 USD",NA,NA,NA,NA
"patel","suraj","100","NY","federal:house","NY12","C","M",-0.431,-0.49,3364,"1261620.55 USD",0.3928,"L",NA,NA
"levin","naomi","200","NY","federal:house","NY10","C","F",1.219,1.082,54,"2885.49 USD",NA,NA,NA,NA
"grechen shirley","liubov","100","NY","federal:house","NY02","C","U",-1.018,-0.88,6173,"1523.09 USD",NA,NA,NA,NA
"gershon","perry","100","NY","federal:house","NY01","C","M",-0.816,-0.734,4370,"1784959.8 USD",0.3469,"L",NA,NA
"vilela","amy","100","NV","federal:house","NV04","O","F",-1.14,-1.118,6755,"4612.4 USD",NA,NA,NA,NA
"koble","clint","100","NV","federal:house","NV02","C","M",-1.033,-1.018,630,"142419.53 USD",0.228,"L",NA,NA
"pringle","david","100","NJ","federal:house","NJ07","C","M",NA,NA,157,"0 USD",NA,NA,NA,NA
"mccann","john","200","NJ","federal:house","NJ05","C","M",1.139,0.981,341,"227678.37 USD",0.3244,"L",NA,NA
"grossman","seth","200","NJ","federal:house","NJ02","O","M",1.548,NA,269,"10129.65 USD",NA,NA,NA,NA
"blankenbeker","lynne","200","NH","federal:house","NH02","C","F",1.388,1.494,178,"134454.03 USD",0.3849,"L",NA,NA
"messmer","mindi","100","NH","federal:house","NH01","O","F",-1.08,-1.044,617,"4615.38 USD",NA,NA,NA,NA
"theobald","paul","100","NE","federal:house","NE03","C","M",-1.078,-0.94,173,"0 USD",NA,NA,NA,NA
"schneider","mac","100","ND","federal:house","ND01","O","M",-1.036,NA,1219,"0 USD",NA,NA,NA,NA
"woodsmall","steve","100","NC","federal:house","NC11","C","M",-1.04,-0.979,760,"71476.53 USD",0.0754,"L",NA,NA
"collias","gina","200","NC","federal:house","NC11","C","F",-1.15,-1.052,271,"59903.66 USD",0.2268,"L",NA,NA
"tiegel","marc","100","NC","federal:house","NC08","C","M",-1.093,NA,78,"2650 USD",NA,NA,NA,NA
"mcneill","frank","100","NC","federal:house","NC08","C","M",-0.874,-0.653,900,"0 USD",NA,NA,NA,NA
"watts","ryan","100","NC","federal:house","NC06","C","M",-1.121,-1.128,359,"165.25 USD",NA,NA,NA,NA
"dacey","scott","200","NC","federal:house","NC03","C","M",1.31,1.032,341,"7700 USD",NA,NA,NA,NA
"coleman","linda","100","NC","federal:house","NC02","C","F",-1.065,-0.891,7803,"1278.53 USD",NA,NA,NA,NA
"gianforte","greg","200","MT","federal:house","MT01","I","M",0.969,1.347,10746,"380484.74 USD",NA,NA,NA,NA
"wadkins","randy","100","MS","federal:house","MS01","C","M",-1.214,-0.989,1150,"0 USD",NA,NA,NA,NA
"schoolcraft","jamie","100","MO","federal:house","MO07","C","F",-1.007,NA,218,"539.58 USD",NA,NA,NA,NA
"hoagenson","suzanne","100","MO","federal:house","MO04","C","F",-1.058,-0.991,1703,"41.23 USD",NA,NA,NA,NA
"radinovich","joseph","100","MN","federal:house","MN08","O","M",-1.006,NA,4346,"986.9 USD",NA,NA,NA,NA
"paulsen","erik","200","MN","federal:house","MN03","I","M",1.351,NA,8106,"4306.37 USD",NA,NA,NA,NA
"feehan","daniel","100","MN","federal:house","MN01","O","M",-0.903,-0.935,13545,"4883182.35 USD",1,"W",45.52,"L"
"wild","william","100","MI","federal:house","MI13","O","M",0.869,NA,368,"67974.91 USD",NA,NA,NA,NA
"greimel","tim","100","MI","federal:house","MI11","O","M",-0.508,-0.723,1846,"412 USD",NA,NA,NA,NA
"saad","fayrouz","100","MI","federal:house","MI11","O","U",-1.169,-0.919,1299,"225 USD",NA,NA,NA,NA
"bizon","kimberly","100","MI","federal:house","MI10","C","F",-1.074,-1.081,398,"41438.35 USD",0.5373,"W",33.72,"L"
"davidson","robert","100","MI","federal:house","MI02","C","M",-1.059,-1.006,2707,"5477.47 USD",NA,NA,NA,NA
"st clair","lucas","100","ME","federal:house","ME02","C","M",-0.772,-0.76,1324,"41810.41 USD",NA,NA,NA,NA
"miller","aruna","100","MD","federal:house","MD06","O","F",NA,-0.75,3228,"68 USD",NA,NA,NA,NA
"galbraith","allison","100","MD","federal:house","MD01","C","F",-1.038,-0.918,1129,"41482.7 USD",0.3719,"L",NA,NA
"tedeschi","peter","200","MA","federal:house","MA09","C","M",0.784,0.704,469,"222.8 USD",NA,NA,NA,NA
"pressley","ayanna","100","MA","federal:house","MA07","I","F",-1.095,-0.776,30730,"2190613.26 USD",0.9863,"W",86.62,"W"
"schneider","joseph","200","MA","federal:house","MA06","C","M",-0.784,0.981,146,"150.6 USD",NA,NA,NA,NA
"gifford","rufus","100","MA","federal:house","MA03","O","M",-0.874,NA,2059,"0 USD",NA,NA,NA,NA
"trahan","lori","100","MA","federal:house","MA03","I","F",-0.633,-0.514,4598,"1716428.08 USD",0.9924,"W",97.74,"W"
"lovvorn","tracy","200","MA","federal:house","MA02","C","F",1.488,1.583,35,"26310.78 USD",0.991,"W",34.57,"L"
"dewitt","justin","100","LA","federal:house","LA06","C","M",-0.918,-0.465,172,"0 USD",NA,NA,NA,NA
"trundle","ryan","100","LA","federal:house","LA04","C","M",-0.978,NA,330,"18008.38 USD",NA,"L",7.77,"L"
"anderson","robert","100","LA","federal:house","LA03","C","M",-1.092,-0.682,6281,"63616.76 USD",NA,"L",11.59,"L"
"francis","jim","100","LA","federal:house","LA01","C","M",-0.967,-0.918,113,"0 USD",NA,NA,NA,NA
"gray","james","100","KY","federal:house","KY06","C","M",NA,-0.38,1553,"2234.71 USD",NA,NA,NA,NA
"hall","seth","100","KY","federal:house","KY04","C","M",-1.145,-0.996,51,"10120 USD",NA,NA,NA,NA
"linderman","hank","100","KY","federal:house","KY02","C","M",-0.926,-0.9,482,"93387.97 USD",1,"W",26.26,"L"
"thompson","james","100","KS","federal:house","KS04","C","M",-1.038,-0.964,16845,"218 USD",NA,NA,NA,NA
"niermann","tom","100","KS","federal:house","KS03","C","M",-0.992,-0.908,1183,"6267.08 USD",NA,NA,NA,NA
"jones","kevin","200","KS","federal:house","KS02","O","M",NA,1.595,262,"0 USD",NA,NA,NA,NA
"watson","liz","100","IN","federal:house","IN09","C","F",-1.054,-0.977,6163,"0 USD",NA,NA,NA,NA
"lake","jeannine","100","IN","federal:house","IN06","O","F",-1.063,-1.062,2704,"150670.82 USD",0.7032,"W",27.76,"L"
"mackey","joseph","100","IN","federal:house","IN04","O","M",-1.03,-0.916,238,"45152.53 USD",0.5394,"W",33.38,"L"
"tritch","courtney","100","IN","federal:house","IN03","C","F",-0.998,-0.9,1670,"0 USD",NA,NA,NA,NA
"hall","mel","100","IN","federal:house","IN02","C","M",-1.026,NA,1072,"40129.43 USD",NA,NA,NA,NA
"dady","sara","100","IL","federal:house","IL16","C","F",-1.183,-0.971,662,"2080 USD",NA,NA,NA,NA
"londrigan","betsy","100","IL","federal:house","IL13","C","F",-0.91,-0.897,11229,"5358994.51 USD",0.7646,"W",45.54,"L"
"bennett","douglas","200","IL","federal:house","IL10","C","M",1.419,1.295,111,"4598.21 USD",NA,NA,NA,NA
"mazeski","kelly","100","IL","federal:house","IL06","C","F",-0.958,-0.901,1724,"200 USD",NA,NA,NA,NA
"mcneil","ana","100","ID","federal:house","ID01","O","F",-1.122,-1.049,52,"34.16 USD",NA,NA,NA,NA
"mauro","eddie","100","IA","federal:house","IA03","C","M",-0.877,-0.875,2438,"24287.3 USD",NA,NA,NA,NA
"axne","cindy","100","IA","federal:house","IA03","I","F",-0.958,-0.937,19388,"6294903.05 USD",0.9919,"W",48.94,"W"
"chin","doug","100","HI","federal:house","HI01","O","M",NA,-0.513,631,"1794.26 USD",NA,NA,NA,NA
"johnson","francys","100","GA","federal:house","GA12","C","F",-1.082,-0.967,456,"0 USD",NA,NA,41.6192893237321,"L"
"johnson green","tabitha","100","GA","federal:house","GA10","C","F",-1.153,-1.126,532,"15057.96 USD",0.6574,"W",37.69,"L"
"griffin","steven","100","GA","federal:house","GA06","C","M",-1.479,-1.549,14,"377.16 USD",NA,NA,NA,NA
"ossoff","t jonathan","100","GA","federal:house","GA06","O","M",-1.086,-1.06,1464349,"343746.08 USD",NA,NA,NA,NA
"oliver","melvin","100","GA","federal:house","GA03","C","M",-1.117,-1.054,99,"0 USD",NA,NA,NA,NA
"ferrer","gabriel","200","FL","federal:house","FL27","O","M",2.323,2.376,5,"329 USD",NA,NA,NA,NA
"richardson","david","100","FL","federal:house","FL27","O","M",-1.109,-0.726,12135,"792.45 USD",NA,NA,NA,NA
"barreiro","bruno","200","FL","state:lower","FL27","C","M",1.238,0.957,2123,"1537.29 USD",NA,NA,NA,NA
"fandl","jeff","100","FL","federal:house","FL22","C","M",-1.358,NA,4,"552.36 USD",NA,NA,NA,NA
"cherfilus mccormick","sheila","100","FL","federal:house","FL20","C","F",-0.466,-0.386,1001,"69835.47 USD",0.3072,"L",NA,NA
"shapiro","m david","100","FL","federal:house","FL16","C","M",-0.933,0.869,2643,"324 USD",NA,NA,NA,NA
"hunter","christopher","100","FL","federal:house","FL12","C","M",-0.863,-0.892,1174,"612.14 USD",NA,NA,NA,NA
"francois","vennia","200","FL","federal:house","FL10","C","U",1.385,1.336,423,"335843.07 USD",0.6514,"W",36.37,"L"
"richardson","chardo","100","FL","federal:house","FL07","C","U",-1.241,-1.145,231,"76.11 USD",NA,NA,NA,NA
"soderberg","nancy","100","FL","federal:house","FL06","O","F",-1.011,-0.722,4213,"700 USD",NA,NA,NA,NA
"selmont","george","100","FL","federal:house","FL04","C","M",-1.018,-0.993,170,"325 USD",NA,NA,NA,NA
"hinson","yvonne","100","FL","state:lower","FL03","O","F",-1.124,-0.872,635,"0 USD",NA,NA,NA,NA
"rackleff","robert","100","FL","federal:house","FL02","C","M",-0.889,-0.806,425,"0 USD",NA,NA,NA,NA
"murphy","lee","200","DE","federal:house","DE01","C","M",1.336,1.162,1022,"131393.78 USD",0.7381,"W",40.22,"L"
"santos","manny","200","CT","federal:house","CT05","O","M",1.388,1.145,54,"260.13 USD",NA,NA,NA,NA
"crow","jason","100","CO","federal:house","CO06","I","M",-0.963,NA,23269,"4216908.97 USD",1,"W",57.09,"W"
"spaulding","stephany","100","CO","federal:house","CO05","C","F",-1.077,-1.037,1623,"0 USD",NA,NA,NA,NA
"kohne","steven","100","CO","federal:house","CO04","C","M",NA,-1.185,90,"37500 USD",NA,NA,NA,NA
"barris","roger","328","CO","federal:house","CO02","O","M",1.823,1.766,2,"8196.66 USD",NA,NA,NA,NA
"hunter","duncan","200","CA","federal:house","CA50","I","M",1.42,1.142,3350,"1715885.12 USD",NA,NA,NA,NA
"maryott","brian","200","CA","federal:house","CA49","O","M",1.352,1.385,5258,"3446386.04 USD",0.4342,"L",46.87,"L"
"harkey","diane","200","CA","federal:house","CA49","O","F",NA,1.216,2634,"77100 USD",NA,NA,NA,NA
"levin","mike","100","CA","federal:house","CA49","I","M",-0.987,-1.012,25406,"3904057.8 USD",0.5658,"W",53.13,"W"
"siddiqui","omar","100","CA","federal:house","CA48","C","M",-0.952,-0.902,250,"12000 USD",NA,NA,NA,NA
"rouda","harley","100","CA","federal:house","CA48","I","M",-0.946,-0.895,21044,"6259589.71 USD",0.4673,"W",48.94,"L"
"forde","brian","100","CA","federal:house","CA45","C","M",-0.869,-0.92,1337,"954 USD",NA,NA,NA,NA
"brown","aja","100","CA","federal:house","CA44","C","F",-0.717,NA,16,"2500 USD",NA,NA,NA,NA
"cortes barragan","rodolfo","328","CA","federal:house","CA40","C","M",-1.268,NA,21,"5818.71 USD",0.0728,"L",NA,NA
"cisneros","gilbert","100","CA","federal:house","CA39","I","M",-0.899,-0.843,9345,"4523137.53 USD",0.4688,"L",49.4,"L"
"janowicz","phil","100","CA","federal:house","CA39","O","M",-1.058,NA,551,"177769.45 USD",NA,NA,NA,NA
"pelzer","kimberlin","200","CA","federal:house","CA36","C","F",1.228,NA,563,"1953 USD",NA,NA,NA,NA
"scott","joshua","200","CA","federal:house","CA32","C","M",1.509,1.455,124,"23624.37 USD",0.2816,"L",33.42,"L"
"nalbandian","johnny","200","CA","federal:house","CA28","C","M",1.525,1.616,271,"39595.21 USD",NA,NA,NA,NA
"hill","katherine","100","CA","federal:house","CA25","I","F",-1.061,NA,21675,"2346614.32 USD",NA,NA,NA,NA
"barro","mary","100","CA","federal:house","CA23","C","F",-1.302,-1.142,5,"1720.32 USD",NA,NA,NA,NA
"franco","ricardo","100","CA","federal:house","CA22","C","M",-1.109,-1.067,292,"2645.82 USD",NA,NA,NA,NA
"nunes","devin","200","CA","federal:house","CA22","I","M",1.41,1.347,87656,"26871171.4 USD",0.561,"W",54.23,"W"
"heng","elizabeth","200","CA","federal:house","CA16","C","F",0.724,1.258,1100,"24725.56 USD",NA,NA,NA,NA
"jaffe","stephen","100","CA","federal:house","CA12","C","M",-1.149,-1.002,1309,"287 USD",NA,NA,NA,NA
"madueno","virginia","100","CA","federal:house","CA10","C","F",NA,-0.773,695,"0 USD",NA,NA,NA,NA
"harder","josh","100","CA","federal:house","CA10","I","M",-1.007,-1.057,37655,"7540661.34 USD",0.4407,"W",55.16,"W"
"livengood","marla","200","CA","federal:house","CA09","C","F",NA,1.229,142,"1000 USD",NA,NA,NA,NA
"morse","jessica","100","CA","federal:house","CA04","C","F",-1.052,-1.097,12443,"192754.77 USD",NA,NA,NA,NA
"stanton","greg","100","AZ","federal:house","AZ09","I","M",-0.573,-0.839,9289,"2020240.34 USD",1,"W",61.63,"W"
"lesko","debbie","200","AZ","federal:house","AZ08","I","F",1.437,1.407,6536,"1614574.2 USD",1,"W",59.56,"W"
"malik","anita","100","AZ","federal:house","AZ06","C","F",-1.04,-0.939,1996,"260453.04 USD",0.3652,"L",NA,NA
"disanto","delina","100","AZ","federal:house","AZ04","C","F",-1.087,-1.079,3771,"77167.5 USD",0.7435,"W",30.23,"L"
"martin","brandon","200","AZ","federal:house","AZ02","O","M",1.516,1.624,271,"387348.15 USD",NA,NA,NA,NA
"shamel","hayden","100","AR","federal:house","AR04","C","M",-1.074,-0.962,326,"1506.23 USD",NA,NA,NA,NA
"tucker","everett","100","AR","federal:house","AR02","C","M",-0.938,-0.779,3979,"99.99 USD",NA,NA,NA,NA
"hinchman","robert","200","AL","federal:house","AL05","O","M",NA,1.056,155,"1033.08 USD",NA,NA,NA,NA
"winfrey","adia","100","AL","federal:house","AL03","C","F",-1.068,-1.04,318,"50523.2 USD",1,"W",32.46,"L"
"isner","tabitha","100","AL","federal:house","AL02","C","F",-1.104,-0.97,672,"0 USD",NA,NA,NA,NA
"kennedy","robert","100","AL","federal:house","AL01","C","M",-1.001,-0.85,238,"0 USD",NA,NA,NA,NA
"cheney","elizabeth","200","WY","federal:house","WY01","I","F",1.298,0.83,21149,"3010251.47 USD",0.7346,"W",68.56,"W"
"clark","mike","100","TX","federal:house","TX31","C","M",-1.081,-1.12,150,"1466.21 USD",NA,NA,NA,NA
"woolridge","ruby","100","TX","federal:house","TX06","O","F",-1.023,-1.185,199,"0 USD",NA,NA,NA,NA
"wegman","gary","100","PA","federal:house","PA09","O","M",-0.833,-0.774,363,"215078.64 USD",0.5086,"W",33.63,"L"
"jackson","jarrin","200","OK","federal:house","OK02","C","M",1.239,1.663,1117,"8.26 USD",NA,NA,NA,NA
"brown","sakima","200","NY","federal:house","NY18","C","U",1.362,1.554,169,"30.12 USD",NA,NA,NA,NA
"rosen","jacky","100","NV","federal:house","NV03","I","F",-0.999,-0.864,306694,"2537921.76 USD",NA,NA,NA,NA
"shepherd","rick","100","NV","federal:house","NV02","C","M",-1.475,-1.65,18,"4725.75 USD",0.074,"L",NA,NA
"shea porter","carol","100","NH","federal:house","NH01","I","F",-1.154,-0.932,7271,"28156.22 USD",NA,NA,NA,NA
"ryan","gregory","200","MN","federal:house","MN04","C","M",NA,1.565,21,"139.5 USD",NA,NA,NA,NA
"trone","david","100","MD","federal:house","MD06","I","M",-0.087,-0.641,4812,"2965203.83 USD",0.7239,"W",58.82,"W"
"brown","anthony","100","MD","federal:house","MD04","I","M",-0.482,-0.765,17459,"1455776.69 USD",0.7762,"W",79.58,"W"
"sarbanes","john","100","MD","federal:house","MD03","I","M",-0.883,-0.655,5113,"578602.48 USD",0.8249,"W",69.76,"W"
"rodriguez","junius","100","IL","federal:house","IL18","C","M",-1.024,-1.048,378,"0 USD",NA,NA,NA,NA
"peters","christopher","200","IA","federal:house","IA02","C","M",-0.767,1.364,420,"353.59 USD",NA,NA,NA,NA
"canova","timothy","100","FL","federal:house","FL23","C","M",-1.13,-1.119,59287,"16664.03 USD",NA,NA,NA,NA
"spalding","carla","328","FL","federal:house","FL18","C","F",NA,1.611,471,"947208.87 USD",NA,NA,NA,NA
"gaetz","matt","200","FL","federal:house","FL01","I","M",1.462,1.235,22151,"6066373.26 USD",0.8093,"W",64.61,"W"
"lamborn","douglas","200","CO","federal:house","CO05","I","M",0.846,1.202,2469,"601762.36 USD",1,"W",57.59,"W"
"degette","diana","100","CO","federal:house","CO01","I","F",-0.79,-0.915,8577,"1204483.8 USD",1,"W",73.65,"W"
"baugh","scott","200","CA","federal:house","CA48","C","M",1.075,1.158,4303,"59503.16 USD",NA,NA,NA,NA
"barragan","nanette","100","CA","federal:house","CA44","I","F",-0.805,-0.854,4840,"1187465.66 USD",0.635,"W",67.78,"W"
"flynn","sean","200","CA","federal:house","CA31","C","M",NA,1.025,355,"69817.63 USD",NA,NA,NA,NA
"panetta","jimmy","100","CA","federal:house","CA20","I","M",-0.315,-0.999,5488,"2013939.46 USD",0.6618,"W",76.78,"W"
"ohalleran","tom","100","AZ","federal:house","AZ01","I","M",-0.951,-0.769,14221,"3416902.11 USD",0.5861,"W",51.61,"W"
"jenkins","evan","200","WV","federal:house","WV03","I","M",1.281,0.997,3790,"650 USD",NA,NA,NA,NA
"comstock","barbara","200","VA","federal:house","VA10","I","F",1.351,1.018,6791,"25919.34 USD",NA,NA,NA,NA
"brat","david","200","VA","federal:house","VA07","I","M",1.34,1.42,3813,"8376.75 USD",NA,NA,NA,NA
"sanford","marshall","200","SC","federal:president","PRES","I","M",0.147,1.238,13410,"134151.18 USD",NA,NA,NA,NA
"garrett","janet","100","OH","federal:house","OH04","C","F",-1.079,-0.995,4469,"1930.72 USD",NA,NA,NA,NA
"macarthur","thomas","200","NJ","federal:house","NJ03","I","M",NA,0.883,2652,"13242.05 USD",NA,NA,NA,NA
"sandman","ray","328","MN","federal:house","MN08","O","M",-1.422,-1.374,9,"0 USD",NA,NA,NA,NA
"moulton","seth","100","MA","federal:house","MA06","I","M",-0.757,-0.759,34617,"1318518.23 USD",0.78,"W",65.43,"W"
"lapolice","alan","100","KS","federal:house","KS01","C","M",-0.822,-0.227,423,"0 USD",NA,NA,NA,NA
"young","david","200","IA","federal:house","IA03","I","M",1.323,1.318,5351,"3215369.8 USD",0.6954,"W",47.55,"L"
"curbelo","carlos","200","FL","federal:house","FL26","I","M",1.08,0.831,5575,"22379.23 USD",NA,NA,NA,NA
"lieu","ted","100","CA","federal:house","CA33","I","M",-0.749,-0.788,11115,"1680669.1 USD",0.6047,"W",67.58,"W"
"knight","steve","200","CA","federal:house","CA25","I","M",1.182,1.126,2621,"271421.41 USD",0.1894,"L",NA,NA
"khanna","rohit","100","CA","federal:house","CA17","I","M",-0.897,-0.777,30345,"3917727.13 USD",0.6865,"W",71.35,"W"
"westerman","bruce","200","AR","federal:house","AR04","I","M",1.114,1.189,3947,"1428508.39 USD",1,"W",69.67,"W"
"palmer","gary","200","AL","federal:house","AL06","I","M",1.246,1.233,2196,"919678.33 USD",1,"W",97.13,"W"
"castro","joaquin","100","TX","federal:house","TX20","I","M",-0.941,-0.591,10244,"705568.45 USD",0.9211,"W",64.67,"W"
"orourke","robert","100","TX","federal:house","TX16","I","M",-0.917,-0.815,893893,"701417.43 USD",NA,NA,NA,NA
"mckellar","shirley","100","TX","federal:house","TX01","C","F",-1.124,-1.051,266,"0 USD",NA,NA,NA,NA
"wieczorek","ronald","328","SD","federal:house","SD01","O","M",-0.038,-0.174,69,"765 USD",NA,NA,NA,NA
"shuster","william","200","PA","federal:house","PA09","I","M",NA,0.949,6204,"434.07 USD",NA,NA,NA,NA
"lobiondo","frank","200","NJ","federal:house","NJ02","I","M",0.561,0.575,6038,"22230.11 USD",NA,NA,NA,NA
"bentivolio","kerry","200","MI","federal:house","MI11","O","M",1.458,1.364,780,"134789.74 USD",0.2162,"L",NA,NA
"hoyer","steny","100","MD","federal:house","MD05","I","M",-0.456,-0.668,13409,"4608825.11 USD",0.6441,"W",68.75,"W"
"bustos","cheri","100","IL","federal:house","IL17","I","F",-0.863,-0.79,30048,"5063556.19 USD",0.9967,"W",52.02,"W"
"king","steve","200","IA","federal:house","IA04","I","M",1.562,1.501,6549,"391616.03 USD",0.3583,"L",NA,NA
"kaufman","joseph","200","FL","federal:house","FL23","C","M",1.305,1.493,1276,"0.2 USD",NA,NA,NA,NA
"schneider","jan","100","FL","federal:house","FL16","C","F",-0.961,-0.876,861,"2300 USD",NA,NA,NA,NA
"yoho","theodore","200","FL","federal:house","FL03","I","M",0.897,1.325,1721,"93238.61 USD",NA,NA,NA,NA
"courtney","joseph","100","CT","federal:house","CT02","I","M",-0.808,-0.769,7955,"967876.68 USD",0.001,"W",56.43,"W"
"vargas","juan","100","CA","federal:house","CA51","I","M",-0.209,-0.23,4978,"799734.22 USD",0.7136,"W",68.3,"W"
"takano","mark","100","CA","federal:house","CA41","I","M",-0.932,-0.875,12174,"1033949.78 USD",0.5076,"W",64.03,"W"
"roybal allard","lucille","100","CA","federal:house","CA40","I","F",-0.684,-0.672,2427,"749181.71 USD",0.5072,"W",72.74,"W"
"aguilar","pete","100","CA","federal:house","CA31","I","M",-0.888,-0.871,33500,"2529487.62 USD",0.6215,"W",61.29,"W"
"swalwell","eric","100","CA","federal:house","CA15","I","M",-0.876,-0.415,28554,"2942935.7 USD",0.5904,"W",70.9,"W"
"cook","paul","200","CA","federal:house","CA08","I","M",0.132,0.455,1976,"347752.66 USD",NA,NA,NA,NA
"huffman","jared","100","CA","federal:house","CA02","I","M",-0.946,-0.931,5120,"923478.05 USD",0.6769,"W",75.74,"W"
"lamalfa","doug","200","CA","federal:house","CA01","I","M",1.098,1.098,4379,"1243064.68 USD",0.5464,"W",56.99,"W"
"rogers","wendy","200","AZ","federal:house","AZ01","C","F",1.302,1.521,47391,"49935 USD",NA,NA,NA,NA
"mcsally","martha","200","AZ","federal:house","AZ02","I","F",1.495,1.548,231787,"0 USD",NA,NA,NA,NA
"duerr","james","200","TX","federal:house","TX27","C","M",NA,1.219,71,"0 USD",NA,NA,NA,NA
"costello","ryan","200","PA","federal:house","PA06","I","M",NA,1.073,2510,"526599.11 USD",NA,NA,NA,NA
"robinson","art","200","OR","federal:house","OR04","O","M",1.504,1.428,1934,"58442.97 USD",NA,NA,NA,NA
"renacci","james","200","OH","federal:house","OH16","I","M",1.278,1.241,6573,"18800.21 USD",NA,NA,NA,NA
"huizenga","william","200","MI","federal:house","MI02","I","M",1.207,1.234,5457,"2211927.61 USD",1,"W",59.2,"W"
"barr","garland","200","KY","federal:house","KY06","I","M",1.041,1.05,13109,"4611245.23 USD",0.9074,"W",57.33,"W"
"kinzinger","adam","200","IL","federal:house","IL16","I","M",0.879,0.98,7833,"2115266.99 USD",1,"W",64.71,"W"
"deutch","theodore","100","FL","federal:house","FL22","I","M",-0.371,-0.522,5568,"1382551.43 USD",1,"W",58.6,"W"
"webster","daniel","200","FL","federal:house","FL11","I","M",1.296,1.211,5221,"692898.61 USD",1,"W",66.72,"W"
"norton","eleanor","100","DC","federal:house","DC01","I","F",-0.711,-0.734,2480,"387488.98 USD",0.9802,"W",86.3,"W"
"issa","darrell","200","CA","federal:house","CA49","I","M",1.39,1.19,8885,"16813993.53 USD",NA,NA,NA,NA
"desaulnier","mark","100","CA","federal:house","CA11","I","M",-0.857,-0.86,4233,"612404.28 USD",0.712,"W",72.99,"W"
"frame","sean","100","CA","federal:house","CA04","C","M",-1.098,-1.083,14114,"158712.89 USD",NA,NA,NA,NA
"crawford","eric","200","AR","federal:house","AR01","I","M",1.022,NA,3387,"966801.25 USD",1,"W",100,"W"
"sewell","terri","100","AL","federal:house","AL07","I","F",-0.327,-0.667,7848,"2171039.72 USD",1,"W",97.16,"W"
"green","raymond","100","TX","federal:house","TX29","I","M",-0.586,-0.556,3575,"9355.35 USD",NA,NA,NA,NA
"diaz balart","mario","200","FL","federal:house","FL25","I","M",0.637,1.346,7178,"1597458.73 USD",1,"W",NA,"W"
"udall","tom","100","NM","federal:senate","NMS20","I","M",-1.004,-0.78,23865,"59531.7 USD",NA,NA,NA,NA
"crapo","michael","200","ID","federal:senate","IDS22","I","M",0.776,1.255,20571,"1060061.74 USD",NA,NA,NA,NA
"corker","robert","200","TN","federal:senate","TNS18","C","M",NA,1.256,14174,"811784.87 USD",NA,NA,NA,NA
"klobuchar","amy","100","MN","federal:senate","MNS24","C","F",-1.004,-0.873,95711,"3381082.5 USD",NA,NA,NA,NA
"toomey","patrick","200","PA","federal:senate","PAS22","I","M",1.204,1.335,41018,"4310881.72 USD",NA,NA,NA,NA
"murkowski","lisa","200","AK","federal:senate","AKS22","I","F",0.454,1.047,14400,"1032216.66 USD",NA,NA,NA,NA
"thune","john","200","SD","federal:senate","SDS22","I","M",1.188,1.141,27799,"3088318.78 USD",NA,NA,NA,NA
"moran","jerry","200","KS","federal:senate","KSS22","I","M",1.068,1.239,10005,"1342185.2 USD",NA,NA,NA,NA
"bennet","michael","100","CO","federal:senate","COS22","I","M",-0.948,-0.86,95262,"756117.67 USD",NA,NA,NA,NA
"capuano","michael","100","MA","federal:house","MA07","I","M",NA,-0.691,6317,"11266.92 USD",NA,NA,NA,NA
"pelosi","nancy","100","CA","federal:house","CA12","I","F",-0.968,-0.68,512817,"27976365.38 USD",0.7403,"W",77.63,"W"
"conyers","john","100","MI","federal:house","MI13","I","M",NA,-0.756,4324,"5000 USD",NA,NA,NA,NA
"waters","maxine","100","CA","federal:house","CA43","I","F",-0.8,-0.78,7005,"2126589.58 USD",0.7813,"W",71.68,"W"
"costa","jim","100","CA","federal:house","CA16","I","M",-0.109,-0.621,5917,"2146774.73 USD",0.3754,"W",59.38,"W"
"gutierrez","luis","100","IL","federal:house","IL04","I","M",-0.882,-0.687,3047,"2186.62 USD",NA,NA,NA,NA
"sanchez","linda","100","CA","federal:house","CA38","I","F",-0.701,-0.725,5904,"1263616.56 USD",0.777,"W",74.34,"W"
"mccollum","betty","100","MN","federal:house","MN04","I","F",-0.891,-0.904,6608,"1178717.48 USD",0.8403,"W",63.17,"W"
"schiff","adam","100","CA","federal:house","CA28","I","M",-0.992,-0.887,513637,"19598362.66 USD",0.5957,"W",72.66,"W"
"romney","willard","200","UT","federal:senate","UTS24","I","M",-0.297,1.013,114172,"891538.6 USD",NA,NA,NA,NA
"carper","thomas","100","DE","federal:senate","DES24","C","M",-0.56,-0.657,9548,"688511.18 USD",NA,NA,NA,NA
"brooks","mo","200","AL","federal:senate","ALS18","C","M",1.137,1.358,9510,"669026.33 USD",0.7488,"W",95.81,"W"
"enzi","michael","200","WY","federal:senate","WYS20","I","M",1.241,1.123,4666,"141784.99 USD",NA,NA,NA,NA
"whitehouse","sheldon","100","RI","federal:senate","RIS24","C","M",-0.911,-0.766,44749,"353724.81 USD",NA,NA,NA,NA
"duckworth","l tammy","100","IL","federal:senate","ILS22","I","F",-1.071,-0.987,133294,"4171421 USD",NA,NA,NA,NA
"shelby","richard","200","AL","federal:senate","ALS22","I","M",1.572,0.663,13195,"169143.99 USD",NA,NA,NA,NA
"lankford","james","200","OK","federal:senate","OKS22","I","M",1.128,1.146,8786,"822043.87 USD",NA,NA,NA,NA
"booker","cory","100","NJ","federal:senate","NJS20","I","M",-0.884,-0.696,142399,"8290750.95 USD",0.8759,"W",57.23,"W"
"tillis","thom","200","NC","federal:senate","NCS20","I","M",1.264,1.716,68295,"23280646.68 USD",0.7808,"W",48.69,"W"
"cassidy","william","200","LA","federal:senate","LAS20","I","M",0.945,0.836,19475,"7447725.9 USD",1,"W",59.32,"W"
"gardner","cory","200","CO","federal:senate","COS20","I","M",1.307,1.355,67421,"26161851.26 USD",1,"W",44.18,"L"
"cotton","thomas","200","AR","federal:senate","ARS20","I","M",1.306,1.044,54080,"9141301.91 USD",1,"W",66.53,"W"
"kaine","timothy","100","VA","federal:senate","VAS24","C","M",-0.745,-0.782,128187,"1314338.39 USD",NA,NA,NA,NA
"cruz","rafael","200","TX","federal:senate","TXS24","C","M",1.497,1.476,505655,"13659655.01 USD",NA,NA,NA,NA
"daines","steven","200","MT","federal:senate","MTS20","I","M",1.349,1.319,152328,"31883793.77 USD",0.8802,"W",55.01,"W"
"mcconnell","mitch","200","KY","federal:senate","KYS20","I","M",1.133,1.171,311730,"68094902.86 USD",0.828,"W",57.76,"W"
"hirono","mazie","100","HI","federal:senate","HIS24","C","F",-0.967,-0.775,28855,"797442.02 USD",NA,NA,NA,NA
"murphy","christopher","100","CT","federal:senate","CTS24","C","M",-1.092,-0.899,138177,"1671376.73 USD",NA,NA,NA,NA
"manchin","joe","100","WV","federal:senate","WVS24","I","M",-0.156,-0.372,26715,"744354.86 USD",NA,NA,NA,NA
"graham","lindsey","200","SC","federal:senate","SCS20","I","M",1.132,1.248,571115,"107747533.78 USD",0.6769,"W",54.44,"W"
"gillibrand","kirsten","100","NY","federal:senate","NYS24","C","F",-1.046,-0.782,215348,"1767104.89 USD",NA,NA,NA,NA
"coons","christopher","100","DE","federal:senate","DES20","I","M",-0.589,-0.702,21178,"6081414.85 USD",0.7285,"W",59.44,"W"
"jones","doug","100","AL","federal:senate","ALS20","I","M",-0.933,-0.711,362705,"31053566.07 USD",1,"W",39.74,"L"
"kokesh","adam","328","00","federal:president","PRES","C","M",0.806,0.878,42,"48144.09 USD",NA,NA,NA,NA
"howze","ted","200","CA","federal:house","CA10","C","M",1.292,1.28,1266,"1582899.41 USD",0.3389,"L",44.84,"L"
"franken","al","100","MN","federal:senate","MNS20","C","M",NA,-0.944,91657,"39001.93 USD",NA,NA,NA,NA
"brown","sherrod","100","OH","federal:senate","OHS24","C","M",-0.767,-0.597,497956,"2479979.82 USD",NA,NA,NA,NA
"roberts","pat","200","KS","federal:senate","KSS20","I","M",1.139,1.133,8438,"11502.07 USD",NA,NA,NA,NA
"blunt","roy","200","MO","federal:senate","MOS22","I","M",1.089,NA,16043,"2044175.33 USD",NA,NA,NA,NA
"gale","neal","328","PA","federal:senate","PAS18","C","M",-1.195,-1.231,24,"0 USD",NA,NA,NA,NA
"hyde smith","cindy","200","MS","federal:senate","MSS20","I","F",1.233,1.431,12488,"3407099.27 USD",1,"W",54.11,"W"
"smith","tina","100","MN","federal:senate","MNS20","C","F",-0.971,-0.935,58873,"16468404.53 USD",0.8714,"W",48.74,"W"
"weeks","james","328","MI","federal:senate","MIS18","C","M",1.386,0.845,6,"0 USD",NA,NA,NA,NA
"braun","mike","200","IN","federal:senate","INS24","I","M",1.274,1.319,5315,"975720.41 USD",NA,NA,NA,NA
"bradley","james","200","CA","federal:senate","CAS22","C","M",1.582,1.549,1138,"7087.53 USD",NA,NA,NA,NA
"casey","robert","100","PA","federal:senate","PAS24","I","M",-0.713,-0.669,325924,"2212851.86 USD",NA,NA,NA,NA
"jones","lateresa","200","FL","federal:senate","FLS18","C","F",1.115,NA,18,"5096.95 USD",NA,NA,NA,NA
"stovall","dwayne","200","TX","federal:senate","TXS20","C","M",1.57,1.591,233,"101864 USD",0.1195,"L",NA,NA
"steele","michael","100","ND","federal:senate","NDS22","C","M",-1.292,-1.226,7,"1199.49 USD",NA,NA,NA,NA
"ocegueda","adrian","100","TX","federal:senate","TXS20","C","M",-1.964,-1.749,6,"5777.22 USD",0.0222,"L",NA,NA
"mccormick","lisa","100","NJ","federal:senate","NJS20","C","F",-0.771,NA,124,"0 USD",NA,NA,NA,NA
"smith","sandy","200","NC","federal:senate","NCS20","C","F",1.471,1.565,2288,"3407337.9 USD",NA,NA,NA,NA
"lee","eva","100","NC","federal:senate","NCS20","C","F",-1.034,NA,11,"0 USD",NA,NA,NA,NA
"smith","adam","100","KS","federal:senate","KSS20","C","M",-0.548,NA,2,"0 USD",NA,NA,NA,NA
"hubbard","peggy","200","IL","federal:senate","ILS20","C","F",1.462,NA,121,"200781.77 USD",0.2286,"L",NA,NA
"harris","nancy","100","ID","federal:senate","IDS20","C","F",-1.142,-1.089,107,"23982.83 USD",NA,NA,NA,NA
"kombo","danielle","100","CO","federal:senate","COS20","C","F",-1.042,NA,5,"0 USD",NA,NA,NA,NA
"zornio","patricia","100","CO","federal:senate","COS20","C","F",-1.094,-1.059,1370,"132273.07 USD",NA,NA,NA,NA
"kelly","mark","100","AZ","federal:senate","AZS20","C","M",-1.08,-0.766,825602,"101106583.88 USD",0.9993,"W",51.16,"W"
"klobuchar","amy","100","00","federal:president","PRES","C","F",-0.897,NA,212410,"54569266.3 USD",NA,NA,NA,NA
"mercer","lee","100","00","federal:president","PRES","C","M",-2.001,-2.045,6,"3.84e+08 USD",NA,NA,NA,NA
"sanders","bernard","100","00","federal:president","PRES","C","M",-1.17,-0.889,2610036,"218907026.62 USD",NA,NA,NA,NA
"pierce","mark","100","00","federal:president","PRES","C","M",-1.609,-1.632,4,"17756.75 USD",NA,NA,NA,NA
"inslee","jay","100","00","federal:president","PRES","C","M",-1.008,NA,80901,"6942808.55 USD",NA,NA,NA,NA
"hunter","dario","328","00","federal:president","PRES","C","M",-1.327,-1.342,249,"33967.89 USD",NA,NA,NA,NA
"williamson","marianne","100","00","federal:president","PRES","C","F",-0.949,-0.954,105198,"8403835.7 USD",NA,NA,NA,NA
"warren","elizabeth","100","00","federal:president","PRES","C","F",-1.084,-1.021,758890,"131368111.75 USD",NA,NA,NA,NA
"harris","kamala","100","00","federal:president","PRES","C","F",-1.033,-0.878,391398,"43088972.4 USD",NA,NA,NA,NA
"gabbard","tulsi","100","00","federal:president","PRES","C","F",-0.597,-0.66,137231,"0 USD",NA,NA,NA,NA
"ojeda","richard","100","00","federal:president","PRES","C","M",-1.002,NA,986,"20347.63 USD",NA,NA,NA,NA
"bradford","daphne","100","00","federal:president","PRES","C","F",-1.474,-1.762,12,"118 USD",NA,NA,NA,NA
"vonbevern","ryan","100","00","federal:president","PRES","C","M",-0.794,NA,8,"2160.74 USD",NA,NA,NA,NA
"benzel","julianne","200","00","federal:president","PRES","C","F",1.913,1.848,36,"241215.72 USD",NA,NA,NA,NA
"lee","robert","328","00","federal:president","PRES","C","M",-0.053,NA,88,"0 USD",NA,NA,NA,NA
"wiand","fred","100","00","federal:president","PRES","C","M",-0.998,NA,7,"15040.27 USD",NA,NA,NA,NA
"keller","fred","200","PA","federal:house","PA12","C","M",1.241,1.2,1558,"1563479.87 USD",NA,NA,70.8438897934951,"W"
"miller","carol","200","WV","federal:house","WV03","I","F",1.063,1.161,2857,"912210.75 USD",0.7026,"W",71.34,"W"
"porter","stevan","328","VA","federal:house","VA11","C","M",0.917,0.92,12,"532.77 USD",NA,NA,NA,NA
"wexton","jennifer","100","VA","federal:house","VA10","I","F",-0.948,-0.912,19908,"3984992.26 USD",1,"W",56.51,"W"
"cline","benjamin","200","VA","federal:house","VA06","I","M",1.238,1.314,1970,"900313.05 USD",1,"W",64.59,"W"
"williams","lavangelene","100","VA","federal:house","VA01","C","U",-1.062,-1.059,1820,"142480.8 USD",0.4746,"L",NA,NA
"mcadams","ben","100","UT","federal:house","UT04","I","M",-0.678,NA,12580,"5638024.49 USD",1,"W",46.7,"L"
"curtis","john","200","UT","federal:house","UT03","I","M",0.873,0.719,3252,"905501.13 USD",1,"W",68.73,"W"
"garcia","sylvia","100","TX","federal:house","TX29","I","F",-0.646,-0.68,3202,"856155.61 USD",1,"W",71.13,"W"
"fisher","william","100","TX","federal:house","TX24","C","M",-1.116,-1.098,444,"2243.66 USD",NA,NA,NA,NA
"escobar","veronica","100","TX","federal:house","TX16","I","F",-0.429,-0.95,4089,"1137105.39 USD",1,"W",64.72,"W"
"sagan","gregory","100","TX","federal:house","TX13","C","M",-0.855,-0.779,204,"12265.32 USD",0.3472,"L",NA,NA
"wright","ron","200","TX","federal:house","TX06","I","M",1.361,1.471,772,"923531.7 USD",1,"W",52.8,"W"
"burch","lorie","100","TX","federal:house","TX03","C","F",-1.097,-1.129,973,"46595.57 USD",NA,NA,NA,NA
"beal","brent","100","TX","federal:house","TX01","C","M",-1.16,-1.037,313,"211.83 USD",NA,NA,NA,NA
"rose","john","200","TN","federal:house","TN06","I","M",1.141,1.388,5672,"1582985.81 USD",1,"W",73.68,"W"
"burchett","tim","200","TN","federal:house","TN02","I","M",1.12,NA,3981,"1347006.19 USD",1,"W",67.64,"W"
"johnson","dusty","200","SD","federal:house","SD01","I","M",1.176,1.254,3523,"1694504.29 USD",0.7665,"W",80.96,"W"
"ali","mark","100","SC","federal:house","SC05","C","M",-1.106,NA,13,"0 USD",NA,NA,NA,NA
"timmons","william","200","SC","federal:house","SC04","I","M",0.966,1.228,2177,"1363583.92 USD",1,"W",61.61,"W"
"wysocki","frederick","200","RI","federal:house","RI01","C","M",2.288,2.292,3,"13066.94 USD",NA,"L",15.84,"L"
"reschenthaler","guy","200","PA","federal:house","PA14","I","M",0.914,1.071,22837,"2264455.66 USD",0.9987,"W",64.62,"W"
"wild","susan","100","PA","federal:house","PA07","I","F",-0.91,-0.802,31543,"4644289.9 USD",1,"W",51.79,"W"
"boyle","daniel","100","PA","federal:house","PA05","O","M",-0.505,NA,7,"0 USD",NA,NA,NA,NA
"billie","joseph","200","PA","federal:house","PA05","O","M",1.375,NA,6,"3112.26 USD",NA,NA,NA,NA
"nations","joey","200","OR","federal:house","OR05","C","M",1.637,1.59,127,"66282.87 USD",0.1741,"L",NA,NA
"horn","kendra","100","OK","federal:house","OK05","I","F",-0.783,-0.578,14501,"5980141.93 USD",0.8569,"W",47.94,"L"
"robbins","frankie","100","OK","federal:house","OK03","C","M",-1.125,-1.022,20,"0 USD",NA,NA,NA,NA
"gonzalez","anthony","200","OH","federal:house","OH16","I","M",0.81,0.842,2238,"2393596.6 USD",1,"W",63.19,"W"
"stivers","steve","200","OH","federal:house","OH15","I","M",0.798,0.939,6893,"3017019.07 USD",0.8812,"W",63.41,"W"
"weaver","laura","100","OH","federal:house","OH01","C","F",-1.455,-1.323,19,"3119 USD",NA,NA,NA,NA
"collins","christopher","200","NY","federal:house","NY27","I","M",1.033,0.94,2666,"517605.63 USD",NA,NA,NA,NA
"brindisi","anthony","100","NY","federal:house","NY22","I","M",-0.923,-0.75,13789,"6149102.8 USD",1,"W",43.45,"L"
"delgado","antonio","100","NY","federal:house","NY19","I","M",-0.962,-0.961,22589,"6020522.04 USD",1,"W",47.7,"W"
"rose","max","100","NY","federal:house","NY11","I","M",-0.787,-0.805,20872,"9323126.22 USD",1,"W",45.9,"L"
"meeks","gregory","100","NY","federal:house","NY05","I","M",-0.448,-0.652,5773,"2126017.21 USD",0.7563,"W",99.33,"W"
"sax","mike","100","NY","federal:house","NY02","C","M",-1.203,NA,8,"0 USD",NA,NA,NA,NA
"lujan","ben","100","NM","federal:house","NM03","I","M",-0.891,-0.809,59012,"18591155.2 USD",NA,NA,NA,NA
"herrell","stella","200","NM","federal:house","NM02","C","F",1.429,1.478,9949,"2868121.64 USD",0.4461,"W",53.7,"W"
"sherrill","mikie","100","NJ","federal:house","NJ11","I","F",-0.881,-0.891,31923,"6494469.85 USD",1,"W",53.3,"W"
"kim","andy","100","NJ","federal:house","NJ03","I","M",-0.963,-0.76,71164,"7358014.54 USD",1,"W",53.23,"W"
"vandrew","jeff","200","NJ","federal:house","NJ02","I","M",1.192,NA,42519,"4326538.52 USD",0.8235,"W",51.93,"W"
"eastman","kara","100","NE","federal:house","NE02","C","F",-1.036,-0.998,25454,"4524583.42 USD",0.6216,"W",46.21,"L"
"ortiz","gabriel","100","NC","federal:house","NC12","C","M",-0.899,NA,253,"0 USD",NA,NA,NA,NA
"law","philip","200","NC","federal:house","NC03","C","M",1.761,1.777,82,"78070 USD",NA,NA,NA,NA
"bush","cori","100","MO","federal:house","MO01","C","F",-1.139,-1.143,47192,"1429836.58 USD",0.4852,"W",78.78,"W"
"stauber","peter","200","MN","federal:house","MN08","I","M",1.166,1.344,4975,"2602490.35 USD",0.9375,"W",56.75,"W"
"sherman","jayesun","200","MN","federal:house","MN07","C","U",1.519,1.438,12,"9093.1 USD",0.0169,"L",NA,NA
"phillips","dean","100","MN","federal:house","MN03","I","M",-0.778,-0.898,12337,"2391906.46 USD",0.9075,"W",55.61,"W"
"stevens","haley","100","MI","federal:house","MI11","I","F",-0.827,-0.959,17746,"5884928.62 USD",1,"W",50.2,"W"
"gray","aida","100","MI","federal:house","MI06","C","F",NA,-1.102,8,"2698.6 USD",NA,NA,NA,NA
"golden","jared","100","ME","federal:house","ME02","I","M",-0.961,-0.867,29452,"5382793.11 USD",1,"W",53.04,"W"
"pretot","jake","100","MD","federal:house","MD02","C","M",-1.182,-1.14,8,"610 USD",0.0872,"L",NA,NA
"richmond","cedric","100","LA","federal:house","LA02","I","M",-0.324,-0.488,4409,"1630814.25 USD",1,"W",63.61,"W"
"guthrie","s brett","200","KY","federal:house","KY02","I","M",0.956,1.062,4760,"1425219.6 USD",0.8863,"W",70.96,"W"
"estes","ron","200","KS","federal:house","KS04","C","M",1.14,1.056,3611,"0 USD",NA,NA,63.6524634071552,"W"
"harmon","wayne","200","IN","federal:house","IN07","C","M",NA,1.483,29,"0 USD",NA,NA,NA,NA
"baird","james","200","IN","federal:house","IN04","I","M",1.223,1.352,1202,"371674 USD",1,"W",66.62,"W"
"underwood","lauren","100","IL","federal:house","IL14","I","F",-1.038,-1.001,41684,"7862452.21 USD",1,"W",50.67,"W"
"clark","anthony","100","IL","federal:house","IL07","C","M",-1.134,-1.132,2043,"145516.16 USD",0.1298,"L",NA,NA
"garcia","jesus","100","IL","federal:house","IL04","I","M",-0.74,-0.789,5500,"838108.77 USD",1,"W",84.05,"W"
"newman","marie","100","IL","federal:house","IL03","C","F",-1.019,-0.981,26597,"2835512.46 USD",0.4726,"W",56.38,"W"
"smith","michael","100","ID","federal:house","ID01","O","M",-1.193,NA,18,"0 USD",NA,NA,NA,NA
"cowen","martin","328","GA","federal:house","GA13","C","M",1.468,1.473,14,"17992.96 USD",0.001,"W",0.02,"L"
"cooper","james","328","GA","federal:house","GA08","C","M",-1.292,-1.249,6,"8542.09 USD",0.001,"W",0.02,"L"
"bourdeaux","carolyn","100","GA","federal:house","GA07","C","F",-0.948,-0.952,14592,"5303913.83 USD",0.5278,"W",51.39,"W"
"mcbath","lucia","100","GA","federal:house","GA06","I","F",-0.992,NA,51944,"8678503.63 USD",1,"W",54.59,"W"
"ring","lisa","100","GA","federal:house","GA01","C","F",-1.143,-1.09,1055,"79075.81 USD",0.4601,"L",NA,NA
"steube","greg","200","FL","federal:house","FL17","I","M",1.223,1.284,5343,"768470.93 USD",1,"W",64.63,"W"
"spano","vincent","200","FL","federal:house","FL15","I","M",1.342,1.307,2244,"1130466.71 USD",0.4877,"L",NA,NA
"buck","george","200","FL","federal:house","FL13","C","M",1.503,1.598,890,"1136065.13 USD",0.2579,"L",NA,NA
"waltz","michael","200","FL","federal:house","FL06","I","M",1.231,1.374,11480,"2869733.18 USD",1,"W",60.61,"W"
"peters","brandon","100","FL","federal:house","FL03","C","M",-0.601,-0.801,966,"218 USD",NA,NA,NA,NA
"routledge","root","100","CO","federal:house","CO03","C","U",-1.071,-1.056,22,"7429.1 USD",NA,NA,NA,NA
"campa najjar","ammar","100","CA","federal:house","CA50","C","M",-1.057,-1.058,56540,"6429130.92 USD",0.3647,"W",46.05,"L"
"mendoza","sandra","100","CA","federal:house","CA34","C","F",-0.761,-0.94,179,"840.12 USD",NA,NA,NA,NA
"lutz","mary","100","CA","federal:house","CA32","C","F",-1.189,-1.002,233,"34769.22 USD",NA,NA,NA,NA
"denney","audrey","100","CA","federal:house","CA01","C","F",-1.097,-1.066,10421,"2479555.32 USD",0.3936,"L",43.01,"L"
"musselwhite","robert","100","AZ","federal:house","AZ08","C","M",-1.059,-0.969,30,"19678.28 USD",0.1449,"L",NA,NA
"smith","d adam","100","WA","federal:house","WA09","I","M",-0.467,-0.754,5754,"1327196.11 USD",0.7359,"W",74.14,"W"
"mceachin","aston","100","VA","federal:house","VA04","I","M",-0.748,-0.777,4123,"986394.45 USD",0.7995,"W",61.62,"W"
"scott","robert","100","VA","federal:house","VA03","I","M",-0.692,-0.835,3482,"875926.24 USD",1,"W",68.35,"W"
"arrington","jodey","200","TX","federal:house","TX19","I","M",1.254,1.304,3909,"2535447.58 USD",0.8944,"W",74.78,"W"
"gonzalez","vicente","100","TX","federal:house","TX15","I","M",-0.194,-0.224,5692,"1257881.45 USD",1,"W",50.5,"W"
"cohen","stephen","100","TN","federal:house","TN09","I","M",-0.321,-0.539,3303,"608930.06 USD",0.8402,"W",77.37,"W"
"roe","david","200","TN","federal:house","TN01","I","M",1.162,1.167,1771,"141221 USD",NA,NA,NA,NA
"fitzpatrick","brian","200","PA","federal:house","PA01","I","M",0.55,0.485,7856,"4240717.33 USD",0.6315,"W",56.43,"W"
"evans","dwight","100","PA","federal:house","PA03","I","M",-0.725,-0.564,7753,"947183.81 USD",1,"W",90.9,"W"
"walden","gregory","200","OR","federal:house","OR02","I","M",0.826,1.048,8384,"1642609.97 USD",NA,NA,NA,NA
"jordan","james","200","OH","federal:house","OH04","I","M",1.525,1.606,113765,"18637124.6 USD",1,"W",67.85,"W"
"suozzi","thomas","100","NY","federal:house","NY03","I","M",-0.344,-0.802,38202,"2960576.85 USD",0.6638,"W",52.59,"W"
"pascrell","william","100","NJ","federal:house","NJ09","I","M",-0.498,-0.628,8581,"1607398.33 USD",0.8063,"W",65.8,"W"
"bacon","donald","200","NE","federal:house","NE02","I","M",1.052,1.336,9516,"3790454.61 USD",0.9061,"W",50.77,"W"
"cano","fernando","100","NC","federal:house","NC09","C","M",-1.247,-1.164,179,"8137.5 USD",NA,NA,NA,NA
"craig","angela","100","MN","federal:house","MN02","I","F",-0.93,-0.911,29575,"5676522.49 USD",1,"W",48.18,"W"
"bergman","john","200","MI","federal:house","MI01","I","M",1.079,1.224,3650,"1985526.54 USD",1,"W",61.65,"W"
"johnson","james","200","LA","federal:house","LA04","I","M",1.22,1.497,84642,"1323911.12 USD",1,"W",60.43,"W"
"higgins","clay","200","LA","federal:house","LA03","I","M",1.301,NA,2451,"767293.29 USD",0.001,"W",67.76,"W"
"stepp","kenneth","100","KY","federal:house","KY05","C","M",-0.989,-0.858,35,"173 USD",NA,NA,NA,NA
"marshall","roger","200","KS","federal:house","KS01","I","M",1.252,1.214,11646,"13522287.1 USD",NA,NA,NA,NA
"krishnamoorthi","s raja","100","IL","federal:house","IL08","I","M",-0.781,-0.824,46113,"6411078.44 USD",0.7994,"W",73.16,"W"
"johnson","henry","100","GA","federal:house","GA04","I","M",-0.858,-0.609,4390,"636162.75 USD",0.6841,"W",80.08,"W"
"rooney","francis","200","FL","federal:house","FL19","I","M",1.357,1.26,708,"6797.35 USD",NA,NA,NA,NA
"walker","kimberly","100","FL","federal:house","FL12","C","F",-1.181,-1.14,558,"42802.1 USD",1,"W",37.12,"L"
"bilirakis","gus","200","FL","federal:house","FL12","I","M",0.861,1.031,8848,"1609445.83 USD",1,"W",62.88,"W"
"murphy","stephanie","100","FL","federal:house","FL07","I","F",-0.473,-0.609,6363,"3154665.17 USD",1,"W",55.34,"W"
"mills","ralph","200","FL","federal:house","FL01","C","M",2.606,2.688,5,"27049.12 USD",0.0961,"L",NA,NA
"cohen","ronald","200","CA","federal:house","CA17","C","M",1.644,1.563,4,"0 USD",NA,NA,NA,NA
"biggs","andy","200","AZ","federal:house","AZ05","I","M",1.387,1.494,8205,"1704233.12 USD",0.9956,"W",58.88,"W"
"grothman","glenn","200","WI","federal:house","WI06","I","M",1.435,1.432,6354,"1829916.45 USD",0.9971,"W",59.23,"W"
"moore","gwen","100","WI","federal:house","WI04","I","F",-0.744,-0.921,4197,"1199156.96 USD",0.9943,"W",74.65,"W"
"mcmorris rodgers","cathy","200","WA","federal:house","WA05","I","F",1.247,1.196,17186,"4419970.26 USD",0.5273,"W",61.29,"W"
"lee","sheila","100","TX","federal:house","TX18","I","F",-0.493,-0.778,5219,"1068464.88 USD",0.7708,"W",73.29,"W"
"boyle","brendan","100","PA","federal:house","PA02","I","M",-0.41,-0.638,4306,"1560584.3 USD",1,"W",72.47,"W"
"higgins","brian","100","NY","federal:house","NY26","I","M",-0.314,-0.302,4956,"1128729.72 USD",1,"W",63.26,"W"
"stefanik","elise","200","NY","federal:house","NY21","I","F",1.322,1.196,127189,"13349928.94 USD",1,"W",52.9,"W"
"rice","kathleen","100","NY","federal:house","NY04","I","F",-0.543,-0.856,7119,"1124280.24 USD",1,"W",56.13,"W"
"coleman","bonnie","100","NJ","federal:house","NJ12","I","F",-0.904,-0.882,5858,"806729.36 USD",0.8919,"W",65.64,"W"
"wildes","michael","100","NJ","federal:house","NJ09","C","M",-0.064,-0.715,510,"83674.49 USD",NA,NA,NA,NA
"fortenberry","jeffrey","200","NE","federal:house","NE01","I","M",1.144,1.251,3579,"1479931.94 USD",1,"W",59.52,"W"
"walker","bradley","200","NC","federal:house","NC06","I","M",1.225,1.386,3426,"893357.37 USD",NA,NA,NA,NA
"thompson","bennie","100","MS","federal:house","MS02","I","M",-0.464,-0.91,5495,"1379891.97 USD",0.9399,"W",66.02,"W"
"smith","jason","200","MO","federal:house","MO08","I","M",1.124,1.238,15941,"1902371.34 USD",1,"W",76.86,"W"
"dingell","debbie","100","MI","federal:house","MI12","I","F",-0.605,-0.83,7235,"1633275.73 USD",0.8093,"W",66.43,"W"
"moolenaar","john","200","MI","federal:house","MI04","I","M",1.048,1.139,5265,"1534896.16 USD",1,"W",65,"W"
"ferguson","dana","100","MI","federal:house","MI01","C","F",-1.041,-1.005,1968,"0 USD",NA,NA,NA,NA
"mcgovern","james","100","MA","federal:house","MA02","I","M",-0.87,-0.752,11071,"1056341.59 USD",0.9944,"W",65.33,"W"
"graves","garret","200","LA","federal:house","LA06","I","M",0.865,1.045,5023,"1782976.83 USD",0.001,"W",71.05,"W"
"visclosky","peter","100","IN","federal:house","IN01","I","M",-0.28,-0.264,5190,"627572.46 USD",NA,NA,NA,NA
"bost","michael","200","IL","federal:house","IL12","I","M",0.757,1.16,6146,"1948780.91 USD",1,"W",60.43,"W"
"loudermilk","barry","200","GA","federal:house","GA11","I","M",1.324,1.313,2548,"899982.15 USD",1,"W",60.43,"W"
"mensing","dale","200","CA","federal:house","CA02","C","M",1.694,1.808,5,"5959.5 USD",0.1885,"L",24.26,"L"
"amata","aumua","200","AS","federal:house","AS01","I","F",0.988,0.983,431,"75727.21 USD",0.001,"W",83.33,"W"
"hill","james","200","AR","federal:house","AR02","I","M",1.032,1.071,5209,"3423234.37 USD",1,"W",55.37,"W"
"pocan","mark","100","WI","federal:house","WI02","I","M",-0.987,-0.886,15161,"1293769.38 USD",0.996,"W",69.67,"W"
"stewart","chris","200","UT","federal:house","UT02","I","M",1.014,1.115,2311,"951886.52 USD",1,"W",59,"W"
"veasey","marc","100","TX","federal:house","TX33","I","M",-0.584,-0.87,4547,"1639811.54 USD",0.6357,"W",66.82,"W"
"williams","roger","200","TX","federal:house","TX25","I","M",1.291,1.235,5028,"2446005.09 USD",0.8757,"W",55.93,"W"
"vela","filemon","100","TX","federal:house","TX34","I","M",-0.292,-0.246,2018,"993228.15 USD",0.7506,"W",55.43,"W"
"sessions","pete","200","TX","federal:house","TX17","C","M",1.197,1.308,10383,"1485908.61 USD",0.3161,"W",55.85,"W"
"cooper","james","100","TN","federal:house","TN05","I","M",-0.485,-0.571,7932,"939747.01 USD",0.5709,"W",99.99,"W"
"wilson","joe","200","SC","federal:house","SC02","I","M",1.124,1.24,8207,"1686288.77 USD",0.7412,"W",55.66,"W"
"clyburn","james","100","SC","federal:house","SC06","I","M",-0.509,-0.676,15136,"3447751.06 USD",1,"W",68.18,"W"
"perry","scott","200","PA","federal:house","PA10","I","M",1.32,1.341,9368,"4020493.92 USD",0.9954,"W",53.24,"W"
"cole","tom","200","OK","federal:house","OK04","I","M",0.781,1.124,7102,"1816062.45 USD",0.7633,"W",67.79,"W"
"ryan","timothy","100","OH","federal:house","OH13","I","M",-0.452,-0.638,308859,"1991087.32 USD",1,"W",52.49,"W"
"joyce","david","200","OH","federal:house","OH14","I","M",0.715,0.918,4747,"2942391.5 USD",0.8312,"W",59.59,"W"
"beatty","joyce","100","OH","federal:house","OH03","I","F",-0.427,-0.633,6602,"2238648.69 USD",0.6812,"W",70.83,"W"
"maloney","carolyn","100","NY","federal:house","NY12","I","F",-0.627,-0.583,13679,"3069723.16 USD",0.4272,"W",82.09,"W"
"king","pete","200","NY","federal:house","NY02","I","M",0.521,0.921,5753,"616672.45 USD",NA,NA,NA,NA
"horsford","steven","100","NV","federal:house","NV04","I","M",-0.719,-0.727,12889,"3516730.34 USD",0.7506,"W",50.67,"W"
"payne","donald","100","NJ","federal:house","NJ10","I","M",-0.661,-0.674,2257,"593734.97 USD",0.8845,"W",83.28,"W"
"holding","george","200","NC","federal:house","NC02","I","M",1.085,1.192,3337,"994848.24 USD",NA,NA,NA,NA
"pittenger","robert","200","NC","federal:house","NC09","C","M",1.192,1.287,4247,"505.7 USD",NA,NA,NA,NA
"rouzer","david","200","NC","federal:house","NC07","I","M",1.213,1.093,4231,"1642500.38 USD",1,"W",60.25,"W"
"wagner","ann","200","MO","federal:house","MO02","I","F",1.276,1.253,25128,"5653505.76 USD",1,"W",51.89,"W"
"lawrence","brenda","100","MI","federal:house","MI14","I","F",-0.49,-0.87,2702,"1087214.74 USD",0.932,"W",79.28,"W"
"kildee","daniel","100","MI","federal:house","MI05","I","M",-0.695,-0.739,12244,"1677147.06 USD",1,"W",54.45,"W"
"lynch","stephen","100","MA","federal:house","MA08","I","M",-0.5,-0.588,8649,"911202.1 USD",0.664,"W",80.68,"W"
"massie","thomas","200","KY","federal:house","KY04","I","M",1.392,1.315,4065,"1464744.63 USD",0.81,"W",67.09,"W"
"brooks","susan","200","IN","federal:house","IN05","I","F",1.196,1.1,3013,"231563.52 USD",NA,NA,NA,NA
"davis","rodney","200","IL","federal:house","IL13","I","M",1.02,1.105,10330,"5011860.29 USD",1,"W",54.46,"W"
"gabbard","tulsi","100","HI","federal:house","HI02","I","F",-0.597,-0.66,137231,"737136.68 USD",NA,NA,NA,NA
"collins","douglas","200","GA","federal:house","GA09","I","M",1.322,1.393,13162,"1858809.75 USD",NA,NA,NA,NA
"brownley","julia","100","CA","federal:house","CA26","I","F",-1.007,-1.008,21610,"2013696.47 USD",0.5585,"W",60.58,"W"
"barkley","michael","100","CA","federal:house","CA10","C","M",-1.12,-1.038,564,"7792.19 USD",0.0352,"L",NA,NA
"duffy","sean","200","WI","federal:house","WI07","I","M",1.411,1.39,5632,"1181751.43 USD",NA,NA,NA,NA
"herrera beutler","jaime","200","WA","federal:house","WA03","I","F",1.234,1.154,12222,"4623991.32 USD",0.5624,"W",56.37,"W"
"heck","dennis","100","WA","federal:house","WA10","I","M",-0.554,-0.755,4498,"492416.82 USD",NA,NA,NA,NA
"griffith","h morgan","200","VA","federal:house","VA09","I","M",1.163,1.228,3967,"877151.28 USD",1,"W",93.98,"W"
"kadir","omar","100","TX","federal:house","TX31","C","M",-1.168,-1.065,4,"235.3 USD",NA,NA,NA,NA
"pruneda","mateo","100","TX","federal:house","TX26","C","M",-1.128,-1.139,88,"33256.45 USD",0.2801,"L",NA,NA
"kuzmich","stephen","328","TX","federal:house","TX24","C","M",0.308,0.507,45,"175504.46 USD",NA,"L",1.23,"L"
"hurd","william","200","TX","federal:house","TX23","I","M",1.098,1.245,4687,"1277366.69 USD",NA,NA,NA,NA
"walz","thaddeus","200","TX","federal:house","TX22","C","M",2.39,2.516,7,"54951.82 USD",0.0142,"L",NA,NA
"flores","bill","200","TX","federal:house","TX17","I","M",1.077,1.276,3171,"415115.87 USD",NA,NA,NA,NA
"khan","imran","100","TX","federal:house","TX06","C","M",-0.911,NA,40,"0 USD",NA,NA,NA,NA
"cardnell","elisa","100","TX","federal:house","TX02","C","F",-0.953,-0.92,2644,"388780.87 USD",0.3102,"L",NA,NA
"fleischmann","charles","200","TN","federal:house","TN03","I","M",1.102,1.173,3750,"1057453.39 USD",1,"W",67.3,"W"
"spawn","ellee","100","SD","federal:house","SD01","C","F",-1.247,-0.977,20,"0 USD",NA,NA,NA,NA
"covert","michael","200","SC","federal:house","SC01","C","M",1.453,NA,102,"176002.01 USD",NA,NA,NA,NA
"brier","thomas","100","PA","federal:house","PA10","C","M",-0.623,-0.752,1483,"670965.37 USD",0.425,"L",NA,NA
"hendricks","darryl","100","PA","federal:house","PA07","C","M",1.247,1.198,7318,"3740779.05 USD",0.5212,"W",48.07,"L"
"gibbs","robert","200","OH","federal:house","OH07","I","M",0.753,1.156,3398,"791888.23 USD",1,"W",67.5,"W"
"whitmer","duane","328","NY","federal:house","NY27","C","M",1.108,1.183,14,"36056.18 USD",0.746,"W",1.27,"L"
"serrano","jose","100","NY","federal:house","NY15","I","M",-0.678,-0.489,2031,"17751 USD",NA,NA,NA,NA
"ortiz","jonathan","100","NY","federal:house","NY15","C","M",-1.069,-1.054,50,"9505.55 USD",NA,NA,NA,NA
"malliotakis","nicole","200","NY","federal:house","NY11","C","F",1.002,0.894,17542,"3506503.67 USD",0.6868,"W",48.9,"W"
"weinstock","michael","100","NY","federal:house","NY03","C","M",-0.47,-0.423,179,"88588 USD",0.0772,"L",NA,NA
"mathys","chris","200","NM","federal:house","NM02","C","M",1.271,1.361,15,"316132 USD",0.2378,"L",NA,NA
"kuster","ann","100","NH","federal:house","NH02","I","F",-0.996,-0.869,33396,"3045110.35 USD",0.9259,"W",53.9,"W"
"ashford","ann","100","NE","federal:house","NE02","C","F",-0.511,-0.43,772,"511333.55 USD",0.3119,"L",NA,NA
"sobie","curtis","100","NC","federal:house","NC04","C","M",-1.234,-1.207,35,"4173.19 USD",NA,NA,NA,NA
"thomas","allen","100","NC","federal:house","NC03","C","M",-0.583,-0.797,343,"623737.88 USD",NA,NA,NA,NA
"perry","joan","200","NC","federal:house","NC03","C","F",1.08,1.159,342,"504760.05 USD",NA,NA,NA,NA
"cairns","celeste","200","NC","federal:house","NC03","C","F",1.309,1.408,178,"133966.25 USD",NA,NA,NA,NA
"murphy","gregory","200","NC","federal:house","NC03","C","M",1.229,1.31,3760,"1874948.63 USD",1,"W",63.38,"W"
"speciale","michael","200","NC","federal:house","NC03","C","M",1.62,1.525,333,"16702.45 USD",NA,NA,NA,NA
"nix","michele","200","NC","federal:house","NC01","C","F",1.438,NA,63,"59694.5 USD",0.0989,"L",NA,NA
"carter","deandre","100","NC","federal:house","NC01","C","M",-1.181,-1.172,19,"0 USD",NA,NA,NA,NA
"palazzo","steven","200","MS","federal:house","MS04","I","M",1.14,1.274,2661,"827661.5 USD",0.6682,"W",100,"W"
"abundis","vic","100","MO","state:lower","MO06","O","M",-0.903,-0.91,155,"21748.67 USD",NA,NA,NA,NA
"sandbeck","david","100","MN","federal:house","MN04","C","M",-1.369,-1.354,27,"16181 USD",0.036,"L",NA,NA
"noland","kelly","100","MI","federal:house","MI10","C","F",-1.05,-0.997,22,"0 USD",0.4627,"L",NA,NA
"rafi","emily","100","MI","federal:house","MI03","C","F",-0.677,-0.66,15,"26586 USD",0.0368,"L",NA,NA
"parrott","neil","200","MD","federal:house","MD06","C","M",1.291,1.348,6033,"316822.29 USD",0.652,"W",39.19,"L"
"dar","mohammad","100","MA","federal:house","MA08","C","M",-0.942,-0.977,553,"192106.13 USD",NA,NA,NA,NA
"bucshon","larry","200","IN","federal:house","IN08","I","M",1.124,1.179,2950,"1056939.69 USD",1,"W",66.95,"W"
"malouf","daniel","200","IL","federal:house","IL14","C","M",1.157,1.245,9,"25071.98 USD",NA,NA,NA,NA
"emmons","robert","100","IL","federal:house","IL01","C","M",-1.043,-0.978,795,"0 USD",0.1027,"L",NA,NA
"taylor","jeremy","200","IA","federal:house","IA04","C","M",1.413,1.389,818,"170532.92 USD",0.0783,"L",NA,NA
"kahele","kaiali","100","HI","federal:house","HI02","C","M",-0.711,-0.851,6787,"1253138.86 USD",0.7647,"W",63.03,"W"
"stephens","key","100","GA","federal:house","GA09","C","U",-1.08,NA,931,"0 USD",NA,NA,NA,NA
"scott","james","200","GA","federal:house","GA08","I","M",1.214,1.298,3595,"836255.71 USD",0.8981,"W",64.51,"W"
"eaves","john","100","GA","federal:house","GA07","C","M",-0.698,-0.748,642,"171494.53 USD",0.0773,"L",NA,NA
"cole","marqus","100","GA","federal:house","GA07","O","M",-1,NA,202,"60717.88 USD",NA,NA,NA,NA
"hice","jody","200","GA","federal:house","GA10","I","M",1.478,1.57,1365,"600996.55 USD",1,"W",62.31,"W"
"jones","lateresa","200","FL","federal:house","FL20","C","F",1.115,NA,18,"5096.95 USD",NA,NA,NA,NA
"chester","albert","100","FL","federal:house","FL05","C","M",-0.783,-0.776,434,"77748.85 USD",0.2593,"L",NA,NA
"lawson","alfred","100","FL","federal:house","FL05","I","M",-0.094,-0.295,4805,"884597.08 USD",0.5573,"W",65.13,"W"
"rodriguez","ruben","200","CT","federal:house","CT05","C","M",1.512,0.78,10,"3782.54 USD",NA,"L",NA,NA
"winters","charlie","100","CO","federal:house","CO01","C","M",-1.175,NA,13,"0 USD",NA,NA,NA,NA
"wilske","larry","200","CA","federal:house","CA50","C","M",1.441,1.523,236,"476219.87 USD",NA,NA,NA,NA
"williams","grace","100","CA","federal:house","CA41","C","F",-0.107,-0.308,63,"40696.28 USD",0.1619,"L",NA,NA
"bradley","james","200","CA","federal:house","CA33","C","M",1.38,NA,181,"100849.8 USD",0.1745,"L",32.42,"L"
"omara","william","100","CA","federal:house","CA42","C","M",-1.108,-1.115,947,"131355.03 USD",0.2294,"L",42.87,"L"
"gonzales","emanuel","100","CA","federal:house","CA32","C","M",-1.14,-1.15,29,"5812 USD",0.1246,"L",NA,NA
"bacelar","agatha","328","CA","federal:house","CA12","C","F",-0.924,-0.964,515,"81751.68 USD",0.0151,"L",NA,NA
"wadsack","justine","200","AZ","federal:house","AZ02","C","F",1.634,1.615,272,"17427.68 USD",NA,NA,NA,NA
"gosar","paul","200","AZ","federal:house","AZ04","I","M",1.381,1.202,4984,"651498.66 USD",0.6313,"W",69.74,"W"
"connolly","gerry","100","VA","federal:house","VA11","I","M",-0.768,-0.826,12175,"2019757.38 USD",0.776,"W",71.39,"W"
"fudge","marcia","100","OH","federal:house","OH11","I","F",-0.6,-0.814,1975,"782503 USD",0.9047,"W",80.05,"W"
"marchant","kenny","200","TX","federal:house","TX24","I","M",1.212,1.329,2950,"809351.41 USD",NA,NA,NA,NA
"thornberry","william","200","TX","federal:house","TX13","I","M",1.189,0.962,4539,"484319.12 USD",NA,NA,NA,NA
"doyle","michael","100","PA","federal:house","PA18","I","M",-0.539,-0.426,3264,"1012481.72 USD",0.6689,"W",69.1,"W"
"carter","john","200","TX","federal:house","TX31","I","M",1.295,1.071,6911,"2168867.75 USD",0.8228,"W",53.43,"W"
"burgess","michael","200","TX","federal:house","TX26","I","M",1.061,1.601,15150,"1827226.5 USD",0.736,"W",60.61,"W"
"cuellar","roberto","100","TX","federal:house","TX28","I","M",0.385,-0.063,8844,"2752019.23 USD",0.5179,"W",58.3,"W"
"scott","david","100","GA","federal:house","GA13","I","M",-0.293,-0.102,4309,"1228393.21 USD",0.5292,"W",77.39,"W"
"cantwell","maria","100","WA","federal:senate","WAS24","I","F",-1.1,-0.834,50414,"955976.58 USD",NA,NA,NA,NA
"wicker","roger","200","MS","federal:senate","MSS24","I","M",1.07,1.344,13477,"603587.64 USD",NA,NA,NA,NA
"sensenbrenner","f james","200","WI","federal:house","WI05","I","M",1.24,NA,2577,"63608.52 USD",NA,NA,NA,NA
"latta","robert","200","OH","federal:house","OH05","I","M",1.102,1.107,7021,"1594841.86 USD",1,"W",68,"W"
"lowey","nita","100","NY","federal:house","NY17","I","F",-0.588,-0.719,7976,"721946.5 USD",NA,NA,NA,NA
"smith","christopher","200","NJ","federal:house","NJ04","I","M",0.648,0.082,5227,"1386941.44 USD",0.9476,"W",59.88,"W"
"luetkemeyer","w blaine","200","MO","federal:house","MO03","I","M",1.058,1.264,12784,"2026937.9 USD",0.7484,"W",69.44,"W"
"carson","andre","100","IN","federal:house","IN07","I","M",-0.808,-0.568,4767,"1020534.26 USD",0.9177,"W",62.44,"W"
"posey","bill","200","FL","federal:house","FL08","I","M",1.203,1.085,5770,"990772.81 USD",0.6247,"W",61.35,"W"
"larson","john","100","CT","federal:house","CT01","I","M",-0.537,-0.473,7903,"1390151.56 USD",0.001,"W",60.99,"W"
"kirkpatrick","ann","100","AZ","federal:house","AZ02","I","F",-0.958,-0.913,111872,"1898759.09 USD",0.7633,"W",55.1,"W"
"welch","peter","100","VT","federal:house","VT01","I","M",-1.142,-0.907,24573,"852093.62 USD",0.9545,"W",67.31,"W"
"defazio","peter","100","OR","federal:house","OR04","I","M",-0.773,-0.677,24833,"5286362.26 USD",0.8373,"W",51.52,"W"
"sires","albio","100","NJ","federal:house","NJ08","I","M",-0.391,-0.636,3323,"605810.03 USD",0.7033,"W",74.03,"W"
"upton","frederick","200","MI","federal:house","MI06","I","M",0.988,1.034,9271,"3646564.23 USD",0.6266,"W",55.81,"W"
"roskam","peter","200","IL","federal:house","IL06","C","M",1.215,1.324,10270,"4428.7 USD",NA,NA,NA,NA
"castor","kathy","100","FL","federal:house","FL14","I","F",-0.545,-0.654,7206,"892192.37 USD",1,"W",60.26,"W"
"green","alexander","100","TX","federal:house","TX09","I","M",-0.719,-0.556,1881,"476563.73 USD",0.8357,"W",75.48,"W"
"clarke","yvette","100","NY","federal:house","NY09","I","F",-0.725,-0.674,8115,"1215128.7 USD",0.5994,"W",70.61,"W"
"butterfield","g","100","NC","federal:house","NC01","I","M",-0.577,-0.814,3604,"1040201.15 USD",1,"W",54.18,"W"
"davis","danny","100","IL","federal:house","IL07","I","M",-0.662,-0.634,4200,"549990.33 USD",0.6019,"W",80.41,"W"
"wasserman schultz","debbie","100","FL","federal:house","FL23","I","F",-0.691,-0.581,24293,"2204638 USD",0.7204,"W",58.19,"W"
"turner","michael","200","OH","federal:house","OH10","I","M",0.905,0.912,5121,"1765007.79 USD",0.8637,"W",58.36,"W"
"grijalva","raul","100","AZ","federal:house","AZ03","I","M",-0.874,-0.766,23236,"879340.53 USD",1,"W",64.57,"W"
"quigley","mike","100","IL","federal:house","IL05","I","M",-0.664,-0.704,3107,"1172557.2 USD",0.751,"W",70.77,"W"
"heller","dean","200","NV","federal:house","NV02","C","M",NA,1.282,10999,"271371.29 USD",NA,NA,NA,NA
"hull","stevie","200","NC","federal:house","NC09","O","M",1.109,NA,39,"69552.16 USD",NA,NA,NA,NA
"shubert","fern","200","NC","federal:house","NC09","O","F",1.638,1.445,301,"9284.52 USD",NA,NA,NA,NA
"rushing","stony","200","NC","federal:house","NC09","O","M",1.432,1.637,52,"73550.4 USD",NA,NA,NA,NA
"rouse","eric","200","NC","federal:house","NC03","O","M",1.72,1.519,38,"181890 USD",NA,NA,NA,NA
"hegar","mary","100","TX","federal:senate","TXS20","C","F",-1.021,-1.025,174779,"29597569.83 USD",0.2231,"W",43.87,"L"
"reynolds","joseph","200","SC","federal:senate","SCS20","C","M",-0.196,-0.238,17,"109544.45 USD",0.0917,"L",NA,NA
"clarkson","gavin","200","NM","federal:senate","NMS20","C","M",1.345,1.405,964,"1302445.08 USD",0.1739,"L",NA,NA
"williams","steven","100","NC","federal:senate","NCS20","C","M",-1.119,-0.806,21,"0 USD",NA,NA,NA,NA
"kidman","bre","100","ME","federal:senate","MES20","C","F",-1.346,-1.328,47,"23975.68 USD",0.0559,"L",NA,NA
"burnes","ellen","100","CO","federal:senate","COS20","C","F",-1.014,-0.984,101,"122027.52 USD",NA,NA,NA,NA
"baer","dan","100","CO","federal:senate","COS20","C","M",-0.995,NA,7847,"1677280.74 USD",NA,NA,NA,NA
"spaulding","stephany","100","CO","federal:senate","COS20","C","F",-1.077,-1.037,1623,"191742.54 USD",NA,NA,NA,NA
"tuberville","thomas","200","AL","federal:senate","ALS20","C","M",1.348,NA,17841,"9605815.13 USD",0.3339,"W",60.1,"W"
"phillips","john","328","00","federal:president","PRES","C","M",1.018,1.167,3,"5343.17 USD",NA,NA,NA,NA
"swalwell","eric","100","00","federal:president","PRES","C","M",-0.932,NA,9201,"2604856.44 USD",NA,NA,NA,NA
"weld","william","200","00","federal:president","PRES","C","M",-0.677,-0.692,1484,"2104103.63 USD",NA,NA,NA,NA
"ruff","kimberly","328","00","federal:president","PRES","C","F",1.076,1.16,12,"23408.2 USD",NA,NA,NA,NA
"orourke","robert","100","00","federal:president","PRES","C","M",-1.025,NA,161874,"701417.43 USD",NA,NA,NA,NA
"woolum","albert","100","TX","federal:house","TX12","C","M",-1.113,-1.171,43,"0 USD",NA,NA,NA,NA
"ellison","allen","100","FL","federal:house","FL17","C","M",-0.992,-1.056,1841,"84005.43 USD",NA,NA,34.5176056078486,"L"
"swank","keith","200","WA","federal:house","WA08","C","M",1.583,1.432,174,"30839.75 USD",0.1738,"L",NA,NA
"collins","joshua","100","WA","federal:house","WA10","C","M",-1.163,-1.15,3233,"258992.26 USD",0.0118,"L",NA,NA
"ramirez","tina","200","VA","federal:house","VA07","C","F",1.279,NA,911,"404043.87 USD",NA,"L",NA,NA
"vasquez","fabian","200","TX","federal:house","TX33","C","M",1.584,1.681,28,"36691.69 USD",1,"W",25.15,"L"
"whitten","sandra","200","TX","federal:house","TX28","C","F",1.467,1.591,225,"24833.76 USD",1,"W",38.98,"L"
"valenzuela","candace","100","TX","federal:house","TX24","C","F",-0.974,-1.049,19521,"4945025.58 USD",0.3036,"W",47.48,"L"
"fletcher","crystal","100","TX","federal:house","TX24","C","F",-0.59,-0.6,298,"127573.21 USD",0.0569,"L",NA,NA
"orozco","stevens","100","TX","federal:house","TX18","C","M",-1.033,-1.049,110,"9083.14 USD",0.0338,"L",NA,NA
"teague","johnny","200","TX","federal:house","TX09","C","M",1.476,1.557,141,"98348.17 USD",0.5869,"W",21.64,"L"
"hunt","wesley","200","TX","federal:house","TX07","C","M",1.456,NA,55134,"7611866.36 USD",0.61,"W",47.45,"L"
"boroughs","adair","100","SC","federal:house","SC02","C","F",-0.962,-1.003,21177,"2537935.85 USD",1,"W",42.59,"L"
"timko","scott","200","PA","state:lower","PA17","C","M",1.346,1.432,55,"72934.18 USD",NA,NA,NA,NA
"siedenbuehl","thomas","200","PA","federal:house","PA06","C","M",1.672,1.662,19,"120600.36 USD",NA,NA,NA,NA
"roman","angela","200","OR","federal:house","OR05","C","F",1.544,NA,24,"16549.05 USD",0.0792,"L",NA,NA
"barajas","ricardo","100","OR","federal:house","OR01","C","M",-1.088,NA,11,"0 USD",0.0245,"L",NA,NA
"bice","stephanie","200","OK","federal:house","OK05","C","F",1.331,1.158,15589,"3779470.46 USD",0.2541,"W",52.06,"W"
"morgan","kenneth","200","OH","federal:house","OH06","C","M",2.617,2.751,2,"1685.63 USD",0.1311,"L",NA,NA
"misso","roger","100","NY","federal:house","NY24","C","M",-0.901,-0.936,1299,"428700.32 USD",NA,NA,NA,NA
"blake","michael","100","NY","federal:house","NY15","C","M",-0.828,-0.791,4789,"1006403.24 USD",0.1803,"L",NA,NA
"ramos","tomas","100","NY","federal:house","NY15","C","M",-0.275,-0.765,213,"76979 USD",0.0242,"L",NA,NA
"hernandez","miguel","200","NY","federal:house","NY14","C","M",2.004,2.068,7,"25483.99 USD",NA,NA,NA,NA
"saladino","joseph","200","NY","federal:house","NY11","C","M",1.617,1.716,18,"68704.22 USD",NA,NA,NA,NA
"frankel","amanda","100","NY","federal:house","NY10","C","F",-0.915,-0.935,100,"17159.82 USD",NA,NA,NA,NA
"peters","samuel","200","NV","federal:house","NV04","C","M",1.421,1.457,1389,"316136 USD",0.2812,"L",NA,NA
"leger","teresa","100","NM","federal:house","NM03","C","F",-0.922,-0.861,9600,"2305077.63 USD",0.428,"W",58.68,"W"
"sanchez","joseph","100","NM","federal:house","NM03","C","M",-0.359,NA,301,"204201.55 USD",0.1183,"L",NA,NA
"kean","thomas","200","NJ","federal:house","NJ07","C","M",0.843,0.767,17804,"3934329.98 USD",0.7939,"W",49.39,"L"
"applefield","david","100","NJ","federal:house","NJ04","C","M",-0.405,-0.393,144,"269673.64 USD",0.0744,"L",NA,NA
"lockwood","daniel","100","NC","federal:house","NC04","C","M",-1.221,-1.233,52,"6115.75 USD",0.1332,"L",NA,NA
"cooper","scott","100","NC","federal:house","NC02","C","M",-0.84,-0.855,1574,"596491.6 USD",NA,NA,NA,NA
"salazar","maite","100","MO","federal:house","MO05","C","F",-1.117,-1.062,327,"27985.93 USD",0.1469,"L",NA,NA
"norton","thomas","200","MI","federal:house","MI03","C","M",1.505,1.595,146,"51835.51 USD",0.1583,"L",NA,NA
"booth","douglas","100","MI","federal:house","MI03","C","M",-1.09,-0.986,164,"15666.63 USD",NA,NA,NA,NA
"christophe","sandra","100","LA","federal:house","LA05","C","F",-0.803,-0.628,261,"99229.8 USD",NA,"L",16.41,"L"
"sanguinetti","evelyn","200","IL","federal:house","IL06","C","F",0.919,0.995,105,"149008.38 USD",NA,NA,NA,NA
"matthew","abraham","100","IL","federal:house","IL03","C","M",-0.676,-0.805,140,"84015.14 USD",NA,NA,NA,NA
"gonsalves","mark","200","GA","federal:house","GA07","C","M",1.424,1.53,433,"495330.4 USD",0.5511,"W",48.61,"L"
"merritt","daniel","200","GA","federal:house","GA01","C","M",1.229,1.312,79,"104618.73 USD",0.164,"L",NA,NA
"vilarino","irina","200","FL","federal:house","FL26","C","F",0.856,1,295,"446090 USD",NA,NA,NA,NA
"musselwhite","gregory","200","FL","federal:house","FL20","C","M",1.6,1.7,189,"28955.28 USD",0.5202,"W",21.32,"L"
"troen","kirk","200","FL","federal:house","FL10","C","M",1.172,NA,30,"31836.29 USD",NA,NA,NA,NA
"ortiz","sergio","200","FL","federal:house","FL09","C","M",NA,2.051,18,"10830 USD",0.0862,"L",NA,NA
"gilmer","thomas","200","CT","federal:house","CT02","C","M",1.308,1.353,27,"75887.4 USD",0.4979,"L",NA,NA
"ramon caballero","jose","100","CA","federal:house","CA53","C","M",-1.114,NA,233,"22102.05 USD",NA,NA,NA,NA
"gennawey","ray","200","CA","federal:house","CA45","C","M",1.011,NA,60,"77674 USD",NA,NA,NA,NA
"motiwalla","frances","100","CA","federal:house","CA34","C","F",-1.076,-1.071,65,"120606.01 USD",0.1364,"L",NA,NA
"underwood jacobs","angela","200","CA","federal:house","CA25","C","F",0.89,1.034,167,"262744.65 USD",NA,NA,NA,NA
"valladares","suzette","200","CA","federal:house","CA25","O","F",1.544,0.527,1357,"33457.38 USD",NA,NA,NA,NA
"gallagher","tom","100","CA","federal:house","CA12","C","M",-1.038,NA,96,"15924 USD",0.0198,"L",NA,NA
"dossett","charles","200","CA","federal:house","CA10","C","M",1.242,NA,15,"17362.98 USD",NA,NA,NA,NA
"muscato","michael","100","AZ","federal:house","AZ08","C","M",-1.039,-1.036,3226,"409500.75 USD",0.5435,"W",40.43,"L"
"rimmer","stephanie","100","AZ","federal:house","AZ06","C","F",-0.83,-0.763,359,"190419.39 USD",0.0575,"L",NA,NA
"hightower","bill","200","AL","federal:house","AL01","C","M",1.335,1.232,1460,"1323944.09 USD",0.3748,"L",NA,NA
"lambert","douglas","200","AL","federal:house","AL01","C","M",1.179,1.286,25,"182564.96 USD",0.0312,"L",NA,NA
"arredondo lynch","alma","200","TX","federal:house","TX23","C","F",1.856,1.929,42,"125770.62 USD",0.1315,"L",NA,NA
"writz","ray","328","ID","federal:senate","IDS20","C","M",1.011,1.32,11,"4190 USD",1,"W",1.18,"L"
"collins","wilmot","100","MT","federal:senate","MTS20","C","M",-1.007,-0.861,2596,"281852.33 USD",NA,NA,NA,NA
"tomlinson","teresa","100","GA","federal:senate","GAS20","C","F",-0.853,-0.501,9268,"2918566.35 USD",0.1579,"L",NA,NA
"mahony","joshua","100","AR","federal:senate","ARS20","C","M",-0.984,-0.813,2334,"372735.13 USD",NA,NA,NA,NA
"moulton","seth","100","00","federal:president","PRES","C","M",-0.751,-0.759,8537,"2516794.74 USD",NA,NA,NA,NA
"horowitz","ami","100","00","federal:president","PRES","C","F",1.222,NA,5,"56859.22 USD",NA,NA,NA,NA
"vogel walcutt","jennifer","100","00","federal:president","PRES","C","F",-0.497,-0.504,77,"45763 USD",NA,NA,NA,NA
"watson","eugene","100","WV","federal:house","WV03","C","M",-0.954,NA,166,"160 USD",0.2931,"L",NA,NA
"durrance","neil","100","TX","federal:house","TX26","C","M",-1.036,-0.952,96,"0 USD",0.1664,"L",NA,NA
"barnes","sanjanetta","100","TX","federal:house","TX14","C","U",-1.26,-1.246,15,"23609.82 USD",0.106,"L",NA,NA
"noren","scott","100","NY","federal:house","NY23","C","M",-0.872,-0.921,10,"77145.39 USD",NA,NA,NA,NA
"hubbard","alexander","100","NY","federal:house","NY09","C","M",-1.409,-1.419,53,"20474.8 USD",NA,NA,NA,NA
"serna","marco","100","NM","federal:house","NM03","C","M",-0.363,-0.55,520,"723723.15 USD",0.0798,"L",NA,NA
"pallotta","frank","200","NJ","federal:house","NJ05","C","M",0.908,0.936,1199,"2100505.21 USD",0.5167,"W",45.64,"L"
"beaumont","paul","200","NC","federal:house","NC03","C","M",1.224,1.216,10,"11644.88 USD",NA,NA,NA,NA
"leckey","ihssane","100","MA","federal:house","MA04","C","U",-1.05,-1.042,2825,"2159987.81 USD",0.1111,"L",NA,NA
"raborn","theresa","200","IL","federal:house","IL02","C","F",1.699,NA,3,"0 USD",1,"W",21.19,"L"
"bullock","benjamin","200","GA","federal:house","GA14","C","M",1.275,NA,302,"375371.25 USD",0.0357,"L",NA,NA
"nietmann","elaine","100","GA","federal:house","GA04","C","F",-0.418,-0.399,32,"13146.46 USD",0.1832,"L",NA,NA
"edwards","janet","200","FL","federal:house","FL07","C","F",1.876,1.843,7,"15120 USD",NA,NA,NA,NA
"sparks","lisa","200","CA","federal:house","CA45","C","F",1.151,1.215,385,"519919.43 USD",0.0398,"L",NA,NA
"collins","joe","200","CA","federal:house","CA43","C","M",1.528,1.535,69633,"10620815.58 USD",0.1103,"L",28.32,"L"
"williams","kim","100","CA","federal:house","CA16","C","F",-0.668,-0.655,306,"53242.48 USD",0.0588,"L",NA,NA
"kennedy","brynne","100","CA","federal:house","CA04","C","F",-0.952,-0.936,6558,"3022017.35 USD",0.398,"L",44.05,"L"
"charles","mark","328","00","federal:president","PRES","C","M",-1.223,-1.237,143,"158715.85 USD",NA,NA,NA,NA
"phillips","george","200","NY","federal:house","NY22","C","M",1.121,1.035,849,"243912.36 USD",0.4033,"L",NA,NA
"gordon","jacqueline","100","NY","federal:house","NY02","C","F",-0.904,-0.647,12134,"4380059.16 USD",0.7228,"W",43.22,"L"
"lee","lerah","200","GA","federal:house","GA07","C","F",1.429,1.521,400,"0 USD",NA,NA,NA,NA
"hamilton","tamika","200","CA","federal:house","CA03","C","F",1.43,1.405,4365,"397099.11 USD",0.2728,"L",45.33,"L"
"marshall","robert","200","IL","federal:senate","ILS20","C","M",1.134,0.666,15,"150060 USD",0.1526,"L",NA,NA
"morgan","clinton","200","KY","federal:senate","KYS20","C","M",1.435,NA,23,"288018.08 USD",0.0618,"L",NA,NA
"graham","kimberly","100","IA","federal:senate","IAS20","C","F",-1.068,NA,2961,"294725.45 USD",0.1502,"L",NA,NA
"armstrong","kenneth","328","00","federal:president","PRES","C","M",0.82,0.928,21,"20360.41 USD",NA,NA,NA,NA
"hutcheson","shannon","100","TX","federal:house","TX10","C","F",-0.823,-0.948,1151,"1354728.96 USD",0.2292,"L",NA,NA
"armitage","christopher","100","WA","federal:house","WA05","C","M",-1.101,NA,1235,"149002.98 USD",0.1211,"L",NA,NA
"curtis","jon","100","TX","federal:house","TX31","C","M",-1.227,-1.24,15,"3119.79 USD",NA,NA,NA,NA
"canning","doyle","100","OR","federal:house","OR04","C","M",-1.105,-0.993,1574,"212499.47 USD",0.1543,"L",NA,NA
"basora","frangell","100","NY","federal:house","NY15","C","U",-1.086,-1.093,33,"11138.08 USD",0.0032,"L",NA,NA
"navarro","charles","200","NV","federal:house","NV04","C","M",1.181,1.261,72,"125252.78 USD",0.0633,"L",NA,NA
"freeman","morgann","100","NE","federal:house","NE02","C","F",-1.046,-0.882,91,"5209 USD",NA,NA,NA,NA
"supin","jeanne","100","NC","federal:house","NC05","C","F",-0.849,-0.993,213,"29241.73 USD",NA,NA,NA,NA
"mukherjee","valerie","200","IL","federal:house","IL10","C","F",1.342,1.423,15,"1140245 USD",1,"W",36.12,"L"
"hansen","thomas","200","IA","federal:house","IA01","C","M",1.736,1.592,5,"5646.54 USD",0.2189,"L",NA,NA
"mccormick","richard","200","GA","federal:house","GA07","C","M",1.329,1.355,4934,"2709379.62 USD",NA,NA,NA,NA
"rodden","nicole","200","GA","federal:house","GA06","C","F",1.58,1.635,102,"186390.33 USD",NA,NA,NA,NA
"blueming","michael","200","FL","federal:house","FL21","C","M",1.485,NA,14,"20937.13 USD",NA,NA,NA,NA
"kennedy","james","100","FL","federal:house","FL08","C","M",-1.083,-1.088,592,"138668.44 USD",1,"W",38.65,"L"
"rezvani sarabi","amir","100","CA","federal:house","CA22","C","M",-0.985,-0.989,1296,"245760.8 USD",0.0312,"L",NA,NA
"lummis","cynthia","200","WY","federal:senate","WYS20","C","F",1.29,1.232,3845,"3003787.92 USD",0.5967,"W",72.58,"W"
"sethi","dr","200","TN","federal:senate","TNS20","O","M",1.193,1.3,4542,"5940863.76 USD",0.0344,"L",NA,NA
"gideon","sara","100","ME","federal:senate","MES20","C","F",-1.014,-0.928,289184,"75629137.16 USD",0.7147,"W",42.39,"L"
"ausbrooks","jimmy","100","KY","federal:senate","KYS20","C","M",-1.103,-1.2,45,"1499.69 USD",0.0067,"L",NA,NA
"seppelfrick","dean","200","IL","federal:senate","ILS20","C","U",-0.723,NA,23,"0 USD",NA,NA,NA,NA
"mcinnis","charleta","100","00","federal:president","PRES","C","F",-0.642,-0.674,24,"20262.39 USD",NA,NA,NA,NA
"walker","javahn","100","NJ","federal:house","NJ06","C","U",-1.117,NA,30,"0 USD",NA,NA,NA,NA
"stapleton","corey","200","MT","federal:house","MT01","C","M",1.483,1.426,1853,"219453.72 USD",0.3321,"L",NA,NA
"holcomb","murray","100","TX","federal:house","TX31","C","M",-0.642,-0.77,154,"86610.98 USD",NA,NA,NA,NA
"fleming","richard","100","TX","federal:house","TX24","C","M",-0.933,-0.944,25,"18539.27 USD",0.0505,"L",NA,NA
"landing","katherine","200","SC","federal:house","SC01","C","F",1.389,1.417,256,"645778.75 USD",0.2592,"L",NA,NA
"ghebreghiorgis","andom","100","NY","federal:house","NY16","C","U",-1.113,-1.001,4108,"214728.14 USD",0.0085,"L",NA,NA
"tucker","antoine","200","NY","federal:house","NY14","C","M",1.522,NA,849,"200298.65 USD",NA,NA,NA,NA
"hsu","john","100","NJ","federal:house","NJ06","C","M",-0.968,-1.002,50,"5396 USD",NA,NA,NA,NA
"stella","danielle","200","MN","federal:house","MN05","C","F",1.376,NA,74,"139968.54 USD",0.1865,"L",NA,NA
"bryant","shelia","100","MD","federal:house","MD04","C","F",-1.051,-1.019,223,"71524.67 USD",0.1883,"L",NA,NA
"owensby","alexandra","100","KY","federal:house","KY04","C","F",-1.015,-0.865,1637,"166562.61 USD",0.5842,"W",32.91,"L"
"fricilone","mike","200","IL","federal:house","IL03","C","M",1.299,NA,137,"128457.99 USD",0.5748,"W",43.62,"L"
"babbage","lisa","200","GA","federal:house","GA07","O","F",1.608,1.61,25,"9726.52 USD",0.0521,"L",NA,NA
"hicks","antonio","100","GA","federal:house","GA04","C","M",-1.246,-1.444,38,"1764.25 USD",NA,NA,NA,NA
"thibodeau","mike","200","FL","federal:house","FL07","C","M",1.437,1.528,6,"12051 USD",NA,NA,NA,NA
"fortin","mara","200","CA","federal:house","CA49","C","F",1.404,1.423,26,"54828.01 USD",NA,NA,NA,NA
"mangone","kim","100","CA","federal:house","CA23","C","F",-1.074,-1.034,26882,"1688876.58 USD",0.3351,"L",37.86,"L"
"torres","ivan","100","CA","federal:house","CA19","C","U",-1.249,NA,3,"272.87 USD",0.1136,"L",NA,NA
"lorraine","deanna","200","CA","federal:house","CA12","C","F",1.506,NA,160,"263697.75 USD",0.018,"L",NA,NA
"averhart","james","100","AL","federal:house","AL01","O","M",-0.237,-0.361,60,"80094.95 USD",0.4035,"W",35.54,"L"
"lindstrom","david","200","KS","federal:senate","KSS20","O","M",1.171,1.252,363,"731753.03 USD",0.0659,"L",NA,NA
"mace","nancy","200","SC","federal:house","SC01","C","F",1.394,1.41,21965,"5873153.58 USD",0.5748,"W",50.58,"W"
"flora","john","100","NJ","federal:house","NJ10","C","M",0.318,0.375,187,"14897.47 USD",0.0449,"L",NA,NA
"tzintzun ramirez","cristina","100","TX","federal:senate","TXS20","C","F",-0.978,NA,3990,"1218354.08 USD",0.1319,"L",NA,NA
"adkins","gary","200","VA","federal:senate","VAS20","C","M",1.525,1.384,3,"14045 USD",NA,NA,NA,NA
"yancey","mark","200","TX","federal:senate","TXS20","C","M",1.594,1.579,25,"86543.09 USD",0.0646,"L",NA,NA
"edwards","amanda","100","TX","federal:senate","TXS20","C","F",-0.6,-0.687,3407,"1013503.56 USD",0.1014,"L",NA,NA
"billings","dylan","100","OK","federal:senate","OKS20","C","M",-1.066,-1.057,69,"4568.33 USD",NA,NA,NA,NA
"messner","bryant","200","NH","federal:senate","NHS20","C","M",1.304,NA,2116,"7150052.78 USD",0.5017,"W",40.99,"L"
"obrien","william","200","NH","federal:senate","NHS20","C","M",1.481,1.529,75,"105956.54 USD",NA,NA,NA,NA
"ballard","jack","100","MT","federal:senate","MTS20","C","M",-0.972,-0.969,802,"30575 USD",NA,NA,NA,NA
"treacy","jonathan","100","ME","federal:senate","MES20","C","M",-1.099,-1.107,29,"36393.54 USD",NA,NA,NA,NA
"smith","bennie","100","KY","federal:senate","KYS20","C","M",-0.983,-1.014,34,"0 USD",0.0093,"L",NA,NA
"broihier","michael","100","KY","federal:senate","KYS20","C","M",-1.022,-0.986,5756,"620196.93 USD",0.0499,"L",NA,NA
"kobach","kris","200","KS","federal:senate","KSS20","O","U",1.426,1.472,9722,"1149414.57 USD",0.261,"L",NA,NA
"boyda","nancy","100","KS","federal:senate","KSS20","O","F",-0.882,-0.855,76,"15995.6 USD",NA,NA,NA,NA
"terry","edward","100","GA","federal:senate","GAS20","C","M",-1.052,-0.836,1834,"140274.36 USD",NA,NA,NA,NA
"warren","michelle","100","CO","federal:senate","COS20","C","F",-1.004,-0.998,254,"104120.74 USD",NA,NA,NA,NA
"gross","al","328","AK","federal:senate","AKS20","C","M",-1.001,-0.779,61943,"19572461.76 USD",0.8555,"W",41.19,"L"
"moyowasifza curry","sedinam","328","00","federal:president","PRES","C","",-0.206,NA,3,"7129.76 USD",NA,NA,NA,NA
"sestak","joseph","100","00","federal:president","PRES","C","M",-0.799,-0.904,1916,"449344.58 USD",NA,NA,NA,NA
"fitzherbert","brian","200","NJ","federal:house","NJ02","C","M",0.98,1.075,90,"37862.2 USD",NA,NA,NA,NA
"hepburn","michael","100","FL","federal:house","FL27","C","M",-1.238,-1.117,286,"10300 USD",NA,NA,NA,NA
"greenwald","peter","200","VA","federal:house","VA07","C","M",1.771,1.083,17,"16095.84 USD",NA,"L",NA,NA
"dodds","philip","100","FL","federal:house","FL03","C","M",-1.128,-1.114,191,"59966.81 USD",0.323,"L",NA,NA
"stuck","amanda","100","WI","federal:house","WI08","C","F",-1.089,-0.98,3026,"424558.24 USD",0.9993,"W",35.79,"L"
"bonner","justin","100","WI","federal:house","WI03","C","M",-0.987,-1.071,16,"691.76 USD",NA,NA,NA,NA
"tirman","matthew","100","WA","federal:house","WA06","C","M",-0.919,NA,8,"0 USD",NA,NA,NA,NA
"jones","rob","200","VA","federal:house","VA10","C","M",1.271,NA,909,"531380.87 USD",NA,"L",NA,NA
"webb","bryant","100","VA","federal:house","VA05","C","M",-0.975,-0.979,27367,"5787797.38 USD",0.6654,"W",47.3,"L"
"coleman","kim","200","UT","federal:house","UT04","C","F",1.502,1.464,436,"678088.6 USD",0.00242626614577834,"L",NA,NA
"anderson","kathleen","200","UT","federal:house","UT04","C","F",1.359,1.276,69,"308254.26 USD",NA,"L",NA,NA
"boatman","r","200","TX","federal:house","TX36","C","U",1.655,1.735,66,"190580.08 USD",0.1044,"L",NA,NA
"collins","genevieve","200","TX","federal:house","TX32","C","F",1.328,1.286,5542,"6014678.85 USD",0.5288,"W",45.93,"L"
"bravo","jeremy","100","TX","federal:house","TX31","C","M",-0.136,-0.106,21,"9470 USD",NA,NA,NA,NA
"imam","donna","100","TX","federal:house","TX31","C","F",-1.044,-1.059,7514,"1242168.22 USD",0.3069,"W",44.29,"L"
"sloan","heidi","100","TX","federal:house","TX25","C","F",-1.125,NA,1307,"215919.23 USD",0.3039,"L",NA,NA
"fegan","david","200","TX","federal:house","TX24","C","M",1.495,1.588,39,"88702.02 USD",0.2065,"L",NA,NA
"reed","derrick","100","TX","federal:house","TX22","C","M",-0.791,-0.789,385,"161328.25 USD",0.2469,"L",NA,NA
"lecea","justin","100","TX","federal:house","TX20","C","M",-1.142,NA,13,"0 USD",0.0454,"L",NA,NA
"armendariz jackson","irene","200","TX","federal:house","TX16","C","F",1.559,1.575,2187,"171496.53 USD",0.2543,"W",35.28,"L"
"espinoza","maria","200","TX","federal:house","TX07","C","F",1.532,1.578,39,"244794.15 USD",0.059,"L",NA,NA
"daniel","stephen","100","TX","federal:house","TX06","C","M",-0.913,-1.019,1724,"681820.75 USD",1,"W",43.98,"L"
"robertson","al","100","TX","federal:house","TX03","C","M",-1.083,NA,195,"5611.23 USD",NA,NA,NA,NA
"raver","whitney","100","SD","federal:house","SD01","C","F",-0.946,NA,87,"15193.2 USD",NA,NA,NA,NA
"cox","chris","200","SC","federal:house","SC01","C","M",1.422,NA,101,"121314.84 USD",0.0971,"L",NA,NA
"depasquale","eugene","100","PA","federal:house","PA10","C","M",-0.965,-0.813,12296,"4546246.6 USD",0.5739,"W",46.63,"L"
"lanni","lou","100","PA","federal:house","PA05","C","F",NA,-0.959,4,"8000 USD",NA,NA,NA,NA
"meehan","andrew","200","PA","federal:house","PA01","C","M",0.925,0.994,42,"61740.39 USD",0.3668,"L",NA,NA
"reiss","judi","100","PA","federal:house","PA01","C","F",-0.901,NA,299,"171764.14 USD",NA,NA,NA,NA
"kilgore","daniel","100","OH","federal:house","OH15","C","M",-1.014,-0.991,49,"0 USD",0.3435,"L",NA,NA
"freshour","shannon","100","OH","federal:house","OH04","C","F",-1.039,-1.054,23189,"0 USD",0.475,"W",29.31,"L"
"harper","morgan","100","OH","federal:house","OH03","C","U",-1.063,-1.042,9435,"858170.46 USD",0.3188,"L",NA,NA
"foster","nikki","100","OH","federal:house","OH01","C","F",-0.936,-0.932,2497,"585484.73 USD",0.3239,"L",NA,NA
"parlato","beth","200","NY","federal:house","NY27","C","F",1.15,1.232,415,"680174.77 USD",0.2162,"L",NA,NA
"cornwell","stephen","200","NY","federal:house","NY22","C","M",0.91,1.019,38,"105561 USD",NA,NA,NA,NA
"hawatmeh","ola","200","NY","federal:house","NY19","C","F",1.066,NA,192,"305779.82 USD",0.4228,"L",NA,NA
"ravelo","samuel","100","NY","federal:house","NY16","C","M",-0.628,-0.612,91,"49690.45 USD",0.0128,"L",NA,NA
"mark viverito","melissa","100","NY","federal:house","NY15","C","F",-0.772,-0.888,743,"390930.29 USD",0.0431,"L",NA,NA
"cummings","john","200","NY","federal:house","NY14","C","M",1.407,NA,8116,"11208556.71 USD",1,"W",24.59,"L"
"harrison","peter","100","NY","federal:house","NY12","C","M",-1.23,-1.163,365,"51739.99 USD",0.0423,"L",NA,NA
"nigro","jeanne","200","NY","federal:house","NY10","C","F",1.646,NA,30,"34752.78 USD",NA,NA,NA,NA
"choi","sandra","100","NY","federal:house","NY06","C","F",-1.132,-1.141,67,"22166.79 USD",0.1434,"L",NA,NA
"goroff","nancy","100","NY","federal:house","NY01","C","F",-0.924,-0.932,15052,"7941633.19 USD",0.3603,"W",42.91,"L"
"reed","randi","200","NV","federal:house","NV04","C","F",1.124,1.203,202,"162020.08 USD",0.0226,"L",NA,NA
"sutton","lisa","200","NV","federal:house","NV04","C","F",1.372,1.463,1754,"426001.85 USD",0.1509,"L",NA,NA
"schwartz","dan","200","NV","federal:house","NV03","C","M",1.175,1.002,202,"774285.6 USD",0.2708,"L",NA,NA
"tisdel","kyle","100","NM","federal:house","NM03","C","M",-0.997,-0.94,251,"73455.82 USD",0.0209,"L",NA,NA
"montoya","laura","100","NM","federal:house","NM03","O","F",-0.78,-0.808,757,"55093 USD",0.0614,"L",NA,NA
"becchi","rosemary","200","NJ","federal:house","NJ11","C","F",0.95,1.04,1622,"1698564.62 USD",1,"W",46.7,"L"
"ghassali","mike","200","NJ","federal:house","NJ05","C","M",0.437,0.539,208,"948734.15 USD",NA,NA,NA,NA
"kaszuba","tiffany","100","NJ","federal:house","NJ04","C","F",-0.628,NA,60,"20939.72 USD",NA,NA,NA,NA
"patterson","robert","200","NJ","federal:house","NJ02","C","M",1.268,1.302,172,"305804.83 USD",0.1765,"L",NA,NA
"judson","mark","100","NC","federal:house","NC07","C","M",-1.101,-1.046,117,"0 USD",0.3635,"L",NA,NA
"butler","jason","100","NC","federal:house","NC02","C","M",-0.958,NA,120,"42436.01 USD",NA,NA,NA,NA
"arvidson","erich","100","MO","federal:house","MO04","C","M",-1.069,-1.006,63,"6014.95 USD",NA,NA,NA,NA
"johnson","lacy","200","MN","federal:house","MN05","C","F",1.537,1.631,94111,"12195123.85 USD",0.7662,"W",25.83,"L"
"williams","whittney","200","MI","federal:house","MI11","C","F",0.812,0.905,96,"129736.85 USD",0.1179,"L",NA,NA
"langlois","joel","200","MI","federal:house","MI03","C","M",1.185,1.211,54,"463311 USD",NA,NA,NA,NA
"meijer","peter","200","MI","federal:house","MI03","C","M",1.181,0.737,4015,"3501196.66 USD",0.5019,"W",52.96,"W"
"berghoef","bryan","100","MI","federal:house","MI02","C","M",-1.031,-1.04,2784,"751623.64 USD",1,"W",38.22,"L"
"brakey","eric","200","ME","federal:house","ME02","C","M",1.46,1.483,1207,"855398.9 USD",0.2278,"L",NA,NA
"brown","carole","100","MD","federal:house","MD03","C","F",-0.736,-0.894,17,"36779.19 USD",NA,NA,NA,NA
"fazenbaker","tim","200","MD","state:lower","MD02","C","M",1.785,1.374,52,"29182 USD",NA,NA,NA,NA
"mulcahy","dnathaniel","100","MA","federal:house","MA06","C","M",-1.141,NA,34,"10278.11 USD",NA,NA,NA,NA
"morse","alex","100","MA","federal:house","MA01","C","M",-1.064,-0.833,21089,"2213933.62 USD",0.4122,"L",NA,NA
"hodgson","abbie","100","KS","federal:house","KS02","C","F",-1.057,NA,727,"76752.53 USD",NA,NA,NA,NA
"jacobs","andrew","100","IN","federal:house","IN05","O","M",-0.948,-0.506,23,"13359.45 USD",0.1328,"L",NA,NA
"magiera","chris","200","IN","federal:house","IN03","C","M",1.467,1.397,2,"289895 USD",0.1478,"L",NA,NA
"hursey","john","100","IL","federal:house","IL15","C","M",-1.083,NA,15,"0 USD",0.0655,"L",NA,NA
"funk","joel","100","IL","federal:house","IL12","C","M",-0.869,NA,225,"80761.14 USD",0.4966,"L",NA,NA
"ventura","rachel","100","IL","federal:house","IL11","C","F",-1.133,-1.089,477,"81262.24 USD",0.4128,"L",NA,NA
"tarnasiewicz heldut","andrew","100","IL","federal:house","IL09","C","M",-1.446,-1.458,12,"26852.34 USD",NA,NA,NA,NA
"ives","jeanne","200","IL","federal:house","IL06","C","F",1.389,1.406,5842,"3266599.58 USD",0.708,"W",45.43,"L"
"schilling","robert","200","IA","federal:house","IA02","O","M",1.269,1.429,140,"157617.97 USD",0.3632,"L",NA,NA
"elrod","clyde","100","GA","federal:house","GA10","C","M",-1.069,NA,7,"0 USD",NA,NA,NA,NA
"tseng","amida","200","GA","federal:house","GA07","O","F",1.923,2.017,6,"32613.67 USD",NA,NA,NA,NA
"perelman","jennifer","100","FL","federal:house","FL23","C","F",-1.037,-1.091,10742,"392382.24 USD",0.2796,"L",NA,NA
"scanlan","aaron","200","FL","federal:house","FL21","C","M",1.273,1.359,36,"93194.52 USD",0.0943,"L",NA,NA
"hattersley","adam","100","FL","federal:house","FL15","C","M",-0.923,-0.808,3725,"743209.55 USD",0.33,"L",NA,NA
"castillo","jose","200","FL","federal:house","FL09","C","M",1.45,1.621,972,"37568.85 USD",0.2013,"L",NA,NA
"riddle","jonathan","200","CT","federal:house","CT04","C","M",0.983,1.056,23,"31591.47 USD",1,"W",36.21,"L"
"stockham","casper","200","CO","federal:house","CO07","C","M",1.462,NA,131,"147959.35 USD",1,"W",37.6,"L"
"ramos","famela","200","CA","federal:house","CA53","C","U",0.69,0.954,47,"52926.11 USD",0.075,"L",NA,NA
"edick","david","328","CA","federal:house","CA50","C","M",-1.33,-1.282,2,"2180.13 USD",NA,NA,NA,NA
"west","amy","200","CA","federal:house","CA47","C","F",1.557,1.658,40,"65175.15 USD",0.1445,"L",NA,NA
"pai","aditya","100","CA","federal:house","CA45","C","M",-0.009,-0.328,258,"34823.2 USD",NA,NA,NA,NA
"kim","david","100","CA","federal:house","CA34","C","M",-0.999,-0.794,6746,"187704.76 USD",0.2103,"L",47.02,"L"
"early","eric","200","CA","federal:house","CA28","C","M",1.44,1.132,11364,"4134769.7 USD",0.1256,"L",27.34,"L"
"caldwell","james","200","CA","federal:house","CA24","C","M",1.329,NA,1428,"1323490.16 USD",0.3821,"L",41.34,"L"
"cookingham","kevin","200","CA","federal:house","CA16","C","M",1.356,1.346,264,"270292.35 USD",0.352,"L",40.62,"L"
"patterson","robert","200","CA","federal:house","CA07","C","M",1.533,1.655,379,"81731.71 USD",0.3357,"L",43.38,"L"
"stautz","shay","200","AZ","federal:house","AZ02","C","U",0.912,0.471,110,"245212.74 USD",NA,NA,NA,NA
"williams","celeste","100","AR","federal:house","AR03","C","F",-1.005,-0.842,2044,"356059.69 USD",1,"W",31.81,"L"
"dismukes","will","200","AL","federal:house","AL02","C","M",1.524,1.201,109,"15043 USD",NA,NA,NA,NA
"smith","erica","100","NC","federal:senate","NCS20","C","F",-1.067,-1.012,7062,"239739.84 USD",0.3481,"L",NA,NA
"keith","james","100","NY","federal:house","NY13","C","M",-1.006,-0.972,593,"101908.54 USD",0.2533,"L",NA,NA
"gade","daniel","200","VA","federal:senate","VAS20","C","M",1.472,NA,10873,"4925967.31 USD",0.6738,"W",43.91,"L"
"hagerty","bill","200","TN","federal:senate","TNS20","O","M",1.141,1.243,33316,"15772577.38 USD",0.0124,"L",NA,NA
"innis","matt","200","NE","federal:senate","NES20","C","M",1.488,1.581,59,"70824.11 USD",0.2479,"L",NA,NA
"kennedy","joseph","100","MA","federal:senate","MAS20","C","M",-0.78,-0.723,41086,"22801668.9 USD",0.4451,"L",NA,NA
"jones","matt","100","KY","federal:senate","KYS20","C","M",-0.915,-0.917,5,"49894.53 USD",NA,NA,NA,NA
"jordan lawlor","marilyn","100","IL","federal:senate","ILS20","C","F",-0.116,NA,11,"4310 USD",NA,NA,NA,NA
"oler","travis","100","ID","state:lower","IDS20","C","M",-1.1,-1.023,185,"0 USD",NA,NA,NA,NA
"woods","cal","100","IA","federal:senate","IAS20","C","M",-1.663,-1.544,8,"55834.5 USD",0.0122,"L",NA,NA
"hickenlooper","john","100","CO","federal:senate","COS20","C","M",-0.985,-0.893,172203,"44246118.41 USD",0.5865,"W",53.5,"W"
"roberts","clifton","328","00","federal:president","PRES","C","M",-1.509,NA,7,"4705 USD",NA,NA,NA,NA
"whitney","ellerton","328","00","federal:president","PRES","C","M",1.039,1.128,3,"100230.99 USD",NA,NA,NA,NA
"walsh","joe","200","00","federal:president","PRES","C","M",-0.334,0.366,3586,"619490.52 USD",NA,NA,NA,NA
"hopkins","randy","100","UT","federal:house","UT02","C","M",-1.254,-1.212,14,"7729.54 USD",NA,"L",NA,NA
"kemph","daniel","100","KY","federal:house","KY06","C","M",-1.241,-1.202,17,"52095.6 USD",0.2764,"L",NA,NA
"harris hoss","felicia","200","TX","federal:house","TX22","C","F",1.26,1.163,364,"232546.86 USD",NA,NA,NA,NA
"tiffany","tom","200","WI","federal:house","WI07","C","M",1.526,1.446,7975,"2652454.74 USD",0.9972,"W",60.73,"W"
"neumann","mark","100","WI","federal:house","WI03","C","M",NA,0.464,107,"35093.19 USD",NA,NA,NA,NA
"baan","andy","200","VA","federal:house","VA02","C","M",1.366,1.337,33,"25755 USD",NA,NA,NA,NA
"hemmert","dan","200","UT","federal:house","UT04","C","M",1.192,1.273,169,"488618.42 USD",NA,NA,NA,NA
"janjigian","dan","100","TX","federal:house","TX31","C","M",-0.504,-0.489,234,"138293.05 USD",0.0355,"L",NA,NA
"escuder","jaime","100","TX","federal:house","TX23","C","U",-1.232,-1.203,41,"10628.41 USD",0.0434,"L",NA,NA
"steele","howard","200","TX","federal:house","TX22","C","M",1.186,1.266,11,"68481.36 USD",0.0039,"L",NA,NA
"kegley","anita","200","TX","federal:house","TX20","C","F",1.583,1.432,11,"12172 USD",0.0953,"L",NA,NA
"arrriola","jaime","200","TX","federal:house","TX16","C","M",1.691,NA,7,"0 USD",0.1297,"L",NA,NA
"welch","lisa","100","TX","federal:house","TX12","C","F",-0.966,-0.97,385,"122470.75 USD",0.8106,"W",33.04,"L"
"virdell","wesley","200","TX","federal:house","TX11","C","M",1.59,1.579,133,"27016.75 USD",0.0714,"L",NA,NA
"hogg","jon","100","TX","federal:house","TX11","C","M",-0.745,-0.465,215,"138321.63 USD",1,"W",18.3,"L"
"rawlings","joshua","100","TN","federal:house","TN05","C","M",-0.959,-0.78,134,"20023 USD",0.0302,"L",NA,NA
"courser","amy","200","OR","federal:house","OR05","C","F",1.378,1.454,295,"232124.96 USD",0.5328,"W",45.15,"L"
"siebe","amanda","100","OR","federal:house","OR01","C","F",-1.136,NA,109,"8794.7 USD",0.0668,"L",NA,NA
"bell","jennifer","100","OH","federal:house","OH12","C","F",-1.077,NA,110,"9317.38 USD",0.4157,"L",NA,NA
"rodimer","dan","200","NV","federal:house","NV03","C","M",1.489,1.414,19255,"3152055.95 USD",0.4982,"W",45.77,"L"
"bedonie","karen","200","NM","federal:house","NM03","O","F",1.454,NA,23,"42144.28 USD",0.2776,"L",NA,NA
"oseguera","hector","100","NJ","federal:house","NJ08","C","M",-1.05,-1.041,823,"84623.6 USD",0.273,"L",NA,NA
"schmid","stephanie","100","NJ","federal:house","NJ04","C","F",-0.851,-0.884,1930,"801745.25 USD",0.6742,"W",38.27,"L"
"lamm","debra","200","MT","federal:house","MT01","C","F",1.643,1.669,278,"62216.58 USD",0.0668,"L",NA,NA
"fischbach","michelle","200","MN","federal:house","MN07","C","F",1.402,1.427,6386,"2646134.94 USD",0.5884,"W",53.39,"W"
"rajput","solomon","100","MI","federal:house","MI12","C","M",-0.797,-0.929,651,"147797.34 USD",0.1907,"L",NA,NA
"delgado","jorge","200","MD","federal:house","MD01","C","M",0.262,0.403,76,"108337.73 USD",0.1839,"L",NA,NA
"fabert","shannon","100","KY","federal:house","KY04","C","F",-1.025,-0.981,341,"35215.93 USD",0.4158,"L",NA,NA
"weir","sara","200","KS","federal:house","KS03","C","F",1.198,1.276,647,"793009.14 USD",0.2301,"L",NA,NA
"clifford","bill","200","KS","federal:house","KS01","C","M",1.136,1.271,407,"1230461.12 USD",0.331,"L",NA,NA
"mitchell","kelly","200","IN","federal:house","IN05","O","F",1.272,NA,1093,"352242.45 USD",0.0534,"L",NA,NA
"king","esther","200","IL","federal:house","IL17","C","F",1.272,1.368,6971,"2058085.15 USD",0.6513,"W",47.97,"L"
"lauf","catalina","200","IL","federal:house","IL14","C","F",1.446,1.573,12891,"355047.91 USD",0.2006,"L",NA,NA
"white","philanise","200","IL","federal:house","IL01","C","U",1.426,1.511,57,"6288.6 USD",0.9999,"W",26.15,"L"
"molina","raymond","200","FL","federal:house","FL27","C","M",0.729,NA,18,"32755.1 USD",0.1095,"L",NA,NA
"melton","jessica","200","FL","federal:house","FL22","C","F",0.235,0.626,1854,"216124.07 USD",0.2999,"L",NA,NA
"paulina luna","anna","200","FL","federal:house","FL13","C","F",1.527,NA,50158,"3326715.16 USD",0.3614,"W",46.96,"L"
"anderson","willie","100","FL","federal:house","FL02","C","M",-1.016,NA,5,"0 USD",NA,NA,NA,NA
"house","steven","200","CO","federal:house","CO06","C","M",1.34,1.368,1361,"1255905.78 USD",1,"W",39.96,"L"
"fields","zack","100","CA","federal:house","CA53","O","M",-0.822,-0.821,32,"46977.4 USD",NA,NA,NA,NA
"webber","errol","200","CA","federal:house","CA37","C","M",1.443,1.559,1198,"176238.94 USD",0.076,"L",14.06,"L"
"fricke","brandon","328","CA","federal:house","CA33","C","M",1.43,NA,18,"35908.06 USD",NA,NA,NA,NA
"kennedy","ronda","200","CA","federal:house","CA26","C","F",1.453,1.609,1755,"279592.75 USD",0.3556,"L",39.42,"L"
"feucht","jc","200","CA","federal:house","CA03","C","M",1.461,NA,259,"335056.74 USD",0.1352,"L",NA,NA
"king","troy","200","AL","federal:house","AL02","C","M",0.332,0.661,2584,"286727.66 USD",0.145,"L",NA,NA
"cheek","jamie","100","UT","federal:house","UT01","C","F",-1.037,-0.995,128,"30082.42 USD",0.4907,"L",NA,NA
"mchugh","john","328","PA","federal:house","PA06","C","M",-1.648,-1.505,4,"6165.15 USD",NA,NA,NA,NA
"rodriguez","ydanis","100","NY","federal:house","NY15","C","U",-0.353,NA,215,"191779 USD",0.1058,"L",NA,NA
"cruz","johsira","200","GA","federal:house","GA04","C","F",1.63,NA,9,"13454.11 USD",1,"W",19.92,"L"
"goldbeck","janessa","100","CA","federal:house","CA53","C","F",-0.946,-0.948,1373,"327169.41 USD",0.0851,"L",NA,NA
"earley","billy","200","CA","federal:house","CA44","C","M",1.594,1.667,4,"29579.95 USD",0.1319,"L",NA,NA
"obernolte","jay","200","CA","federal:house","CA08","C","M",1.257,0.936,2640,"2028339.32 USD",0.3495,"W",56.06,"W"
"chu","judy","100","CA","federal:house","CA27","I","F",-0.696,-0.871,9451,"1220538.13 USD",0.7093,"W",69.78,"W"
"conaway","herb","100","NJ","federal:house","NJ03","C","M",-0.638,NA,3457,"1353247.91 USD",NA,NA,NA,NA
"romney","willard","200","UT","federal:senate","UTS24","I","M",0.736,1.013,114172,"1237434.21 USD",NA,NA,NA,NA
"schumer","charles","100","NY","federal:senate","NYS28","I","M",-0.946,-0.688,161049,"2790888.71 USD",NA,NA,NA,NA
"cramer","kevin","200","ND","federal:senate","NDS24","I","M",1.295,1.39,16932,"5562461.74 USD",NA,NA,NA,NA
"hyde smith","cindy","200","MS","federal:senate","MSS26","I","F",1.355,1.431,12488,"750573.65 USD",NA,NA,NA,NA
"hawley","joshua","200","MO","federal:senate","MOS24","I","M",1.478,NA,53796,"13808806.06 USD",NA,NA,NA,NA
"pensler","sandy","200","MI","federal:senate","MIS24","O","F",0.578,0.716,162,"4960161.62 USD",NA,NA,NA,NA
"risch","james","200","ID","federal:senate","IDS26","I","M",0.872,1.086,6245,"632240.45 USD",NA,NA,NA,NA
"scott","rick","200","FL","federal:senate","FLS24","I","M",1.396,1.44,54755,"36696093.1 USD",NA,NA,NA,NA
"corey","matthew","200","CT","federal:senate","CTS24","C","M",1.265,1.267,833,"257655.82 USD",NA,NA,NA,NA
"sinema","kyrsten","100","AZ","federal:senate","AZS24","I","F",0.333,-0.752,73123,"5311800.8 USD",NA,NA,NA,NA
"warner","mark","100","VA","federal:senate","VAS26","I","M",-0.585,-0.724,56079,"4266868.81 USD",NA,NA,NA,NA
"reed","john","100","RI","federal:senate","RIS26","I","M",-0.643,-0.716,10630,"566041.68 USD",NA,NA,NA,NA
"casey","robert","100","PA","federal:senate","PAS24","I","M",-0.864,-0.669,325924,"58147601.15 USD",NA,NA,NA,NA
"cortez masto","catherine","100","NV","federal:senate","NVS28","I","F",-1.076,-0.905,101959,"3231721.21 USD",NA,NA,NA,NA
"hassan","margaret","100","NH","federal:senate","NHS28","I","F",-0.936,-0.797,166102,"2900607.97 USD",NA,NA,NA,NA
"nickel","wiley","100","NC","federal:senate","NCS26","C","M",-0.777,NA,6922,"2383094.47 USD",NA,NA,NA,NA
"klobuchar","amy","100","MN","federal:senate","MNS24","I","F",-0.944,-0.873,95711,"14734556.75 USD",NA,NA,NA,NA
"vanhollen","chris","100","MD","federal:senate","MDS28","I","M",-0.634,-0.769,22082,"330578.51 USD",NA,NA,NA,NA
"bennett","douglas","200","IL","federal:senate","ILS26","C","M",1.419,1.295,111,"12000 USD",NA,NA,NA,NA
"durbin","richard","100","IL","federal:senate","ILS26","I","M",-0.921,-0.743,51602,"1106383.69 USD",NA,NA,NA,NA
"box","reagan","200","GA","federal:senate","GAS26","C","U",1.625,NA,28,"33606.11 USD",NA,NA,NA,NA
"elliott","glenn","100","WV","federal:senate","WVS24","O","M",-1.004,NA,10150,"855051.42 USD",NA,NA,NA,NA
"justice","james","200","WV","federal:senate","WVS24","O","M",1.114,NA,5896,"4587416.08 USD",NA,NA,NA,NA
"rose","christopher","200","WV","federal:senate","WVS24","O","M",1.592,1.73,72,"10683.8 USD",NA,NA,NA,NA
"leager","thomas","328","WI","federal:senate","WIS24","C","M",-1.161,NA,9,"23856 USD",NA,NA,NA,NA
"raveendran","rejani","200","WI","federal:senate","WIS24","C","U",1.655,NA,66,"47354.87 USD",NA,NA,NA,NA
"anderson","phillip","328","WI","federal:senate","WIS24","C","M",1.556,NA,18,"52738.95 USD",NA,NA,NA,NA
"garcia","dr","200","WA","federal:senate","WAS24","C","M",1.211,NA,911,"773708.95 USD",NA,NA,NA,NA
"cao","hung","200","VA","federal:senate","VAS24","C","M",1.504,NA,67756,"9832460.01 USD",NA,NA,NA,NA
"parkinson","scott","200","VA","federal:senate","VAS24","C","M",1.304,NA,900,"999121.24 USD",NA,NA,NA,NA
"emord","jonathan","200","VA","federal:senate","VAS24","C","M",1.389,NA,220,"893768.61 USD",NA,NA,NA,NA
"lowe","kimberly","200","VA","federal:senate","VAS24","C","F",1.502,1.605,36,"27835.88 USD",NA,NA,NA,NA
"walton","jason","200","UT","federal:senate","UTS24","O","M",1.27,NA,219,"2932944.99 USD",NA,NA,NA,NA
"hatch","brent","200","UT","federal:senate","UTS24","O","M",1.14,NA,541,"1264246.3 USD",NA,NA,NA,NA
"phippen","carolyn","200","UT","federal:senate","UTS24","O","F",1.305,1.384,114,"191720.14 USD",NA,NA,NA,NA
"staggs","trent","200","UT","federal:senate","UTS24","O","M",1.45,NA,2712,"1417660.73 USD",NA,NA,NA,NA
"brown","theodore","328","TX","federal:senate","TXS24","C","M",1.101,NA,7,"13994 USD",NA,NA,NA,NA
"gonzalez","mark","100","TX","federal:senate","TXS24","C","M",-0.688,NA,84,"14967.44 USD",NA,NA,NA,NA
"gutierrez","roland","100","TX","federal:senate","TXS24","C","M",-1.057,-0.578,17966,"1446695.19 USD",NA,NA,NA,NA
"tchenko","thierry","100","TX","federal:senate","TXS24","C","M",-0.193,NA,313,"142864.34 USD",NA,NA,NA,NA
"ingalls","josiah","200","TX","federal:senate","TXS24","C","M",1.136,NA,8,"4339.28 USD",NA,NA,NA,NA
"bradshaw","marquita","100","TN","federal:senate","TNS24","C","F",-1.006,-0.983,14603,"79455.36 USD",NA,NA,NA,NA
"johnson","gloria","100","TN","federal:senate","TNS24","C","F",-1.027,-0.836,51981,"7585464.44 USD",NA,NA,NA,NA
"scott","timothy","200","SC","federal:senate","SCS28","I","M",1.29,1.101,264750,"18856383.18 USD",NA,NA,NA,NA
"mckay","raymond","200","RI","federal:senate","RIS24","C","M",1.345,1.34,239,"154043.57 USD",NA,NA,NA,NA
"lankford","james","200","OK","federal:senate","OKS28","I","M",1.075,1.146,8786,"913857.67 USD",NA,NA,NA,NA
"larose","frank","200","OH","federal:senate","OHS24","C","M",1.435,0.747,15287,"2338457.32 USD",NA,NA,NA,NA
"sapraicone","michael","200","NY","federal:senate","NYS24","C","M",0.706,NA,454,"2835467.92 USD",NA,NA,NA,NA
"eisen","joshua","200","NY","federal:senate","NYS24","C","M",1.331,NA,18,"305744 USD",NA,NA,NA,NA
"bellon","david","200","NY","federal:senate","NYS24","C","M",1.551,NA,64,"43916.35 USD",NA,NA,NA,NA
"gunter","jeff","200","NV","federal:senate","NVS24","C","M",1.517,NA,4664,"3468774.36 USD",NA,NA,NA,NA
"marchant","jim","200","NV","federal:senate","NVS24","C","M",1.469,1.498,1094,"454703.78 USD",NA,NA,NA,NA
"kennedy","ronda","200","NV","federal:senate","NVS24","C","F",1.568,NA,133,"27686.24 USD",NA,NA,NA,NA
"luna","benjamin","328","NM","federal:senate","NMS24","C","M",1.458,NA,212,"8603.48 USD",NA,NA,NA,NA
"bashaw","curtis","200","NJ","federal:senate","NJS24","C","M",0.839,NA,3061,"4249567.71 USD",NA,NA,NA,NA
"campos medina","patricia","100","NJ","federal:senate","NJS24","C","F",-0.806,NA,521,"477182.36 USD",NA,NA,NA,NA
"kim","andy","100","NJ","federal:senate","NJS24","C","M",-0.972,-0.76,71164,"24882007.24 USD",NA,NA,NA,NA
"serrano glassner","christine","200","NJ","federal:senate","NJS24","C","F",1.099,NA,272,"516025.08 USD",NA,NA,NA,NA
"signorello","joseph","100","NJ","federal:senate","NJS24","C","M",-0.831,NA,727,"83900.6 USD",NA,NA,NA,NA
"booker","cory","100","NJ","federal:senate","NJS26","I","M",-0.988,-0.696,142399,"7919520.16 USD",NA,NA,NA,NA
"love","preston","100","NE","federal:senate","NES24","C","M",-1.012,NA,1757,"283232.43 USD",NA,NA,NA,NA
"osborn","dan","328","NE","federal:senate","NES24","C","M",-1.024,NA,125726,"15129327.27 USD",NA,NA,NA,NA
"tillis","thom","200","NC","federal:senate","NCS26","I","M",0.805,1.716,68295,"2474642.46 USD",NA,NA,NA,NA
"mygland","jeremy","200","MT","federal:senate","MTS24","C","M",1.728,NA,106,"35717.24 USD",NA,NA,NA,NA
"eubanks","dan","200","MS","federal:senate","MSS24","C","M",0.835,1.104,97,"52717.97 USD",NA,NA,NA,NA
"young","jared","328","MO","federal:senate","MOS24","C","M",0.84,NA,104,"1004183.45 USD",NA,NA,NA,NA
"harmon","december","100","MO","federal:senate","MOS24","C","F",-1.256,NA,60,"18462.5 USD",NA,NA,NA,NA
"fraser","joseph","200","MN","federal:senate","MNS24","C","M",1.399,NA,360,"77212.83 USD",NA,NA,NA,NA
"amash","justin","200","MI","federal:senate","MIS24","O","M",0.857,1.223,3897,"914568.42 USD",NA,NA,NA,NA
"wilson","glenn","200","MI","federal:senate","MIS24","O","M",1.316,NA,15,"298954.93 USD",NA,NA,NA,NA
"craig","james","200","MI","federal:senate","MIS24","O","M",1.633,1.63,21164,"136670.33 USD",NA,NA,NA,NA
"savage","sharon","200","MI","federal:senate","MIS24","O","F",2.539,NA,2,"100130.61 USD",NA,NA,NA,NA
"harper","frank","100","MI","federal:senate","MIS24","O","M",-0.906,NA,12819,"3149518.74 USD",NA,NA,NA,NA
"pugh","pamela","100","MI","federal:senate","MIS24","O","F",-0.983,-0.995,5804,"0 USD",NA,NA,NA,NA
"beydoun","nasser","100","MI","federal:senate","MIS24","O","M",-0.899,NA,5613,"981756.15 USD",NA,NA,NA,NA
"slotkin","elissa","100","MI","federal:senate","MIS24","O","F",-0.992,-0.992,272587,"51937060.2 USD",NA,NA,NA,NA
"hoover","michael","200","MI","federal:senate","MIS24","O","M",1.668,NA,61,"236591.72 USD",NA,NA,NA,NA
"kouzounas","demi","200","ME","federal:senate","MES24","C","F",1.459,NA,1531,"1027791.62 USD",NA,NA,NA,NA
"myrick","john","200","MD","federal:senate","MDS24","O","M",1.465,NA,7,"8019.23 USD",NA,NA,NA,NA
"teichert","john","200","MD","federal:senate","MDS24","O","M",1.493,NA,2404,"355612.94 USD",NA,NA,NA,NA
"alsobrooks","angela","100","MD","federal:senate","MDS24","O","F",-0.96,-0.909,119851,"31077805.53 USD",NA,NA,NA,NA
"jawando","will","100","MD","federal:senate","MDS24","O","M",-0.923,-0.911,2339,"761154.89 USD",NA,NA,NA,NA
"cain","ian","200","MA","federal:senate","MAS24","C","M",1.17,NA,2665,"418170.53 USD",NA,NA,NA,NA
"antonellis","robert","200","MA","federal:senate","MAS24","C","M",1.442,NA,22,"41279.47 USD",NA,NA,NA,NA
"cassidy","william","200","LA","federal:senate","LAS26","I","M",0.654,0.836,19475,"4060477.24 USD",NA,NA,NA,NA
"carmichael","robert","100","IN","federal:senate","INS24","O","M",-0.612,NA,461,"119821.39 USD",NA,NA,NA,NA
"rust","john","200","IN","federal:senate","INS24","O","M",1.604,NA,7,"2992413.25 USD",NA,NA,NA,NA
"ernst","joni","200","IA","federal:senate","IAS26","I","F",1.394,1.317,121375,"2921862.7 USD",NA,NA,NA,NA
"schatz","brian","100","HI","federal:senate","HIS28","I","M",-0.581,-0.651,13502,"525033.39 USD",NA,NA,NA,NA
"bonoan","feena","328","FL","federal:senate","FLS24","C","U",0.958,NA,13,"19716.9 USD",NA,NA,NA,NA
"mucarsel powell","debbie","100","FL","federal:senate","FLS24","C","F",-0.961,-0.853,262379,"36616416.21 USD",NA,NA,NA,NA
"ehr","phillip","100","FL","federal:senate","FLS24","C","M",-0.991,-0.578,42173,"2399215.26 USD",NA,NA,NA,NA
"horan","donald","100","FL","federal:senate","FLS24","C","M",-0.965,NA,31,"73455 USD",NA,NA,NA,NA
"hansen","eric","200","DE","federal:senate","DES24","O","M",1.302,NA,350,"1015951.4 USD",NA,NA,NA,NA
"smith","gerard","200","CT","federal:senate","CTS24","C","M",1.481,NA,223,"68292.58 USD",NA,NA,NA,NA
"bassett","sharleta","200","CA","federal:senate","CAS24","O","U",1.632,NA,35,"23079 USD",NA,NA,NA,NA
"gilani","sepi","100","CA","federal:senate","CAS24","O","U",-0.655,NA,42,"13764 USD",NA,NA,NA,NA
"garvey","steve","200","CA","federal:senate","CAS24","O","M",1.489,NA,82003,"20356132.85 USD",NA,NA,NA,NA
"ruzon","mark","328","CA","federal:senate","CAS24","O","M",1.001,NA,8,"25489.13 USD",NA,NA,NA,NA
"reiss","jonathan","200","CA","federal:senate","CAS24","O","M",1.293,NA,50,"14156.17 USD",NA,NA,NA,NA
"rab","aejaz","100","CA","federal:senate","CAS24","O","U",-0.257,-0.537,54,"20900 USD",NA,NA,NA,NA
"schiff","adam","100","CA","federal:senate","CAS24","O","M",-0.962,-0.887,513637,"96291793.56 USD",NA,NA,NA,NA
"gary pandol","denice","200","CA","federal:senate","CAS24","O","F",1.265,NA,236,"101984.99 USD",NA,NA,NA,NA
"williams","sarah","328","AZ","federal:senate","AZS24","O","F",-1.157,NA,4,"14715 USD",NA,NA,NA,NA
"lamb","mark","200","AZ","federal:senate","AZS24","O","M",1.539,NA,13027,"2189531.78 USD",NA,NA,NA,NA
"cotton","thomas","200","AR","federal:senate","ARS26","I","M",1.362,1.044,54080,"2488964.09 USD",NA,NA,NA,NA
"baldwin","tammy","100","WI","federal:senate","WIS24","I","F",-1.127,-0.964,299087,"50228545.14 USD",NA,NA,NA,NA
"malloy","gerald","200","VT","federal:senate","VTS24","C","M",1.37,1.453,1425,"662959.83 USD",NA,NA,NA,NA
"kaine","timothy","100","VA","federal:senate","VAS24","I","M",-0.951,-0.782,128187,"18308453.68 USD",NA,NA,NA,NA
"cornyn","john","200","TX","federal:senate","TXS26","I","M",1.335,1.355,99053,"3377426.45 USD",NA,NA,NA,NA
"mccormick","dave","200","PA","federal:senate","PAS24","C","M",1.22,NA,80207,"35970836.83 USD",NA,NA,NA,NA
"dolan","matt","200","OH","federal:senate","OHS24","C","M",0.75,0.992,4812,"12722612.85 USD",NA,NA,NA,NA
"sare","diane","328","NY","federal:senate","NYS24","C","F",-0.218,NA,703,"508500.31 USD",NA,NA,NA,NA
"brown","sam","200","NV","federal:senate","NVS24","C","M",1.498,1.595,90893,"24063366.48 USD",NA,NA,NA,NA
"fischer","debra","200","NE","federal:senate","NES24","I","F",1.059,1.181,17066,"6555361.2 USD",NA,NA,NA,NA
"budd","theodore","200","NC","federal:senate","NCS28","I","M",1.475,1.46,41986,"2111873.54 USD",NA,NA,NA,NA
"daines","steve","200","MT","federal:senate","MTS26","I","M",1.081,1.319,152328,"1682254.18 USD",NA,NA,NA,NA
"schmitt","eric","200","MO","federal:senate","MOS28","I","M",1.445,1.315,9346,"1957979.62 USD",NA,NA,NA,NA
"king","angus","100","ME","federal:senate","MES24","I","M",-0.764,-0.524,9478,"5368767 USD",NA,NA,NA,NA
"mcconnell","mitch","200","KY","federal:senate","KYS26","I","M",1.006,1.171,311730,"1203839.87 USD",NA,NA,NA,NA
"hirono","mazie","100","HI","federal:senate","HIS24","I","F",-0.892,-0.775,28855,"3292048.88 USD",NA,NA,NA,NA
"hyde","robert","200","CT","federal:senate","CTS24","C","M",1.229,1.024,264,"1744.75 USD",NA,NA,NA,NA
"padilla","alex","100","CA","federal:senate","CAS28","I","M",-0.802,-0.783,16937,"754150.94 USD",NA,NA,NA,NA
"britt","katie","200","AL","federal:senate","ALS28","I","F",1.36,NA,35835,"3907112.1 USD",NA,NA,NA,NA
"manchin","joe","100","WV","federal:senate","WVS24","I","M",0.05,-0.372,26715,"2997445.59 USD",NA,NA,NA,NA
"lee","mike","200","UT","federal:senate","UTS28","I","M",1.483,1.121,95982,"5138473.2 USD",NA,NA,NA,NA
"hagerty","bill","200","TN","federal:senate","TNS26","I","M",1.358,1.243,33316,"4906088.81 USD",NA,NA,NA,NA
"gillibrand","kirsten","100","NY","federal:senate","NYS24","I","F",-0.887,-0.782,215348,"9798986.57 USD",NA,NA,NA,NA
"hoeven","john","200","ND","federal:senate","NDS28","I","M",1.13,1.26,7188,"530749.5 USD",NA,NA,NA,NA
"paul","rand","200","KY","federal:senate","KYS28","I","M",1.429,1.646,120527,"8490873.16 USD",NA,NA,NA,NA
"warnock","raphael","100","GA","federal:senate","GAS28","I","M",-1.11,-0.903,1911562,"4819907.15 USD",NA,NA,NA,NA
"coons","christopher","100","DE","federal:senate","DES26","I","M",-0.55,-0.702,21178,"1749727.9 USD",NA,NA,NA,NA
"hickenlooper","john","100","CO","federal:senate","COS26","I","M",-0.846,-0.893,172203,"1160079.25 USD",NA,NA,NA,NA
"kelly","mark","100","AZ","federal:senate","AZS28","I","M",-1.088,-0.766,825602,"10864653.95 USD",NA,NA,NA,NA
"tuberville","thomas","200","AL","federal:senate","ALS26","I","M",1.35,NA,17841,"2191049.2 USD",NA,NA,NA,NA
"carter","willie","100","00","federal:president","PRES","C","M",-2.017,-1.703,9,"7431.45 USD",NA,NA,NA,NA
"christie","chris","200","00","federal:president","PRES","C","M",0.014,0.832,60971,"7628084.62 USD",NA,NA,NA,NA
"terry","randal","328","00","federal:president","PRES","C","M",1.645,NA,422,"596542.73 USD",NA,NA,NA,NA
"palmer","jason","100","00","federal:president","PRES","C","M",-0.614,NA,162,"953373.39 USD",NA,NA,NA,NA
"uygur","cenk","100","00","federal:president","PRES","C","",-1.092,NA,7206,"547713.67 USD",NA,NA,NA,NA
"rectenwald","michael","328","00","federal:president","PRES","C","M",1.249,NA,47,"85862.87 USD",NA,NA,NA,NA
"smith","joshua","328","00","federal:president","PRES","C","M",1.309,NA,18,"21970.02 USD",NA,NA,NA,NA
"hurd","william","200","00","federal:president","PRES","C","M",-0.147,NA,2442,"1451894.03 USD",NA,NA,NA,NA
"sonski","peter","328","00","federal:president","PRES","C","M",0.579,NA,53,"87899.72 USD",NA,NA,NA,NA
"west","cornel","328","00","federal:president","PRES","C","M",-1.287,NA,1033,"1398321.09 USD",NA,NA,NA,NA
"pence","mike","200","00","federal:president","PRES","C","M",1.192,NA,14904,"7150753.11 USD",NA,NA,NA,NA
"elder","larry","200","00","federal:president","PRES","C","M",1.504,NA,31439,"1376324.53 USD",NA,NA,NA,NA
"ayyadurai","shiva","328","00","federal:president","PRES","C","F",0.934,NA,81,"169036.35 USD",NA,NA,NA,NA
"binkley","ryan","200","00","federal:president","PRES","C","M",1.308,NA,1972,"11884131.37 USD",NA,NA,NA,NA
"kennedy","robert","328","00","federal:president","PRES","C","M",0.125,NA,40778,"67278247.27 USD",NA,NA,NA,NA
"haley","nikki","200","00","federal:president","PRES","C","F",0.71,1.262,258590,"58378347.5 USD",NA,NA,NA,NA
"johnson","perry","200","00","federal:president","PRES","C","M",1.45,NA,8501,"29704589.21 USD",NA,NA,NA,NA
"camilleri","charles","100","00","federal:president","PRES","C","M",-1.703,NA,3,"41248 USD",NA,NA,NA,NA
"roberts","rollan","200","00","federal:president","PRES","C","M",0.539,NA,22,"1283083.14 USD",NA,NA,NA,NA
"hudson","anthony","200","00","federal:president","PRES","C","M",1.724,NA,59,"282095.22 USD",NA,NA,NA,NA
"castro","john","200","00","federal:president","PRES","C","M",-1.53,NA,24,"23998.74 USD",NA,NA,NA,NA
"mapstead","lars","328","00","federal:president","PRES","C","M",1.338,1.339,11,"993735.78 USD",NA,NA,NA,NA
"hornberger","jacob","328","00","federal:president","PRES","C","M",1.251,1.245,96,"75109.18 USD",NA,NA,NA,NA
"williamson","marianne","100","00","federal:president","PRES","C","F",-1.01,-0.954,105198,"5404966.53 USD",NA,NA,NA,NA
"miller","carol","200","WV","federal:house","WV01","I","F",1.095,1.161,2857,"1751492 USD",NA,NA,NA,NA
"schrier","kim","100","WA","federal:house","WA08","I","F",-1.011,-1.015,30292,"6530378.69 USD",NA,NA,NA,NA
"helmer","daniel","100","VA","federal:house","VA10","O","M",-0.798,-0.897,7089,"2010212.47 USD",NA,NA,NA,NA
"cline","benjamin","200","VA","federal:house","VA06","I","M",1.179,1.314,1970,"1030467.03 USD",NA,NA,NA,NA
"herrod","christopher","200","UT","federal:house","UT03","O","M",1.435,1.365,540,"11598 USD",NA,NA,NA,NA
"allred","colin","100","TX","federal:house","TX32","I","M",-1.013,-1.023,635644,"598126.42 USD",NA,NA,NA,NA
"cloud","michael","200","TX","federal:house","TX27","I","M",1.314,1.541,1899,"798397.1 USD",NA,NA,NA,NA
"roy","chip","200","TX","federal:house","TX21","I","M",1.542,1.469,14360,"2899549.54 USD",NA,NA,NA,NA
"fletcher","elizabeth","100","TX","federal:house","TX07","I","F",-0.604,-0.835,12139,"2440397.07 USD",NA,NA,NA,NA
"gooden","lance","200","TX","federal:house","TX05","I","M",1.222,1.378,2865,"1136643.85 USD",NA,NA,NA,NA
"smith","kasandra","100","TN","federal:house","TN09","C","F",-1.33,-0.945,11,"10795 USD",NA,NA,NA,NA
"rose","john","200","TN","federal:house","TN06","I","M",1.364,1.388,5672,"1861461.35 USD",NA,NA,NA,NA
"johnson","dusty","200","SD","federal:house","SD01","I","M",1.083,1.254,3523,"4377059.46 USD",NA,NA,NA,NA
"timmons","william","200","SC","federal:house","SC04","I","M",1.1,1.228,2177,"2312884.39 USD",NA,NA,NA,NA
"wild","susan","100","PA","federal:house","PA07","I","F",-0.962,-0.802,31543,"8960927.65 USD",NA,NA,NA,NA
"joyce","john","200","PA","federal:house","PA13","I","M",0.903,0.987,1688,"2258417.8 USD",NA,NA,NA,NA
"scanlon","mary","100","PA","federal:house","PA05","I","F",-0.881,-0.758,6813,"1532211.38 USD",NA,NA,NA,NA
"thompson","glenn","200","PA","federal:house","PA15","I","M",1.005,1.201,4858,"2857767.11 USD",NA,NA,NA,NA
"mcleod skinner","jamie","100","OR","federal:house","OR05","C","F",-1.017,-0.935,12532,"818996.72 USD",NA,NA,NA,NA
"lyras","louis","100","OH","federal:house","OH06","O","M",-0.591,-0.532,79,"2182 USD",NA,NA,NA,NA
"morelle","joseph","100","NY","federal:house","NY25","I","M",-0.67,-0.552,6693,"2154064.87 USD",NA,NA,NA,NA
"ryan","patrick","100","NY","federal:house","NY18","I","M",-0.822,-0.832,19707,"8143126.11 USD",NA,NA,NA,NA
"meeks","gregory","100","NY","federal:house","NY05","I","M",-0.266,-0.652,5773,"3048026.76 USD",NA,NA,NA,NA
"sherrill","mikie","100","NJ","federal:house","NJ11","I","F",-0.905,-0.891,31923,"4557540.15 USD",NA,NA,NA,NA
"vandrew","jeff","200","NJ","federal:house","NJ02","I","M",1.352,NA,42519,"3233277.47 USD",NA,NA,NA,NA
"armstrong","kelly","200","ND","federal:house","ND01","I","M",1.05,1.295,2482,"893118.45 USD",NA,NA,NA,NA
"guest","michael","200","MS","federal:house","MS03","I","M",1.18,1.275,1818,"925968.2 USD",NA,NA,NA,NA
"stauber","peter","200","MN","federal:house","MN08","I","M",1.178,1.344,4975,"2276284.45 USD",NA,NA,NA,NA
"phillips","dean","100","MN","federal:house","MN03","I","M",-0.628,-0.898,12337,"781655.5 USD",NA,NA,NA,NA
"waters","mary","100","MI","federal:house","MI13","C","F",-0.671,-0.749,573,"195310.05 USD",NA,NA,NA,NA
"slotkin","elissa","100","MI","federal:house","MI07","I","F",-0.992,-0.992,272587,"708162.35 USD",NA,NA,NA,NA
"pingree","chellie","100","ME","federal:house","ME01","I","F",-0.977,-0.907,11751,"670959.02 USD",NA,NA,NA,NA
"pressley","ayanna","100","MA","federal:house","MA07","I","F",-1.077,-0.776,30730,"1432055.24 USD",NA,NA,NA,NA
"linderman","hank","100","KY","federal:house","KY02","C","M",-0.948,-0.9,482,"41067.58 USD",NA,NA,NA,NA
"estes","ron","200","KS","federal:house","KS04","I","M",1.076,1.056,3611,"2287999.66 USD",NA,NA,NA,NA
"pence","gregory","200","IN","federal:house","IN06","I","M",1.011,1.344,5392,"526945.16 USD",NA,NA,NA,NA
"marter","james","200","IL","federal:house","IL14","C","M",1.482,1.624,397,"326753.53 USD",NA,NA,NA,NA
"foster","g william","100","IL","federal:house","IL11","I","M",-1.015,-0.915,15832,"3282466.22 USD",NA,NA,NA,NA
"lopez","raymond","100","IL","federal:house","IL04","C","M",0.095,NA,192,"82544 USD",NA,NA,NA,NA
"simpson","michael","200","ID","federal:house","ID02","I","M",0.738,1.26,5202,"1555834.51 USD",NA,NA,NA,NA
"miller meeks","mariannette","200","IA","federal:house","IA01","I","F",1.284,1.384,17684,"5575998.7 USD",NA,NA,NA,NA
"mcbath","lucia","100","GA","federal:house","GA06","I","F",-0.843,NA,51944,"2454303.29 USD",NA,NA,NA,NA
"cherfilus mccormick","sheila","100","FL","federal:house","FL20","I","F",-0.153,-0.386,1001,"639178.7 USD",NA,NA,NA,NA
"waltz","michael","200","FL","federal:house","FL06","I","M",1.187,1.374,11480,"2820255.6 USD",NA,NA,NA,NA
"hayes","jahana","100","CT","federal:house","CT05","I","F",-0.966,NA,14228,"4218172.13 USD",NA,NA,NA,NA
"crow","jason","100","CO","federal:house","CO06","I","M",-0.98,NA,23269,"2208412.11 USD",NA,NA,NA,NA
"neguse","joseph","100","CO","federal:house","CO02","I","M",-0.776,-0.801,13043,"2433594.3 USD",NA,NA,NA,NA
"levin","mike","100","CA","federal:house","CA49","I","M",-0.963,-1.012,25406,"5679155.07 USD",NA,NA,NA,NA
"kim","young","200","CA","federal:house","CA40","I","F",1.303,1.122,70599,"9244755.74 USD",NA,NA,NA,NA
"duenas","angelica","100","CA","federal:house","CA29","O","F",-1.099,-1.118,2862,"119777.59 USD",NA,NA,NA,NA
"harder","josh","100","CA","federal:house","CA09","I","M",-0.98,-1.057,37655,"5415539.47 USD",NA,NA,NA,NA
"thompson","mike","100","CA","federal:house","CA04","I","M",-0.594,-0.415,8625,"2434299.38 USD",NA,NA,NA,NA
"lesko","debbie","200","AZ","federal:house","AZ08","I","F",1.325,1.407,6536,"370273.95 USD",NA,NA,NA,NA
"gallagher","michael","200","WI","federal:house","WI08","I","M",0.763,1.18,6967,"2121829.26 USD",NA,NA,NA,NA
"jayapal","pramila","100","WA","federal:house","WA07","I","F",-1.073,-0.913,44177,"2824206.25 USD",NA,NA,NA,NA
"arrington","jodey","200","TX","federal:house","TX19","I","M",1.052,1.304,3909,"3269201.47 USD",NA,NA,NA,NA
"babin","brian","200","TX","federal:house","TX36","I","M",1.132,1.296,3507,"1192438.26 USD",NA,NA,NA,NA
"hyman","mal","100","SC","federal:house","SC07","C","M",-1.07,-1.05,822,"89555.08 USD",NA,NA,NA,NA
"smucker","lloyd","200","PA","federal:house","PA11","I","M",1.051,1.192,3280,"1827917.74 USD",NA,NA,NA,NA
"evans","dwight","100","PA","federal:house","PA03","I","M",-0.673,-0.564,7753,"976087.83 USD",NA,NA,NA,NA
"jordan","james","200","OH","federal:house","OH04","I","M",1.516,1.606,113765,"13512268.9 USD",NA,NA,NA,NA
"lee","susie","100","NV","federal:house","NV03","I","F",-0.703,-0.724,16468,"6071959.21 USD",NA,NA,NA,NA
"gottheimer","josh","100","NJ","federal:house","NJ05","I","M",-0.23,-0.708,15275,"10246423.95 USD",NA,NA,NA,NA
"kelly","john","200","MS","federal:house","MS01","I","M",1.142,NA,2258,"1281874.14 USD",NA,NA,NA,NA
"craig","angela","100","MN","federal:house","MN02","I","F",-0.881,-0.911,29575,"8288031.44 USD",NA,NA,NA,NA
"trone","david","100","MD","federal:house","MD06","I","M",-0.372,-0.641,4812,"127666273.18 USD",NA,NA,NA,NA
"raskin","jamie","100","MD","federal:house","MD08","I","M",-1.075,-0.759,53348,"4843711.39 USD",NA,NA,NA,NA
"johnson","james","200","LA","federal:house","LA04","I","M",1.413,1.497,84642,"19867069.39 USD",NA,NA,NA,NA
"comer","james","200","KY","federal:house","KY01","I","M",1.294,1.214,42174,"7650141.57 USD",NA,NA,NA,NA
"houchin","erin","200","IN","federal:house","IN09","I","F",1.052,1.255,2049,"1723766 USD",NA,NA,NA,NA
"krishnamoorthi","s raja","100","IL","federal:house","IL08","I","M",-0.808,-0.824,46113,"10897838.27 USD",NA,NA,NA,NA
"ferguson","anderson","200","GA","federal:house","GA03","I","M",1.005,NA,5860,"885616.08 USD",NA,NA,NA,NA
"mast","brian","200","FL","federal:house","FL21","I","M",1.36,1.476,37161,"3998823.63 USD",NA,NA,NA,NA
"bilirakis","gus","200","FL","federal:house","FL12","I","M",0.916,1.031,8848,"1804425.78 USD",NA,NA,NA,NA
"rutherford","john","200","FL","federal:house","FL05","I","M",0.655,1.102,1520,"897299.59 USD",NA,NA,NA,NA
"gaetz","matt","200","FL","federal:house","FL01","I","M",1.539,1.235,22151,"6772979.08 USD",NA,NA,NA,NA
"lamborn","douglas","200","CO","federal:house","CO05","I","M",0.683,1.202,2469,"228768.51 USD",NA,NA,NA,NA
"degette","diana","100","CO","federal:house","CO01","I","F",-0.738,-0.915,8577,"1103161.98 USD",NA,NA,NA,NA
"correa","lou","100","CA","federal:house","CA46","I","M",-0.346,-0.752,5120,"1385045.32 USD",NA,NA,NA,NA
"carbajal","salud","100","CA","federal:house","CA24","I","M",-0.847,-1.042,3991,"2037379.78 USD",NA,NA,NA,NA
"panetta","jimmy","100","CA","federal:house","CA19","I","M",-0.304,-0.999,5488,"3357555.24 USD",NA,NA,NA,NA
"biggs","andy","200","AZ","federal:house","AZ05","I","M",1.558,1.494,8205,"1383059.41 USD",NA,NA,NA,NA
"walker","christopher","200","WV","federal:house","WV02","O","M",1.557,NA,10334,"867830.3 USD",NA,NA,NA,NA
"cain","dennis","200","WV","federal:house","WV02","O","M",1.69,NA,113,"128060.54 USD",NA,NA,NA,NA
"moore","riley","200","WV","federal:house","WV02","O","M",1.064,1.101,4077,"1443700.37 USD",NA,NA,NA,NA
"holden","wes","328","WV","federal:house","WV01","C","M",-1.174,NA,28,"54916.37 USD",NA,NA,NA,NA
"evans","jonathan","200","WV","federal:house","WV01","C","M",1.542,NA,2050,"1062145.01 USD",NA,NA,NA,NA
"lyerly","kristin","100","WI","federal:house","WI08","O","F",-1.052,-0.947,42381,"2802201.67 USD",NA,NA,NA,NA
"roth","roger","200","WI","federal:house","WI08","O","M",1.276,1.355,3934,"776196.61 USD",NA,NA,NA,NA
"kilbourn","kyle","100","WI","federal:house","WI07","C","M",-1.071,NA,1390,"233031.36 USD",NA,NA,NA,NA
"grothman","glenn","200","WI","federal:house","WI06","I","M",1.409,1.432,6354,"998213.83 USD",NA,NA,NA,NA
"moore","gwen","100","WI","federal:house","WI04","I","F",-0.707,-0.921,4197,"1356549.62 USD",NA,NA,NA,NA
"shankland","katrina","100","WI","federal:house","WI03","C","F",-1.066,-0.952,7904,"979501.34 USD",NA,NA,NA,NA
"cooke","rebecca","100","WI","federal:house","WI03","C","F",-0.989,NA,39614,"12716117.3 USD",NA,NA,NA,NA
"santos","lorenzo","100","WI","federal:house","WI01","C","M",-1.091,NA,193,"25593.83 USD",NA,NA,NA,NA
"chaudhry","melissa","100","WA","federal:house","WA09","C","F",-1.411,NA,185,"227467.53 USD",NA,NA,NA,NA
"sheth","nirav","200","WA","federal:house","WA10","C","M",1.973,NA,10,"26855 USD",NA,NA,NA,NA
"macewen","drew","200","WA","federal:house","WA06","O","M",1.241,1.255,1423,"255579.9 USD",NA,NA,NA,NA
"randall","emily","100","WA","federal:house","WA06","O","F",-0.919,-0.859,8739,"1978942.81 USD",NA,NA,NA,NA
"welde","matthew","100","WA","federal:house","WA05","C","M",-1.264,NA,70,"30035.06 USD",NA,NA,NA,NA
"bingle","jonathan","200","WA","federal:house","WA05","C","M",1.404,NA,25,"22243 USD",NA,NA,NA,NA
"dansel","brian","200","WA","federal:house","WA05","C","M",1.931,1.26,315,"225321 USD",NA,NA,NA,NA
"bank","bernadine","100","WA","federal:house","WA05","C","F",-0.981,NA,2805,"350038.38 USD",NA,NA,NA,NA
"danimus","ann","100","WA","federal:house","WA05","C","F",-1.038,-1.042,2401,"422965.98 USD",NA,NA,NA,NA
"smiley","tiffany","200","WA","federal:house","WA04","C","F",1.505,1.585,63012,"1068851.73 USD",NA,NA,NA,NA
"lewallen","leslie","200","WA","federal:house","WA03","C","F",1.397,NA,3072,"840312.9 USD",NA,NA,NA,NA
"brewer","james","200","WA","federal:house","WA01","C","M",1.455,NA,14,"14151 USD",NA,NA,NA,NA
"nasar","ahsan","100","VA","federal:house","VA11","C","M",-0.938,NA,293,"110845.09 USD",NA,NA,NA,NA
"maldonado","michelle","100","VA","federal:house","VA10","O","F",-0.828,NA,392,"118124.41 USD",NA,NA,NA,NA
"devoe","marion","100","VA","federal:house","VA10","O","M",-1.158,NA,80,"10395 USD",NA,NA,NA,NA
"nembhard","travis","100","VA","federal:house","VA10","O","M",-0.755,NA,378,"124051.04 USD",NA,NA,NA,NA
"qarni","atif","100","VA","federal:house","VA10","O","M",-0.912,-0.869,772,"363301 USD",NA,NA,NA,NA
"boysko","jennifer","100","VA","federal:house","VA10","O","F",-0.783,-0.916,2431,"619261.99 USD",NA,NA,NA,NA
"leighton","mark","100","VA","federal:house","VA10","O","M",-0.765,NA,15,"8472.65 USD",NA,NA,NA,NA
"kaul","krystle","100","VA","federal:house","VA10","O","F",-0.451,NA,768,"1119274.51 USD",NA,NA,NA,NA
"kennedy","david","328","VA","federal:house","VA08","C","M",-1.872,NA,5,"16418.46 USD",NA,NA,NA,NA
"beyer","donald","100","VA","federal:house","VA08","I","M",-0.721,-0.856,7778,"1941744.81 USD",NA,NA,NA,NA
"martin","maria","200","VA","federal:house","VA07","O","F",1.303,NA,23,"25144.35 USD",NA,NA,NA,NA
"sacks","jeffrey","200","VA","federal:house","VA07","O","M",1.791,NA,17,"57203.77 USD",NA,NA,NA,NA
"guzman","elizabeth","100","VA","federal:house","VA07","O","F",-0.762,-0.818,2972,"318181.97 USD",NA,NA,NA,NA
"sewell","briana","100","VA","federal:house","VA07","O","F",-0.823,NA,1658,"292143.39 USD",NA,NA,NA,NA
"vindman","yevgeny","100","VA","federal:house","VA07","O","M",-1.029,NA,192009,"18096189.51 USD",NA,NA,NA,NA
"myers","jonathon","200","VA","federal:house","VA07","O","M",1.453,NA,416,"160081.36 USD",NA,NA,NA,NA
"moher","william","200","VA","federal:house","VA04","O","M",1.634,NA,14,"413819.27 USD",NA,NA,NA,NA
"grandon","rod","100","VA","federal:house","VA06","C","M",-1.014,NA,31,"9844.4 USD",NA,NA,NA,NA
"witt","gloria","100","VA","federal:house","VA05","C","F",-1.005,NA,1384,"362896.5 USD",NA,NA,NA,NA
"mcclellan","jennifer","100","VA","federal:house","VA04","C","F",-0.998,-0.855,5905,"2767794.48 USD",NA,NA,NA,NA
"denton","jake","100","VA","federal:house","VA02","C","M",-0.391,NA,497,"388964.2 USD",NA,NA,NA,NA
"mehta","leslie","100","VA","federal:house","VA01","C","F",-0.965,NA,2611,"722446.49 USD",NA,NA,NA,NA
"dahlin","kathryn","200","UT","federal:house","UT03","O","F",0.865,NA,38,"87881.25 USD",NA,NA,NA,NA
"dougall","john","200","UT","federal:house","UT03","O","M",1.352,1.353,424,"392290.28 USD",NA,NA,NA,NA
"kennedy","mike","200","UT","federal:house","UT03","O","M",1.208,1.366,2190,"1032661.67 USD",NA,NA,NA,NA
"jenkins","colby","200","UT","federal:house","UT02","C","M",1.142,NA,390,"507883.76 USD",NA,NA,NA,NA
"riebe","kathleen","100","UT","federal:house","UT02","O","F",-0.75,-0.703,587,"348093.46 USD",NA,NA,NA,NA
"eyring","henry","200","UT","federal:house","UT02","O","M",1.418,NA,22,"45606 USD",NA,NA,NA,NA
"thomas","gion","100","TX","federal:house","TX38","C","U",-0.891,NA,41,"13879.15 USD",NA,NA,NA,NA
"wright","steven","200","TX","federal:house","TX35","C","M",1.213,NA,13,"36440.81 USD",NA,NA,NA,NA
"blewett","david","200","TX","federal:house","TX32","O","M",2.04,NA,4,"58486 USD",NA,NA,NA,NA
"chaudhry","raja","100","TX","federal:house","TX32","O","M",-1.083,NA,14,"305350.23 USD",NA,NA,NA,NA
"khan","gulrez","200","TX","federal:house","TX32","O","U",-0.321,NA,54,"25190.44 USD",NA,NA,NA,NA
"moore","justin","100","TX","federal:house","TX32","O","M",-0.919,NA,658,"224577.42 USD",NA,NA,NA,NA
"manning","zachariah","100","TX","federal:house","TX32","O","M",-1.024,-0.743,19,"8120.22 USD",NA,NA,NA,NA
"pfeil","rick","100","TX","federal:house","TX31","C","M",-0.662,NA,7,"125621.04 USD",NA,NA,NA,NA
"latimer","mackenzie","200","TX","federal:house","TX31","C","F",1.238,NA,66,"30163.26 USD",NA,NA,NA,NA
"davis","jarred","100","TX","federal:house","TX30","C","M",-0.937,NA,30,"17099.88 USD",NA,NA,NA,NA
"garza","lazaro","200","TX","federal:house","TX28","C","M",2.149,NA,8,"297652.13 USD",NA,NA,NA,NA
"sinclair","kyle","200","TX","federal:house","TX28","C","M",1.6,NA,21,"18306 USD",NA,NA,NA,NA
"lloyd","tanya","100","TX","federal:house","TX27","C","F",-1.062,NA,294,"60032.08 USD",NA,NA,NA,NA
"huffman","john","200","TX","federal:house","TX26","O","M",1.104,NA,330,"455851 USD",NA,NA,NA,NA
"armey","scott","200","TX","federal:house","TX26","O","M",1.191,NA,597,"369200.44 USD",NA,NA,NA,NA
"gill","brandon","200","TX","federal:house","TX26","O","M",1.505,NA,7050,"1779342.5 USD",NA,NA,NA,NA
"crabb","vincent","200","TX","federal:house","TX25","C","M",1.738,NA,10,"61753.14 USD",NA,NA,NA,NA
"mahesh","kamal","100","TX","federal:house","TX24","C","M",-1.515,NA,15,"19351 USD",NA,NA,NA,NA
"limon","santos","100","TX","federal:house","TX23","C","M",-0.937,NA,182,"111740.37 USD",NA,NA,NA,NA
"avila","victor","200","TX","federal:house","TX23","C","M",1.519,1.596,725,"114258.24 USD",NA,NA,NA,NA
"greene scott","marquette","100","TX","federal:house","TX22","C","U",-1.02,NA,281,"68733.64 USD",NA,NA,NA,NA
"hook","kristin","100","TX","federal:house","TX21","C","F",-0.976,NA,2082,"514005.34 USD",NA,NA,NA,NA
"boyd","vance","200","TX","federal:house","TX19","C","M",-0.826,NA,10,"35745.72 USD",NA,NA,NA,NA
"martin","isaiah","100","TX","federal:house","TX18","C","M",-1.075,NA,9559,"399697.6 USD",NA,NA,NA,NA
"lee","sheila","100","TX","federal:house","TX18","I","F",-0.46,-0.778,5219,"553256.36 USD",NA,NA,NA,NA
"villarreal rigney","john","100","TX","federal:house","TX15","C","M",-0.896,-0.724,53,"21218 USD",NA,NA,NA,NA
"hart","rhonda","100","TX","federal:house","TX14","C","F",-0.967,NA,399,"24802 USD",NA,NA,NA,NA
"gardner","shellie","200","TX","federal:house","TX12","O","F",1.74,NA,27,"270659.72 USD",NA,NA,NA,NA
"oshea","john","200","TX","federal:house","TX12","O","M",1.564,NA,161,"351914.4 USD",NA,NA,NA,NA
"lovelace","jared","200","TX","federal:house","TX10","C","M",0.24,NA,57,"58333.44 USD",NA,NA,NA,NA
"omoruyi","kenneth","200","TX","federal:house","TX07","C","M",0.725,NA,67,"268381.83 USD",NA,NA,NA,NA
"kane","caroline","200","TX","federal:house","TX07","C","F",1.504,NA,426,"196406.25 USD",NA,NA,NA,NA
"buford","james","200","TX","federal:house","TX06","C","M",1.705,1.908,14,"11443.49 USD",NA,NA,NA,NA
"cornwallis","alex","100","TX","federal:house","TX32","O","M",-1.494,-1.457,131,"106545.57 USD",NA,NA,NA,NA
"cardell","simon","100","TX","federal:house","TX04","C","M",-1.054,NA,76,"17744.56 USD",NA,NA,NA,NA
"pennie","demetrick","200","TX","federal:house","TX03","C","M",1.479,NA,139,"62503.41 USD",NA,NA,NA,NA
"perkins","leonard","100","TN","federal:house","TN08","C","M",-1.721,NA,4,"14064.94 USD",NA,NA,NA,NA
"barry","megan","100","TN","federal:house","TN07","O","F",-0.758,NA,3735,"1246179.55 USD",NA,NA,NA,NA
"kennedy","john","100","TN","federal:house","TN06","O","M",-0.477,NA,76,"11531 USD",NA,NA,NA,NA
"johnston","courtney","200","TN","federal:house","TN05","C","F",0.926,NA,574,"982428.76 USD",NA,NA,NA,NA
"nielson","geoffrey","200","TN","federal:house","TN05","C","M",1.717,NA,6,"269400 USD",NA,NA,NA,NA
"allen","jack","100","TN","federal:house","TN03","C","M",-0.941,NA,475,"193621.8 USD",NA,NA,NA,NA
"mcneal","justin","200","SD","federal:house","SD01","C","M",0.432,NA,23,"209876.52 USD",NA,NA,NA,NA
"johnson","sheryl","100","SD","federal:house","SD01","C","F",-0.949,NA,572,"223982.88 USD",NA,NA,NA,NA
"morgan","adam","200","SC","federal:house","SC04","C","M",1.583,1.507,2112,"645975.15 USD",NA,NA,NA,NA
"franco","franky","200","SC","federal:house","SC03","O","M",1.49,NA,51,"123670.64 USD",NA,NA,NA,NA
"healy","philip","200","SC","federal:house","SC03","O","M",2.325,NA,8,"24888.01 USD",NA,NA,NA,NA
"templeton","catherine","200","SC","federal:house","SC01","C","F",1.18,NA,921,"743956.94 USD",NA,NA,NA,NA
"deford","william","100","SC","federal:house","SC01","C","M",-0.935,NA,2904,"472600.36 USD",NA,NA,NA,NA
"leonard","gerry","200","RI","federal:house","RI01","O","M",0.771,NA,353,"303296.29 USD",NA,NA,NA,NA
"abney","marvin","100","RI","federal:house","RI01","O","M",-0.238,-0.542,521,"206041.67 USD",NA,NA,NA,NA
"amo","gabriel","100","RI","federal:house","RI01","C","M",-0.922,NA,1876,"2575711.85 USD",NA,NA,NA,NA
"quezada","ana","100","RI","federal:house","RI01","O","F",-0.911,-0.803,166,"92852.69 USD",NA,NA,NA,NA
"goncalves","john","100","RI","federal:house","RI01","O","M",-0.907,NA,210,"206448.57 USD",NA,NA,NA,NA
"matos","sabina","100","RI","federal:house","RI01","O","F",-0.454,-0.695,1413,"683027.53 USD",NA,NA,NA,NA
"waters","allen","200","RI","federal:house","RI01","C","M",1.286,1.323,286,"64749 USD",NA,NA,NA,NA
"roman","elmer","328","PR","federal:house","PR01","C","M",0.529,NA,60,"88050 USD",NA,NA,NA,NA
"hernandez rivera","pablo","100","PR","federal:house","PR01","C","M",-0.393,NA,2130,"1540339.6 USD",NA,NA,NA,NA
"mercuri","robert","200","PA","federal:house","PA17","C","M",1.288,0.806,2432,"1802095.1 USD",NA,NA,NA,NA
"kramer","timothy","200","PA","federal:house","PA16","C","M",1.251,NA,18,"14250.14 USD",NA,NA,NA,NA
"dziados","christopher","100","PA","federal:house","PA14","C","M",-1.039,NA,3416,"283275.01 USD",NA,NA,NA,NA
"farnham","elizabeth","100","PA","federal:house","PA13","C","F",-1.097,NA,259,"65574.82 USD",NA,NA,NA,NA
"macdonald","laurie","100","PA","federal:house","PA12","C","F",-0.324,NA,20,"126170 USD",NA,NA,NA,NA
"atkinson","james","100","PA","federal:house","PA11","C","M",-0.923,NA,108,"20553.49 USD",NA,NA,NA,NA
"lynch","blake","100","PA","federal:house","PA10","C","M",-0.376,NA,230,"86488.55 USD",NA,NA,NA,NA
"stelson","janelle","100","PA","federal:house","PA10","C","F",-0.948,NA,23946,"6516973.46 USD",NA,NA,NA,NA
"bresnahan","rob","200","PA","federal:house","PA08","C","M",1.427,NA,9405,"4540166.17 USD",NA,NA,NA,NA
"montero","maria","200","PA","federal:house","PA07","C","F",1.064,NA,239,"251491.39 USD",NA,NA,NA,NA
"winkler","david","200","PA","federal:house","PA04","C","M",1.259,-0.546,37,"73455.1 USD",NA,NA,NA,NA
"boles","denyc","200","OR","federal:house","OR06","C","U",1.481,1.164,324,"74050.46 USD",NA,NA,NA,NA
"bynum","janelle","100","OR","federal:house","OR05","C","F",-0.982,NA,29070,"7524631.65 USD",NA,NA,NA,NA
"easton","kevin","100","OR","federal:house","OR05","C","M",-1.25,-1.259,49,"8972.21 USD",NA,NA,NA,NA
"harbour","joanna","200","OR","federal:house","OR03","O","F",1.517,1.289,57,"40679.08 USD",NA,NA,NA,NA
"dexter","maxine","100","OR","federal:house","OR03","O","F",-0.25,-0.695,2463,"1818244.55 USD",NA,NA,NA,NA
"jayapal","susheela","100","OR","federal:house","OR03","O","U",-0.995,NA,4407,"1053468.54 USD",NA,NA,NA,NA
"lucas","frank","200","OK","federal:house","OK03","I","M",1.04,1.016,4586,"1725662.38 USD",NA,NA,NA,NA
"macaulay","kody","100","OK","federal:house","OK04","C","M",-0.865,NA,90,"24330 USD",NA,NA,NA,NA
"sanders","mark","328","OK","federal:house","OK01","C","M",-0.391,NA,40,"67865.62 USD",NA,NA,NA,NA
"bondar","paul","200","OK","federal:house","OK04","C","M",1.359,NA,15,"5720498.25 USD",NA,NA,NA,NA
"abid","zerqa","100","OH","federal:house","OH15","C","U",-0.878,NA,838,"223435.63 USD",NA,NA,NA,NA
"coughlin","kevin","200","OH","federal:house","OH13","C","M",1.333,0.98,2725,"1662607.45 USD",NA,NA,NA,NA
"wheeler","gregory","200","OH","federal:house","OH13","C","M",1.178,1.398,157,"180647.81 USD",NA,NA,NA,NA
"rapoport","alan","200","OH","federal:house","OH11","C","M",1.233,NA,43,"84766.11 USD",NA,NA,NA,NA
"cox","amy","100","OH","federal:house","OH10","C","F",-1.049,-0.924,3250,"205053.9 USD",NA,NA,NA,NA
"jr","majewski","200","OH","federal:house","OH09","C","M",1.46,NA,1214,"289421.72 USD",NA,NA,NA,NA
"wilczynski","daniel","200","OH","federal:house","OH09","C","M",1.497,NA,127,"263803.07 USD",NA,NA,NA,NA
"rogers","mary","200","OH","federal:house","OH08","C","F",0.837,NA,8,"7952.65 USD",NA,NA,NA,NA
"bugie","douglas","100","OH","federal:house","OH07","C","M",1.047,NA,29,"55786.02 USD",NA,NA,NA,NA
"kripchak","michael","100","OH","federal:house","OH06","O","M",-1.029,NA,521,"79013.2 USD",NA,NA,NA,NA
"tsai","rick","200","OH","federal:house","OH06","O","M",2.087,NA,26,"42222.94 USD",NA,NA,NA,NA
"rulli","michael","200","OH","federal:house","OH06","O","M",0.743,0.813,1123,"1154951.89 USD",NA,NA,NA,NA
"hwang","tom","200","OH","federal:house","OH02","O","M",1.253,1.192,6,"508000 USD",NA,NA,NA,NA
"georgeton","kim","200","OH","federal:house","OH02","O","F",1.524,1.611,153,"42082.35 USD",NA,NA,NA,NA
"wilkin","shane","200","OH","federal:house","OH02","O","M",0.927,0.94,752,"202778.55 USD",NA,NA,NA,NA
"kidd","larry","200","OH","federal:house","OH02","O","M",0.911,NA,152,"1716312.58 USD",NA,NA,NA,NA
"tassell","charles","200","OH","federal:house","OH02","O","M",0.817,1.104,219,"137232.78 USD",NA,NA,NA,NA
"sonza","orlando","200","OH","federal:house","OH01","C","M",1.324,1.228,1086,"0 USD",NA,NA,NA,NA
"dickson","gary","200","NY","federal:house","NY26","O","M",1.071,NA,118,"62849.36 USD",NA,NA,NA,NA
"kennedy","timothy","100","NY","federal:house","NY26","I","M",-0.394,-0.72,5770,"2664314.25 USD",NA,NA,NA,NA
"wagenhauser","david","100","NY","federal:house","NY24","C","M",-1.093,NA,461,"97274.05 USD",NA,NA,NA,NA
"carle","thomas","100","NY","federal:house","NY23","C","M",-1.095,NA,108,"32743.03 USD",NA,NA,NA,NA
"mannion","john","100","NY","federal:house","NY22","C","M",-0.924,-0.823,11889,"4161857.47 USD",NA,NA,NA,NA
"tenney","claudia","200","NY","federal:house","NY24","I","F",1.351,1.501,34830,"2995402.57 USD",NA,NA,NA,NA
"lochner","jill","200","NY","federal:house","NY21","C","F",-0.536,NA,43,"15984.23 USD",NA,NA,NA,NA
"esposito","alison","200","NY","federal:house","NY18","C","F",1.309,NA,4521,"2435666.01 USD",NA,NA,NA,NA
"gereghty","elizabeth","100","NY","federal:house","NY17","C","F",-0.678,NA,853,"624569.56 USD",NA,NA,NA,NA
"latimer","george","100","NY","federal:house","NY16","C","M",0.256,NA,8590,"6679191.82 USD",NA,NA,NA,NA
"gerald","michael","100","NY","federal:house","NY16","C","M",-0.98,NA,91,"41993.16 USD",NA,NA,NA,NA
"morse","andrea","100","NY","federal:house","NY11","C","F",-0.905,NA,1519,"273868.12 USD",NA,NA,NA,NA
"clarke","yvette","100","NY","federal:house","NY09","I","F",-0.728,-0.674,8115,"1108983.72 USD",NA,NA,NA,NA
"grandsard","bruno","100","NY","federal:house","NY10","C","M",-0.757,NA,58,"28247 USD",NA,NA,NA,NA
"chou","joseph","200","NY","federal:house","NY06","C","M",-1.272,NA,14,"92644 USD",NA,NA,NA,NA
"denenberg","david","100","NY","federal:house","NY04","C","M",-1.203,-0.785,1161,"29304 USD",NA,NA,NA,NA
"hughes","sarah","100","NY","federal:house","NY04","C","F",-0.272,NA,98,"110147.12 USD",NA,NA,NA,NA
"maher","patricia","100","NY","federal:house","NY04","C","F",-0.998,NA,23,"8051.52 USD",NA,NA,NA,NA
"pilip","mazi","200","NY","federal:house","NY03","O","M",1.257,NA,14352,"2988676.57 USD",NA,NA,NA,NA
"cheng","austin","100","NY","federal:house","NY03","O","M",-0.305,NA,116,"615088.17 USD",NA,NA,NA,NA
"hach","gregory","200","NY","federal:house","NY03","O","M",-0.737,NA,117,"779230.96 USD",NA,NA,NA,NA
"livingston","scott","100","NY","federal:house","NY03","O","M",-0.491,NA,98,"121980.27 USD",NA,NA,NA,NA
"kaplan","anna","100","NY","federal:house","NY03","O","F",-0.899,-0.883,21860,"1310032.31 USD",NA,NA,NA,NA
"curry","kellen","200","NY","federal:house","NY03","O","M",1.31,NA,1355,"465250.71 USD",NA,NA,NA,NA
"avlon","john","100","NY","federal:house","NY01","C","M",-0.698,NA,7568,"5298299.52 USD",NA,NA,NA,NA
"goroff","nancy","100","NY","federal:house","NY01","C","F",-0.931,-0.932,15052,"2389663.54 USD",NA,NA,NA,NA
"gaughran","james","100","NY","federal:house","NY01","C","M",-0.653,NA,550,"202794.11 USD",NA,NA,NA,NA
"lee","john","200","NV","federal:house","NV04","C","M",1.221,NA,611,"1677950.55 USD",NA,NA,NA,NA
"odonnell","marty","200","NV","federal:house","NV03","C","M",1.491,NA,324,"1246755.62 USD",NA,NA,NA,NA
"johnson","drew","200","NV","federal:house","NV03","C","M",1.304,NA,1075,"1506098.9 USD",NA,NA,NA,NA
"simon","fred","200","NV","federal:house","NV02","C","M",1.429,NA,12,"35528.08 USD",NA,NA,NA,NA
"clahchischilliage","sharon","200","NM","federal:house","NM03","C","F",1.564,NA,963,"87912.28 USD",NA,NA,NA,NA
"dart","daniel","100","NJ","federal:house","NJ12","C","M",-0.065,NA,41,"159281.56 USD",NA,NA,NA,NA
"belnome","joseph","200","NJ","federal:house","NJ11","C","M",1.393,NA,115,"235275.8 USD",NA,NA,NA,NA
"claybrooks","brittany","100","NJ","federal:house","NJ10","C","F",-0.824,NA,49,"15471 USD",NA,NA,NA,NA
"mciver","lamonica","100","NJ","federal:house","NJ10","C","F",-0.635,NA,660,"647863.29 USD",NA,NA,NA,NA
"bucco","carmen","200","NJ","federal:house","NJ10","C","F",0.268,NA,25,"20817.07 USD",NA,NA,NA,NA
"micco","vincent","200","NJ","federal:house","NJ09","C","M",0.976,NA,187,"18943 USD",NA,NA,NA,NA
"vartan","gregory","100","NJ","federal:house","NJ07","C","M",-0.954,NA,249,"87248 USD",NA,NA,NA,NA
"signorello","joseph","100","NJ","federal:house","NJ07","C","M",-0.831,NA,727,"132510.69 USD",NA,NA,NA,NA
"fegler","scott","200","NJ","federal:house","NJ06","C","M",0.473,NA,123,"109023.45 USD",NA,NA,NA,NA
"guinchard","mary","200","NJ","federal:house","NJ05","C","F",0.742,NA,14,"330121.09 USD",NA,NA,NA,NA
"mohan","rajesh","200","NJ","federal:house","NJ03","O","M",-0.396,NA,183,"422972.73 USD",NA,NA,NA,NA
"cohn","joseph","100","NJ","federal:house","NJ03","O","M",-0.692,NA,212,"144919.63 USD",NA,NA,NA,NA
"maia cusick","shirley","200","NJ","federal:house","NJ03","O","F",1.539,NA,948,"408565.03 USD",NA,NA,NA,NA
"liddell","theodore","200","NJ","federal:house","NJ01","C","M",1.855,NA,14,"27218.05 USD",NA,NA,NA,NA
"neenos","jason","100","NH","federal:house","NH02","O","M",-1.101,NA,50,"9780 USD",NA,NA,NA,NA
"hamlen","william","200","NH","federal:house","NH02","O","M",1.23,NA,25,"849298.46 USD",NA,NA,NA,NA
"whitley","rebecca","100","NH","federal:house","NH02","O","F",-1.038,NA,439,"140425.79 USD",NA,NA,NA,NA
"bright","chris","200","NH","federal:house","NH01","C","M",1.065,NA,77,"294054.85 USD",NA,NA,NA,NA
"prescott","russell","200","NH","federal:house","NH01","C","M",1.425,1.378,4344,"0 USD",NA,NA,NA,NA
"frei","daniel","200","NE","federal:house","NE02","C","M",1.456,1.497,123,"139834 USD",NA,NA,NA,NA
"campbell","thomas","200","ND","federal:house","ND01","O","M",1.434,NA,11,"52600 USD",NA,NA,NA,NA
"balazs","alex","200","ND","federal:house","ND01","O","M",1.382,NA,45,"133289.13 USD",NA,NA,NA,NA
"becker","rick","200","ND","federal:house","ND01","O","M",1.578,1.573,333,"988330.42 USD",NA,NA,NA,NA
"genant","pamela","100","NC","federal:house","NC14","O","F",-1.005,NA,256,"50829.38 USD",NA,NA,NA,NA
"knott","brad","200","NC","federal:house","NC13","O","M",1.269,NA,1008,"2473895.81 USD",NA,NA,NA,NA
"shoemaker","matt","200","NC","federal:house","NC13","O","M",1.592,NA,47,"111577 USD",NA,NA,NA,NA
"ali","addul","200","NC","federal:house","NC12","C","U",1.478,NA,51,"48917.57 USD",NA,NA,NA,NA
"adams","alma","100","NC","federal:house","NC12","I","F",-0.883,-0.786,3993,"715498.2 USD",NA,NA,NA,NA
"reagan","christian","200","NC","federal:house","NC11","C","M",1.907,NA,17,"35530.06 USD",NA,NA,NA,NA
"eller","charles","200","NC","federal:house","NC10","O","M",1.542,NA,10,"18376 USD",NA,NA,NA,NA
"mills","grey","200","NC","federal:house","NC10","O","M",1.137,NA,185,"1537315.3 USD",NA,NA,NA,NA
"etchison","shelane","328","NC","federal:house","NC09","C","F",-0.598,NA,195,"358874.03 USD",NA,NA,NA,NA
"bradford","john","200","NC","federal:house","NC08","O","M",1.16,1.283,1056,"2046259.12 USD",NA,NA,NA,NA
"harris","mark","200","NC","federal:house","NC08","O","M",1.434,NA,474,"837984.14 USD",NA,NA,NA,NA
"craighill middleton","anduin","100","NC","federal:house","NC06","O","U",-1.381,NA,469,"9777.09 USD",NA,NA,NA,NA
"wagner","jay","200","NC","federal:house","NC06","O","M",1.273,NA,146,"274510.58 USD",NA,NA,NA,NA
"mayberry","ryan","200","NC","federal:house","NC05","C","M",1.226,NA,32,"152381.49 USD",NA,NA,NA,NA
"xu","kenny","200","NC","federal:house","NC13","O","M",1.286,NA,168,"171523.28 USD",NA,NA,NA,NA
"voncanon","fred","200","NC","federal:house","NC13","O","M",1.436,NA,122,"3332387 USD",NA,NA,NA,NA
"bogner","ken","200","MT","federal:house","MT02","O","M",1.417,NA,93,"55442.49 USD",NA,NA,NA,NA
"downing","troy","200","MT","federal:house","MT02","O","M",1.447,1.419,9069,"2943575.08 USD",NA,NA,NA,NA
"krautter","joel","200","MT","federal:house","MT02","O","M",-1.104,0.747,298,"88078.89 USD",NA,NA,NA,NA
"hamm","kevin","100","MT","federal:house","MT02","O","M",-1.027,NA,763,"71856.39 USD",NA,NA,NA,NA
"zinke","ryan","200","MT","federal:house","MT01","I","M",1.513,1.33,82455,"10117220.53 USD",NA,NA,NA,NA
"thompson","bennie","100","MS","federal:house","MS02","I","M",-0.521,-0.91,5495,"1245200.98 USD",NA,NA,NA,NA
"king hinds","kimberlyn","200","MP","federal:house","MP01","C","F",-0.1,NA,74,"145317.84 USD",NA,NA,NA,NA
"smith","jason","200","MO","federal:house","MO08","I","M",1.208,1.238,15941,"6549798.75 USD",NA,NA,NA,NA
"richardson","erik","100","MO","federal:house","MO06","C","M",-0.941,NA,106,"9095.1 USD",NA,NA,NA,NA
"mccaffree","mike","100","MO","federal:house","MO04","C","M",-1.121,NA,16,"9603.05 USD",NA,NA,NA,NA
"hicks","justin","200","MO","federal:house","MO03","O","M",1.342,NA,280,"161738.83 USD",NA,NA,NA,NA
"onder","robert","200","MO","federal:house","MO03","O","M",1.319,1.24,1470,"1778242.31 USD",NA,NA,NA,NA
"hartmann","ray","100","MO","federal:house","MO02","C","M",-0.906,NA,2756,"710024.93 USD",NA,NA,NA,NA
"bell","wesley","100","MO","federal:house","MO01","C","M",0.098,NA,8603,"10772395.2 USD",NA,NA,NA,NA
"boyd","stephen","200","MN","federal:house","MN07","C","M",1.655,NA,157,"208733.79 USD",NA,NA,NA,NA
"emmer","thomas","200","MN","federal:house","MN06","I","M",1.124,1.301,28561,"8158685.41 USD",NA,NA,NA,NA
"peterson","timothy","100","MN","federal:house","MN05","C","M",-0.663,NA,34,"18322 USD",NA,NA,NA,NA
"xiong","may","200","MN","federal:house","MN04","C","F",1.401,NA,140,"95138.59 USD",NA,NA,NA,NA
"page","james","200","MN","federal:house","MN03","O","M",0.602,NA,12,"11167.02 USD",NA,NA,NA,NA
"morrison","kelly","100","MN","federal:house","MN03","O","F",-0.796,-0.835,4433,"2263653.66 USD",NA,NA,NA,NA
"bowman","thomas","328","MN","federal:house","MN02","C","M",-0.582,NA,6,"19800 USD",NA,NA,NA,NA
"rahm","tayler","200","MN","federal:house","MN02","C","F",1.578,NA,6038,"0 USD",NA,NA,NA,NA
"bohman","rachel","100","MN","federal:house","MN01","C","F",-0.97,NA,1410,"413540.87 USD",NA,NA,NA,NA
"frangie","charles","200","MI","federal:house","MI11","C","M",0.608,0.553,47,"89017.5 USD",NA,NA,NA,NA
"somberg","nicholas","200","MI","federal:house","MI11","C","M",1.616,NA,14,"68845.76 USD",NA,NA,NA,NA
"powell","rhonda","100","MI","federal:house","MI10","C","F",-1.036,-1,422,"43406.74 USD",NA,NA,NA,NA
"busch","emily","100","MI","federal:house","MI10","C","F",-0.942,-0.966,2025,"514531.03 USD",NA,NA,NA,NA
"st mosley","clinton","100","MI","federal:house","MI09","C","M",-0.846,NA,786,"113478.38 USD",NA,NA,NA,NA
"collier","matt","100","MI","federal:house","MI08","O","M",-0.268,NA,716,"1212680.41 USD",NA,NA,NA,NA
"hudson","anthony","200","MI","federal:house","MI08","O","M",1.724,NA,59,"282095.22 USD",NA,NA,NA,NA
"moilanen","daniel","100","MI","federal:house","MI08","O","M",-0.857,NA,222,"22569.48 USD",NA,NA,NA,NA
"blank","martin","200","MI","federal:house","MI08","O","M",0.728,0.829,26,"13171.3 USD",NA,NA,NA,NA
"walberg","timothy","200","MI","federal:house","MI05","I","M",1.258,1.36,10175,"1597811.15 USD",NA,NA,NA,NA
"muir","brendan","200","MI","federal:house","MI04","C","M",1.737,NA,35,"25023.1 USD",NA,NA,NA,NA
"moolenaar","john","200","MI","federal:house","MI02","I","M",1.04,1.139,5265,"2135244.82 USD",NA,NA,NA,NA
"ickes","jason","200","MI","federal:house","MI03","C","M",1.035,NA,13,"40093.58 USD",NA,NA,NA,NA
"saul","joshua","200","MI","federal:house","MI01","C","M",1.401,NA,13,"21450.29 USD",NA,NA,NA,NA
"theriault","austin","200","ME","federal:house","ME02","C","M",1.319,1.406,2024,"3628072.48 USD",NA,NA,NA,NA
"cross","robert","200","ME","federal:house","ME02","C","M",1.172,1.417,173,"57055.95 USD",NA,NA,NA,NA
"piantidosi","andrew","200","ME","federal:house","ME01","C","M",1.346,NA,102,"79435.09 USD",NA,NA,NA,NA
"cox","dan","200","MD","federal:house","MD06","O","M",1.507,1.405,263,"171049.02 USD",NA,NA,NA,NA
"jain","ashwani","100","MD","federal:house","MD06","O","U",-1.514,-1.348,239,"105163.51 USD",NA,NA,NA,NA
"sayles","laurie","100","MD","federal:house","MD06","O","F",-0.749,NA,363,"83292.5 USD",NA,NA,NA,NA
"royals","tom","200","MD","federal:house","MD06","O","M",1.451,NA,4083,"558345.28 USD",NA,NA,NA,NA
"west","destiny","100","MD","federal:house","MD06","O","F",-1.041,NA,104,"15880.35 USD",NA,NA,NA,NA
"thiam","brenda","200","MD","federal:house","MD06","O","F",1.484,1.304,178,"49519.82 USD",NA,NA,NA,NA
"vogel","joseph","100","MD","federal:house","MD06","O","M",-0.619,NA,2026,"814884.6 USD",NA,NA,NA,NA
"talkington","michelle","200","MD","federal:house","MD05","C","F",1.408,1.222,50,"21998.2 USD",NA,NA,NA,NA
"njinimbot","gabriel","100","MD","federal:house","MD04","C","M",-1.187,NA,325,"68533.4 USD",NA,NA,NA,NA
"coburn","michael","100","MD","federal:house","MD03","O","M",-0.975,NA,118,"229985 USD",NA,NA,NA,NA
"dunn","harry","100","MD","federal:house","MD03","O","M",-1.054,NA,107240,"0 USD",NA,NA,NA,NA
"dominguez","juan","100","MD","federal:house","MD03","O","M",-0.141,NA,421,"759720.02 USD",NA,NA,NA,NA
"chang","mark","100","MD","federal:house","MD03","O","M",-0.154,NA,209,"139633 USD",NA,NA,NA,NA
"lam","clarence","100","MD","federal:house","MD03","O","M",-0.629,-0.749,2593,"914026.78 USD",NA,NA,NA,NA
"hill","terri","100","MD","federal:house","MD03","O","F",-0.936,-0.763,1435,"412551.64 USD",NA,NA,NA,NA
"elfreth","sarah","100","MD","federal:house","MD03","O","F",-0.283,-0.629,4430,"2276073.8 USD",NA,NA,NA,NA
"kyriakakos","athansia","100","MD","federal:house","MD02","O","U",-0.402,NA,95,"23028 USD",NA,NA,NA,NA
"bhandari","harry","100","MD","federal:house","MD02","O","M",-1,NA,2240,"269241.81 USD",NA,NA,NA,NA
"moulton","seth","100","MA","federal:house","MA06","I","M",-0.826,-0.759,34617,"2908225.26 USD",NA,NA,NA,NA
"mcgovern","james","100","MA","federal:house","MA02","I","M",-0.853,-0.752,11071,"1097317.3 USD",NA,NA,NA,NA
"fields","cleo","100","LA","federal:house","LA06","C","F",-0.175,-0.37,2516,"1245924.5 USD",NA,NA,NA,NA
"anderson","quentin","100","LA","federal:house","LA06","C","M",-0.967,NA,276,"35639.69 USD",NA,NA,NA,NA
"manuel","mel","100","LA","federal:house","LA01","C","M",-0.974,NA,950,"74559.16 USD",NA,NA,NA,NA
"kelly","durand","100","KY","federal:house","KY06","C","M",-0.402,NA,86,"59680.62 USD",NA,NA,NA,NA
"young","geoffrey","100","KY","federal:house","KY03","C","M",-1.246,-1.16,331,"16986.56 USD",NA,NA,NA,NA
"reddy","prasanth","200","KS","federal:house","KS03","C","U",1.19,NA,1756,"1903036.3 USD",NA,NA,NA,NA
"westbrook","jonathon","200","KS","federal:house","KS03","C","M",2.131,NA,36,"90235 USD",NA,NA,NA,NA
"kleinmann","matthew","100","KS","federal:house","KS02","C","M",-0.9,NA,200,"52818.77 USD",NA,NA,NA,NA
"tiffany","shawn","200","KS","federal:house","KS02","C","M",1.457,NA,328,"478489.57 USD",NA,NA,NA,NA
"woody","elgin","100","KS","federal:house","KS02","C","M",-1.01,NA,370,"40623.42 USD",NA,NA,NA,NA
"peck","timothy","100","IN","federal:house","IN09","C","M",-0.815,NA,691,"362628.97 USD",NA,NA,NA,NA
"hostettler","john","200","IN","federal:house","IN08","O","M",1.492,1.507,1945,"53971.73 USD",NA,NA,NA,NA
"moss","richard","200","IN","federal:house","IN08","O","M",1.654,1.501,218,"757656.26 USD",NA,NA,NA,NA
"jacob","john","200","IN","federal:house","IN06","O","M",1.548,1.66,179,"40111.93 USD",NA,NA,NA,NA
"carrier","jamison","200","IN","federal:house","IN06","O","M",1.563,NA,155,"872676.26 USD",NA,NA,NA,NA
"speedy","mike","200","IN","federal:house","IN06","O","M",1.316,1.262,400,"1587196.58 USD",NA,NA,NA,NA
"pfenninger","ryan","100","IN","federal:house","IN05","C","M",-0.961,NA,79,"110598 USD",NA,NA,NA,NA
"hurt","mark","200","IN","federal:house","IN05","C","M",1.555,1.695,201,"176231.58 USD",NA,NA,NA,NA
"mahant","siddharth","200","IN","federal:house","IN06","O","M",0.951,NA,54,"2120568.37 USD",NA,NA,NA,NA
"goodrich","charles","200","IN","federal:house","IN05","C","M",1.35,NA,371,"5498328.56 USD",NA,NA,NA,NA
"adolph","kiley","100","IN","federal:house","IN03","O","F",-0.491,NA,283,"47977.01 USD",NA,NA,NA,NA
"bucher","grant","200","IN","federal:house","IN03","O","M",1.675,NA,141,"105164.65 USD",NA,NA,NA,NA
"goss","phil","100","IN","federal:house","IN03","O","M",-1.358,NA,17,"260098.72 USD",NA,NA,NA,NA
"kenworthy","jon","200","IN","federal:house","IN03","O","M",-0.286,NA,11,"84740.84 USD",NA,NA,NA,NA
"zay","andrew","200","IN","federal:house","IN03","O","M",1.175,NA,473,"747427.41 USD",NA,NA,NA,NA
"niemeyer","randell","200","IN","federal:house","IN01","C","M",1.319,NA,743,"1107288.15 USD",NA,NA,NA,NA
"crowl","scot","200","IL","federal:house","IL17","C","M",1.515,NA,11,"135837.35 USD",NA,NA,NA,NA
"leiv","matthew","200","IL","federal:house","IL14","C","M",1.373,NA,22,"63209.62 USD",NA,NA,NA,NA
"loyd","joshua","200","IL","federal:house","IL13","C","M",1.453,NA,98,"90607.54 USD",NA,NA,NA,NA
"bost","michael","200","IL","federal:house","IL12","I","M",0.926,1.16,6146,"3157655.8 USD",NA,NA,NA,NA
"kim","charles","200","IL","federal:house","IL14","C","M",1.441,NA,14,"85421.44 USD",NA,NA,NA,NA
"cohen","seth","200","IL","federal:house","IL09","C","M",1.104,NA,68,"12108.78 USD",NA,NA,NA,NA
"marshall","kouri","100","IL","federal:house","IL07","C","U",-0.76,NA,425,"131321.9 USD",NA,NA,NA,NA
"conyears ervin","melissa","100","IL","federal:house","IL07","C","F",-0.558,NA,821,"738802.64 USD",NA,NA,NA,NA
"ahmad","mahnoor","100","IL","federal:house","IL06","C","U",-1.042,NA,499,"97025.26 USD",NA,NA,NA,NA
"cleveland","scott","200","ID","federal:house","ID02","C","M",1.69,NA,161,"105631.7 USD",NA,NA,NA,NA
"roth","david","100","ID","federal:house","ID02","C","M",-1.039,-1.004,1447,"104431.35 USD",NA,NA,NA,NA
"baccam","lanon","100","IA","federal:house","IA03","C","U",-0.95,NA,10582,"5610180.06 USD",NA,NA,NA,NA
"albertson corkery","sarah","100","IA","federal:house","IA02","C","F",-1.015,NA,1580,"510625.86 USD",NA,NA,NA,NA
"cruz","ginger","100","GU","federal:house","GU01","C","F",-0.321,NA,249,"681967.18 USD",NA,NA,NA,NA
"blalock","clarence","100","GA","federal:house","GA14","C","M",-1.136,NA,145,"42319.74 USD",NA,NA,NA,NA
"leigh","joseph","100","GA","federal:house","GA14","C","M",-0.687,NA,31,"19419.16 USD",NA,NA,NA,NA
"cash","tambrei","100","GA","federal:house","GA09","C","U",-1.108,NA,1318,"61660.34 USD",NA,NA,NA,NA
"yu","eugene","200","GA","federal:house","GA04","C","M",1.073,0.915,230,"66585.15 USD",NA,NA,NA,NA
"loudermilk","barry","200","GA","federal:house","GA11","I","M",1.151,1.313,2548,"861133.31 USD",NA,NA,NA,NA
"collins","michael","200","GA","federal:house","GA10","I","M",1.438,1.405,16959,"1713411.61 USD",NA,NA,NA,NA
"criswell","jefferson","200","GA","federal:house","GA06","C","M",1.278,NA,39,"28099.47 USD",NA,NA,NA,NA
"richardson","jerica","100","GA","federal:house","GA06","C","F",-0.759,NA,335,"115730.65 USD",NA,NA,NA,NA
"jack","brian","200","GA","federal:house","GA03","O","M",1.235,NA,3707,"2296183.1 USD",NA,NA,NA,NA
"keller","maura","100","GA","federal:house","GA03","O","F",-1.045,NA,885,"148905.21 USD",NA,NA,NA,NA
"dugan","michael","200","GA","federal:house","GA03","O","M",1.213,1.327,1157,"769169.46 USD",NA,NA,NA,NA
"nixon","michael","200","GA","federal:house","GA02","C","M",1.7,NA,37,"45778.88 USD",NA,NA,NA,NA
"taylor","tracy","200","GA","federal:house","GA02","C","F",1.467,NA,12,"20806.27 USD",NA,NA,NA,NA
"carter","earl","200","GA","federal:house","GA01","I","M",1.113,1.241,5614,"2597666.23 USD",NA,NA,NA,NA
"baez geller","lucia","100","FL","federal:house","FL27","C","F",-0.843,NA,2093,"654171.35 USD",NA,NA,NA,NA
"fratto","john","200","FL","federal:house","FL26","C","M",0.963,NA,32,"37786.81 USD",NA,NA,NA,NA
"eddy","christopher","200","FL","federal:house","FL25","C","M",1.354,NA,232,"416343.66 USD",NA,NA,NA,NA
"spicer","lavern","200","FL","federal:house","FL24","C","U",1.477,1.606,3475,"24066.43 USD",NA,NA,NA,NA
"chess","steven","200","FL","federal:house","FL23","C","M",1.999,1.91,9,"20000 USD",NA,NA,NA,NA
"gutmann","andrew","200","FL","federal:house","FL22","C","M",1.03,NA,295,"752101.69 USD",NA,NA,NA,NA
"witkop","thomas","100","FL","federal:house","FL21","C","M",-1.034,NA,1625,"265397.71 USD",NA,NA,NA,NA
"braunston","peter","100","FL","federal:house","FL18","C","M",-1.084,NA,26,"12820 USD",NA,NA,NA,NA
"lopez","manny","100","FL","federal:house","FL17","C","M",-1.164,-1.149,571,"69448.01 USD",NA,NA,NA,NA
"speir","jason","200","FL","federal:house","FL16","C","M",1.393,NA,167,"548653.71 USD",NA,NA,NA,NA
"barbosa","jennifer","200","FL","federal:house","FL15","C","F",1.517,NA,14,"37656.68 USD",NA,NA,NA,NA
"fitzgerald","kris","100","FL","federal:house","FL15","C","U",-0.84,NA,44,"18066.31 USD",NA,NA,NA,NA
"rochford","robert","200","FL","federal:house","FL14","C","M",1.64,NA,50,"72882.58 USD",NA,NA,NA,NA
"bousbar","sabrina","100","FL","federal:house","FL13","C","F",-0.951,NA,1055,"222681.71 USD",NA,NA,NA,NA
"weinkrantz","mark","100","FL","federal:house","FL13","C","M",-0.842,NA,191,"330552 USD",NA,NA,NA,NA
"hall","barbara","100","FL","federal:house","FL11","C","F",-1.039,NA,500,"67183.04 USD",NA,NA,NA,NA
"chalifoux","thomas","200","FL","federal:house","FL09","C","M",1.426,1.359,139,"2647413.28 USD",NA,NA,NA,NA
"haridopolos","mike","200","FL","federal:house","FL08","C","M",0.866,1.224,7068,"1759340.7 USD",NA,NA,NA,NA
"babits","joseph","200","FL","federal:house","FL08","C","M",2.071,NA,10,"155803.15 USD",NA,NA,NA,NA
"hearton","john","200","FL","federal:house","FL08","C","M",1.504,NA,29,"379855.51 USD",NA,NA,NA,NA
"adams","jennifer","100","FL","federal:house","FL07","C","F",-0.863,NA,614,"277066.1 USD",NA,NA,NA,NA
"stockton","james","100","FL","federal:house","FL06","C","M",-0.96,NA,181,"33549.47 USD",NA,NA,NA,NA
"aboujaoude","rock","100","FL","federal:house","FL12","C","M",-1.046,NA,876,"56949.32 USD",NA,NA,NA,NA
"dimmock","aaron","200","FL","federal:house","FL01","C","M",0.706,NA,388,"393586.05 USD",NA,NA,NA,NA
"young","eugene","100","DE","federal:house","DE01","O","M",-0.574,NA,894,"436569.05 USD",NA,NA,NA,NA
"davis","colleen","100","DE","federal:house","DE01","O","F",-0.499,-0.792,786,"162564.26 USD",NA,NA,NA,NA
"williams","kelly","100","DC","federal:house","DC01","C","M",-1.131,NA,142,"46650 USD",NA,NA,NA,NA
"goldstein","michael","200","CT","federal:house","CT04","C","M",1.103,1.18,235,"313021.96 USD",NA,NA,NA,NA
"joshi","janak","200","CO","federal:house","CO08","C","U",0.03,0.823,373,"243465.42 USD",NA,NA,NA,NA
"evans","timothy","200","CO","federal:house","CO08","C","M",1.442,NA,6919,"2734308.76 USD",NA,NA,NA,NA
"matveyuk","sergei","200","CO","federal:house","CO07","C","M",1.576,NA,214,"56986.88 USD",NA,NA,NA,NA
"tupa","ronald","328","CO","federal:house","CO07","C","M",-1.175,NA,25,"36452.44 USD",NA,NA,NA,NA
"edgar","john","100","CO","federal:house","CO05","O","M",-0.894,NA,52,"49480.7 USD",NA,NA,NA,NA
"pugliese","rose","200","CO","federal:house","CO05","O","F",1.553,1.324,379,"9020.65 USD",NA,NA,NA,NA
"gassen","river","100","CO","federal:house","CO05","O","M",-1.107,NA,824,"172285.48 USD",NA,NA,NA,NA
"lopez","greg","200","CO","federal:house","CO04","O","M",1.355,1.343,1002,"43352.67 USD",NA,NA,NA,NA
"phelen","christopher","200","CO","federal:house","CO04","O","M",0.334,NA,41,"97657.66 USD",NA,NA,NA,NA
"lynch","mike","200","CO","federal:house","CO04","O","M",1.353,NA,203,"143843.27 USD",NA,NA,NA,NA
"sonnenberg","jerry","200","CO","federal:house","CO04","O","M",1.213,1.152,977,"356932.23 USD",NA,NA,NA,NA
"flora","deborah","200","CO","federal:house","CO04","O","F",1.345,1.435,493,"450657.31 USD",NA,NA,NA,NA
"breslin","karen","100","CO","federal:house","CO04","O","F",-1.105,-1.113,851,"41802.62 USD",NA,NA,NA,NA
"buck","kenneth","200","CO","federal:house","CO04","I","M",1.453,1.385,15540,"162212.98 USD",NA,NA,NA,NA
"webb","lew","200","CO","federal:house","CO03","O","M",1.427,NA,42,"219000 USD",NA,NA,NA,NA
"hanks","ron","200","CO","federal:house","CO03","O","M",1.893,1.779,197,"42285.49 USD",NA,NA,NA,NA
"hurd","jeffrey","200","CO","federal:house","CO03","O","M",1.113,NA,1444,"2769793.8 USD",NA,NA,NA,NA
"andrews","russ","200","CO","federal:house","CO03","O","M",1.221,NA,155,"471361.42 USD",NA,NA,NA,NA
"archuleta","valdamar","200","CO","federal:house","CO01","C","U",1.483,NA,14,"12912.6 USD",NA,NA,NA,NA
"wilkinson","margarita","200","CA","federal:house","CA49","C","F",1.097,NA,310,"2211358.88 USD",NA,NA,NA,NA
"gunderson","matt","200","CA","federal:house","CA49","C","M",1.25,1.296,1517,"4958325.22 USD",NA,NA,NA,NA
"simon","michael","100","CA","federal:house","CA48","C","M",-0.734,NA,58,"136294.26 USD",NA,NA,NA,NA
"crandall","terry","328","CA","federal:house","CA47","O","M",-0.352,NA,6,"15626 USD",NA,NA,NA,NA
"mcgrath","thomas","328","CA","federal:house","CA47","O","M",-1.912,NA,6,"18270.91 USD",NA,NA,NA,NA
"weiss","joanna","100","CA","federal:house","CA47","O","F",-0.543,NA,3482,"2298172.86 USD",NA,NA,NA,NA
"min","dave","100","CA","federal:house","CA47","O","M",-0.934,-0.962,17873,"6835943.16 USD",NA,NA,NA,NA
"tran","derek","100","CA","federal:house","CA45","C","M",-0.968,NA,26789,"6514135.97 USD",NA,NA,NA,NA
"hunt","cheyenne","100","CA","federal:house","CA45","C","F",-1.021,NA,2896,"0 USD",NA,NA,NA,NA
"nguyen","kim","100","CA","federal:house","CA45","C","F",-0.885,NA,1260,"366569.43 USD",NA,NA,NA,NA
"briscoe","john","200","CA","federal:house","CA42","C","M",1.566,1.561,30,"355605.04 USD",NA,NA,NA,NA
"sheridan","timothy","100","CA","federal:house","CA41","C","M",-1.099,-0.984,375,"14762.68 USD",NA,NA,NA,NA
"kerr","joseph","100","CA","federal:house","CA40","C","M",-0.912,NA,3131,"2080922.59 USD",NA,NA,NA,NA
"hashemieh","julia","200","CA","federal:house","CA47","O","F",0.504,NA,22,"41074.17 USD",NA,NA,NA,NA
"may","melissa","100","CA","federal:house","CA35","C","F",-1.394,NA,10,"15394 USD",NA,NA,NA,NA
"ferrell","david","100","CA","federal:house","CA34","C","M",-1.33,NA,18,"9078.1 USD",NA,NA,NA,NA
"lieu","ted","100","CA","federal:house","CA36","I","M",-0.589,-0.788,11115,"2587897.61 USD",NA,NA,NA,NA
"cisneros","gilbert","100","CA","federal:house","CA31","O","M",-0.817,-0.843,9345,"6477170.49 USD",NA,NA,NA,NA
"rubio","susan","100","CA","federal:house","CA31","O","F",0.411,NA,1991,"583861.02 USD",NA,NA,NA,NA
"archuleta","bob","100","CA","federal:house","CA31","O","M",-0.017,-0.316,925,"576500.81 USD",NA,NA,NA,NA
"ratevosian","jirair","100","CA","federal:house","CA30","O","U",-0.861,NA,802,"312654.27 USD",NA,NA,NA,NA
"dunwoody","stephen","100","CA","federal:house","CA30","O","M",-1.052,NA,136,"31894.45 USD",NA,NA,NA,NA
"feuer","michael","100","CA","federal:house","CA30","O","M",-0.71,NA,1157,"1491487.45 USD",NA,NA,NA,NA
"savage","ben","100","CA","federal:house","CA30","O","M",-0.102,NA,34,"1374520.54 USD",NA,NA,NA,NA
"friedman","laura","100","CA","federal:house","CA30","O","F",-0.918,-0.858,4013,"1835665.11 USD",NA,NA,NA,NA
"bernal","benito","200","CA","federal:house","CA29","O","M",1.558,NA,55,"55143.71 USD",NA,NA,NA,NA
"verlato","april","200","CA","federal:house","CA28","C","F",0.37,NA,198,"349180.9 USD",NA,NA,NA,NA
"whitesides","george","100","CA","federal:house","CA27","C","M",-0.936,NA,27901,"10614137.63 USD",NA,NA,NA,NA
"koslow","michael","200","CA","federal:house","CA26","C","M",1.383,NA,60,"100754.66 USD",NA,NA,NA,NA
"chapa","miguel","200","CA","federal:house","CA25","C","M",1.927,NA,12,"20694 USD",NA,NA,NA,NA
"truman","ceci","200","CA","federal:house","CA25","C","F",1.494,NA,68,"142532.48 USD",NA,NA,NA,NA
"waters","maxine","100","CA","federal:house","CA43","I","F",-0.798,-0.78,7005,"1119385.5 USD",NA,NA,NA,NA
"kirkland","kyle","200","CA","federal:house","CA20","C","M",0.274,NA,85,"723332.21 USD",NA,NA,NA,NA
"boudreaux","michael","200","CA","federal:house","CA20","C","M",1.178,NA,318,"457481.76 USD",NA,NA,NA,NA
"giglio","david","200","CA","federal:house","CA20","C","M",1.577,1.543,433,"44199.32 USD",NA,NA,NA,NA
"morales","jesus","100","CA","federal:house","CA20","C","M",-1.058,NA,2468,"144083.35 USD",NA,NA,NA,NA
"anderson","jason","200","CA","federal:house","CA19","C","M",1.587,NA,25,"18044.56 USD",NA,NA,NA,NA
"chen","anita","200","CA","federal:house","CA17","C","F",1.043,NA,79,"73273.05 USD",NA,NA,NA,NA
"lythcott haims","julie","100","CA","federal:house","CA16","O","F",-0.97,NA,1502,"721756.37 USD",NA,NA,NA,NA
"dixon","peter","100","CA","federal:house","CA16","O","M",-0.245,NA,1270,"3400472.15 USD",NA,NA,NA,NA
"liccardo","sam","100","CA","federal:house","CA16","O","M",-0.641,NA,3086,"6226443.41 USD",NA,NA,NA,NA
"ohtaki","peter","200","CA","federal:house","CA16","O","M",1.078,1.06,108,"94035.03 USD",NA,NA,NA,NA
"kruttiventi","vin","200","CA","federal:house","CA14","C","M",0.569,NA,206,"850582.78 USD",NA,NA,NA,NA
"sikder","abdur","100","CA","federal:house","CA12","O","M",-1.189,NA,29,"21938 USD",NA,NA,NA,NA
"sanchez","tim","100","CA","federal:house","CA12","O","M",-0.638,NA,227,"102802.71 USD",NA,NA,NA,NA
"simon","lateefah","100","CA","federal:house","CA12","O","F",-0.93,NA,3885,"2231456.15 USD",NA,NA,NA,NA
"lou","bruce","200","CA","federal:house","CA11","C","M",1.201,NA,133,"208130.5 USD",NA,NA,NA,NA
"piccinini","katherine","200","CA","federal:house","CA10","C","F",1.583,NA,49,"40733.96 USD",NA,NA,NA,NA
"mcbride","john","200","CA","federal:house","CA09","C","M",1.46,NA,9,"12665.01 USD",NA,NA,NA,NA
"dood","brett","200","CA","federal:house","CA09","C","M",1.545,NA,112,"121330.42 USD",NA,NA,NA,NA
"riehle","raymond","200","CA","federal:house","CA06","C","M",1.335,NA,38,"48647 USD",NA,NA,NA,NA
"munn","john","200","CA","federal:house","CA04","C","M",1.588,NA,86,"159805.48 USD",NA,NA,NA,NA
"yee","rose","100","CA","federal:house","CA01","C","F",-1.074,NA,235,"86105.64 USD",NA,NA,NA,NA
"franks","trent","200","AZ","federal:house","AZ08","O","M",1.007,1.372,2355,"644719.34 USD",NA,NA,NA,NA
"kern","anthony","200","AZ","federal:house","AZ08","O","M",1.622,1.498,614,"210220.97 USD",NA,NA,NA,NA
"hamadeh","abraham","200","AZ","federal:house","AZ08","O","M",1.485,1.556,8172,"1994018.86 USD",NA,NA,NA,NA
"spreitzer","jeremy","100","AZ","federal:house","AZ08","O","M",-0.925,-0.918,238,"22430.48 USD",NA,NA,NA,NA
"gallego","ruben","100","AZ","federal:house","AZ03","I","M",-0.923,-0.834,373841,"129314399.92 USD",NA,NA,NA,NA
"odonnell","john","100","AZ","federal:house","AZ06","C","M",-0.28,NA,120,"69325.24 USD",NA,NA,NA,NA
"schaffner","katrina","100","AZ","federal:house","AZ05","C","F",-1.044,NA,567,"69745.77 USD",NA,NA,NA,NA
"mendoza","jesus","200","AZ","federal:house","AZ03","O","M",1.575,NA,15,"10977.82 USD",NA,NA,NA,NA
"pastor","laura","100","AZ","federal:house","AZ03","O","F",-0.152,NA,156,"121783.96 USD",NA,NA,NA,NA
"teran","raquel","100","AZ","federal:house","AZ03","O","F",-0.969,-0.864,5164,"0 USD",NA,NA,NA,NA
"smith","jack","200","AZ","federal:house","AZ02","C","M",1.233,NA,27,"104009.41 USD",NA,NA,NA,NA
"bowe","lindsay","100","AZ","federal:house","AZ02","C","F",-1.342,NA,11,"9620 USD",NA,NA,NA,NA
"george","kimberly","200","AZ","federal:house","AZ01","C","F",1.624,NA,239,"153414.43 USD",NA,NA,NA,NA
"galan woods","marlene","100","AZ","federal:house","AZ01","C","F",-0.716,NA,3880,"1776275.3 USD",NA,NA,NA,NA
"cherny","andrei","100","AZ","federal:house","AZ01","C","M",-0.879,-0.782,5945,"2593678.69 USD",NA,NA,NA,NA
"horne","andrew","100","AZ","federal:house","AZ01","C","M",-0.946,NA,359,"2814612.1 USD",NA,NA,NA,NA
"amata","aumua","200","AS","federal:house","AS01","I","F",0.972,0.983,431,"65150.37 USD",NA,NA,NA,NA
"penzo","clint","200","AR","federal:house","AR03","C","M",1.471,NA,201,"123158.88 USD",NA,NA,NA,NA
"jones","marcus","100","AR","federal:house","AR02","C","M",-1.101,NA,638,"476872.35 USD",NA,NA,NA,NA
"govens","rodney","100","AR","federal:house","AR01","C","M",-1.048,-0.986,192,"95238.76 USD",NA,NA,NA,NA
"anderson","elizabeth","100","AL","federal:house","AL06","C","F",-1.033,NA,1147,"208724.38 USD",NA,NA,NA,NA
"palmer","gary","200","AL","federal:house","AL06","I","M",1.33,1.233,2196,"1728601.16 USD",NA,NA,NA,NA
"dobson","caroleene","200","AL","federal:house","AL02","C","U",1.217,NA,1744,"3857871.22 USD",NA,NA,NA,NA
"givan","juandalynn","100","AL","federal:house","AL02","C","F",-0.043,-0.022,297,"150251.27 USD",NA,NA,NA,NA
"figures","shomari","100","AL","federal:house","AL02","C","M",-0.785,NA,7116,"2628628.73 USD",NA,NA,NA,NA
"harris","hampton","200","AL","federal:house","AL02","C","M",1.864,NA,11,"58137.92 USD",NA,NA,NA,NA
"gray","jeremy","100","AL","federal:house","AL02","C","M",-0.532,-0.293,649,"163092.8 USD",NA,NA,NA,NA
"holmes","thomas","100","AL","federal:house","AL01","C","M",-1.113,-1.149,67,"17698.86 USD",NA,NA,NA,NA
"hageman","harriet","200","WY","federal:house","WY01","I","F",1.556,1.348,35854,"3070024.92 USD",NA,NA,NA,NA
"barry","charity","200","WI","federal:house","WI02","C","F",1.571,1.611,266,"135912.28 USD",NA,NA,NA,NA
"kilmer","derek","100","WA","federal:house","WA06","I","M",-0.852,-0.752,9990,"1012518.96 USD",NA,NA,NA,NA
"gluesenkamp perez","marie","100","WA","federal:house","WA03","I","F",-0.963,NA,36376,"11856001.72 USD",NA,NA,NA,NA
"kent","joseph","200","WA","federal:house","WA03","C","M",1.427,1.584,5898,"2654419.86 USD",NA,NA,NA,NA
"balint","rebecca","100","VT","federal:house","VT01","I","F",-1.046,-1.055,22118,"1394864.27 USD",NA,NA,NA,NA
"clancy","mike","200","VA","federal:house","VA10","O","M",1.217,1.25,753,"1162673.47 USD",NA,NA,NA,NA
"anderson","derrick","200","VA","federal:house","VA07","O","M",1.428,NA,15565,"3408433.58 USD",NA,NA,NA,NA
"jones","herbert","100","VA","federal:house","VA01","C","M",-1.022,-1.007,2618,"140867.41 USD",NA,NA,NA,NA
"wright","glenn","100","UT","federal:house","UT03","O","M",-0.854,-0.899,438,"83347.8 USD",NA,NA,NA,NA
"casar","greg","100","TX","federal:house","TX35","I","M",-0.783,-0.855,6355,"1116006.32 USD",NA,NA,NA,NA
"cisneros","laura","200","TX","federal:house","TX34","C","F",0.443,NA,48,"29668.7 USD",NA,NA,NA,NA
"veasey","marc","100","TX","federal:house","TX33","I","M",-0.626,-0.87,4547,"1878488.62 USD",NA,NA,NA,NA
"day","darrell","200","TX","federal:house","TX32","O","M",1.529,1.617,197,"232281.55 USD",NA,NA,NA,NA
"crockett","jasmine","100","TX","federal:house","TX30","I","F",-0.973,-0.834,35244,"3114949.74 USD",NA,NA,NA,NA
"lopez","francisco","200","TX","federal:house","TX23","C","M",1.748,1.796,27,"11412 USD",NA,NA,NA,NA
"vallejo","michelle","100","TX","federal:house","TX15","C","F",-0.921,-0.922,10259,"2388898.64 USD",NA,NA,NA,NA
"hunt","trey","100","TX","federal:house","TX12","O","M",-1.049,-1.071,609,"29764.56 USD",NA,NA,NA,NA
"ellis","jameson","200","TX","federal:house","TX02","C","M",1.598,1.677,278,"38675.66 USD",NA,NA,NA,NA
"self","keith","200","TX","federal:house","TX03","I","M",1.043,1.211,1186,"735660.61 USD",NA,NA,NA,NA
"sessions","pete","200","TX","federal:house","TX17","I","M",1.078,1.308,10383,"1243303.06 USD",NA,NA,NA,NA
"kustoff","david","200","TN","federal:house","TN08","I","M",1.042,1.16,3671,"2498788.64 USD",NA,NA,NA,NA
"fry","russell","200","SC","federal:house","SC07","I","M",1.33,1.395,3061,"1511709.79 USD",NA,NA,NA,NA
"dixon","gregg","100","SC","federal:house","SC06","C","M",-1.315,-1.036,262,"112943.58 USD",NA,NA,NA,NA
"burns","mark","200","SC","federal:house","SC03","O","M",1.501,1.491,208,"789646.16 USD",NA,NA,NA,NA
"clyburn","james","100","SC","federal:house","SC06","I","M",-0.693,-0.676,15136,"2222667.81 USD",NA,NA,NA,NA
"patel","bhavini","100","PA","federal:house","PA12","C","F",-0.526,NA,1759,"701477.21 USD",NA,NA,NA,NA
"deluzio","christopher","100","PA","federal:house","PA17","I","M",-0.915,-0.937,12143,"5064885.7 USD",NA,NA,NA,NA
"daniels","shamaine","100","PA","federal:house","PA10","C","F",-1.041,-0.938,2627,"81033.49 USD",NA,NA,NA,NA
"dellicker","kevin","200","PA","federal:house","PA07","C","M",1.447,1.483,690,"564235.67 USD",NA,NA,NA,NA
"ehasz","ashley","100","PA","federal:house","PA01","C","F",-0.955,-0.969,11848,"3961549.18 USD",NA,NA,NA,NA
"salinas","andrea","100","OR","federal:house","OR06","I","F",-0.939,-0.892,13537,"5395320 USD",NA,NA,NA,NA
"hoyle","valerie","100","OR","federal:house","OR04","I","F",-0.799,-0.881,9051,"2665016.82 USD",NA,NA,NA,NA
"cole","tom","200","OK","federal:house","OK04","I","M",0.919,1.124,7102,"5588752.02 USD",NA,NA,NA,NA
"miller","max","200","OH","federal:house","OH07","I","M",0.791,1.329,6875,"1989521.73 USD",NA,NA,NA,NA
"carey","mike","200","OH","federal:house","OH15","I","M",0.933,1.088,5893,"2699201.24 USD",NA,NA,NA,NA
"sykes","emilia","100","OH","federal:house","OH13","I","F",-0.927,-0.864,11577,"5332291.25 USD",NA,NA,NA,NA
"riedel","craig","200","OH","federal:house","OH09","C","M",1.367,1.38,1255,"1298354.66 USD",NA,NA,NA,NA
"kaptur","marcy","100","OH","federal:house","OH09","I","F",-0.728,-0.794,21789,"5063732.53 USD",NA,NA,NA,NA
"wilson","tamara","100","OH","federal:house","OH04","C","F",-1.061,NA,42292,"2376890.57 USD",NA,NA,NA,NA
"turner","michael","200","OH","federal:house","OH10","I","M",0.703,0.912,5121,"1252813.43 USD",NA,NA,NA,NA
"wenstrup","brad","200","OH","federal:house","OH02","I","M",0.968,1.023,3521,"673650.89 USD",NA,NA,NA,NA
"klee hood","sarah","100","NY","federal:house","NY22","C","F",-1.019,-1.018,18057,"1517852.63 USD",NA,NA,NA,NA
"langworthy","nick","200","NY","federal:house","NY23","I","M",0.73,NA,1386,"1931075.63 USD",NA,NA,NA,NA
"molinaro","marcus","200","NY","federal:house","NY19","I","M",0.995,0.962,14702,"5570305.64 USD",NA,NA,NA,NA
"nadler","jerrold","100","NY","federal:house","NY12","I","M",-0.838,-0.873,12280,"1189675.18 USD",NA,NA,NA,NA
"forte","tina","200","NY","federal:house","NY14","C","F",1.526,NA,20097,"1922536.14 USD",NA,NA,NA,NA
"goldman","daniel","100","NY","federal:house","NY10","I","M",-0.695,-0.825,11482,"3659240.76 USD",NA,NA,NA,NA
"meng","grace","100","NY","federal:house","NY06","I","F",-0.401,-0.643,8463,"2097459.33 USD",NA,NA,NA,NA
"desposito","anthony","200","NY","federal:house","NY04","I","M",0.837,NA,4317,"4644841.34 USD",NA,NA,NA,NA
"nick","lalota","200","NY","federal:house","NY01","I","M",0.882,NA,2775,"4271171.67 USD",NA,NA,NA,NA
"schwartz","daniel","200","NV","federal:house","NV03","C","M",0.587,1.052,172,"922043.37 USD",NA,NA,NA,NA
"robertson","mark","200","NV","federal:house","NV01","C","M",1.448,1.493,794,"401643.87 USD",NA,NA,NA,NA
"vasquez","gabriel","100","NM","federal:house","NM02","I","M",-0.992,-0.915,19284,"7040626 USD",NA,NA,NA,NA
"stansbury","melanie","100","NM","federal:house","NM01","I","F",-0.961,-0.884,7658,"1353281 USD",NA,NA,NA,NA
"payne","donald","100","NJ","federal:house","NJ10","I","M",-0.649,-0.674,2257,"440639.66 USD",NA,NA,NA,NA
"jenkins","matthew","100","NJ","federal:house","NJ04","C","M",-1.005,-0.994,532,"44774.79 USD",NA,NA,NA,NA
"rush","carolyn","100","NJ","federal:house","NJ02","C","F",-1.08,-1.036,277,"125579 USD",NA,NA,NA,NA
"galdo","damon","200","NJ","federal:house","NJ01","C","M",1.554,1.65,18,"17592.78 USD",NA,NA,NA,NA
"vargas","anthony","100","NE","federal:house","NE02","C","M",-0.969,-0.941,28946,"7515611.35 USD",NA,NA,NA,NA
"mund","cara","200","ND","federal:house","ND01","O","F",-1.204,NA,145,"26472.35 USD",NA,NA,NA,NA
"edwards","chuck","200","NC","federal:house","NC11","I","M",1.114,1.361,1234,"1442893.38 USD",NA,NA,NA,NA
"harrigan","pat","200","NC","federal:house","NC10","O","M",1.411,1.495,5910,"1915655.19 USD",NA,NA,NA,NA
"villaverde","christine","200","NC","federal:house","NC01","C","F",1.356,1.386,122,"44225 USD",NA,NA,NA,NA
"castelli","robert","200","NC","federal:house","NC06","O","M",1.328,1.416,736,"843118 USD",NA,NA,NA,NA
"contogiannis","mary","200","NC","federal:house","NC06","O","F",0.881,1.054,61,"226299 USD",NA,NA,NA,NA
"hines","robert","200","NC","federal:house","NC06","O","M",1.543,1.614,11087,"1476515.72 USD",NA,NA,NA,NA
"davis","don","100","NC","federal:house","NC01","I","M",-0.627,-0.612,12066,"6061265.18 USD",NA,NA,NA,NA
"tranel","monica","100","MT","federal:house","MT01","C","F",-1.001,-0.968,17779,"6225655.3 USD",NA,NA,NA,NA
"ezell","walter","200","MS","federal:house","MS04","I","M",1.094,1.201,1300,"1227959.76 USD",NA,NA,NA,NA
"black","dianne","100","MS","federal:house","MS01","C","F",-0.933,NA,151,"9759.9 USD",NA,NA,NA,NA
"burlison","eric","200","MO","federal:house","MO07","I","M",1.481,1.271,4806,"923026.09 USD",NA,NA,NA,NA
"mann","bethany","100","MO","federal:house","MO03","C","F",-1.073,-1.031,444,"38121.42 USD",NA,NA,NA,NA
"schultz","jennifer","100","MN","federal:house","MN08","C","F",-1.043,-1.03,5600,"1255402.35 USD",NA,NA,NA,NA
"samuels","don","100","MN","federal:house","MN05","C","M",-0.314,NA,7100,"1742908.49 USD",NA,NA,NA,NA
"bivings","martell","200","MI","federal:house","MI13","C","M",0.865,NA,394,"66831.09 USD",NA,NA,NA,NA
"hollier","adam","100","MI","federal:house","MI13","C","M",-0.395,-0.612,3033,"900703.21 USD",NA,NA,NA,NA
"marlinga","carl","100","MI","federal:house","MI10","C","M",-0.852,-0.75,14215,"2954055.05 USD",NA,NA,NA,NA
"jaye","brian","100","MI","federal:house","MI10","C","M",-1.036,-1.018,220,"15208.88 USD",NA,NA,NA,NA
"kildee","daniel","100","MI","federal:house","MI08","I","M",-0.724,-0.739,12244,"1465197.96 USD",NA,NA,NA,NA
"lorinser","robert","100","MI","federal:house","MI01","C","M",-1.05,NA,4584,"371077.66 USD",NA,NA,NA,NA
"wallace","david","200","MD","federal:house","MD02","O","M",1.42,1.526,98,"14345 USD",NA,NA,NA,NA
"ivey","glenn","100","MD","federal:house","MD04","I","M",-0.504,-0.497,4714,"944142.37 USD",NA,NA,NA,NA
"lynch","stephen","100","MA","federal:house","MA08","I","M",-0.53,-0.588,8649,"710123.92 USD",NA,NA,NA,NA
"carter","troy","100","LA","federal:house","LA02","C","M",0.028,-0.805,2818,"2042195.9 USD",NA,NA,NA,NA
"massie","thomas","200","KY","federal:house","KY04","I","M",1.217,1.315,4065,"1349141.6 USD",NA,NA,NA,NA
"compton","william","100","KY","federal:house","KY02","C","M",-1.013,-0.758,141,"5164.12 USD",NA,NA,NA,NA
"whitley","gabriel","200","IN","federal:house","IN07","C","M",NA,NA,85,"364320 USD",NA,NA,NA,NA
"bookwalter","charles","200","IN","federal:house","IN04","C","M",1.753,1.839,219,"181148.64 USD",NA,NA,NA,NA
"sorensen","eric","100","IL","federal:house","IL17","I","M",-0.91,-1.017,11922,"5046501.25 USD",NA,NA,NA,NA
"mercado","o kent","200","IL","federal:house","IL11","C","M",1.324,NA,64,"75181.57 USD",NA,NA,NA,NA
"schneider","bradley","100","IL","federal:house","IL10","I","M",-0.57,-0.661,37319,"3855356.96 USD",NA,NA,NA,NA
"ramirez","delia","100","IL","federal:house","IL03","I","F",-0.943,-0.845,3766,"1131488.61 USD",NA,NA,NA,NA
"jackson","jonathan","100","IL","federal:house","IL01","I","M",-0.793,-0.774,937,"654094.58 USD",NA,NA,NA,NA
"melton","ryan","100","IA","federal:house","IA04","C","M",-1.074,-1.08,829,"153144.37 USD",NA,NA,NA,NA
"bohannan","christina","100","IA","federal:house","IA01","C","F",-0.953,NA,19512,"6900996.18 USD",NA,NA,NA,NA
"case","edward","100","HI","federal:house","HI01","I","M",-0.293,-0.336,3231,"700463.15 USD",NA,NA,NA,NA
"flowers","marcus","100","GA","federal:house","GA13","C","M",-1.062,-1.064,289350,"475234.37 USD",NA,NA,NA,NA
"daza fernandez","antonio","100","GA","federal:house","GA11","C","M",-1.116,-1.078,726,"42930.37 USD",NA,NA,NA,NA
"butler","darrius","100","GA","federal:house","GA08","C","M",-1.029,NA,268,"16292.11 USD",NA,NA,NA,NA
"johnson","arthur","200","GA","federal:house","GA02","C","M",1.265,1.439,137,"599567.08 USD",NA,NA,NA,NA
"diaz balart","mario","200","FL","federal:house","FL26","I","M",0.516,1.346,7178,"2363025.68 USD",NA,NA,NA,NA
"adeimy","deborah","200","FL","federal:house","FL22","C","F",1.393,1.487,528,"190509.87 USD",NA,NA,NA,NA
"kaufman","joe","200","FL","federal:house","FL23","C","M",1.4,1.493,1276,"166713.53 USD",NA,NA,NA,NA
"lee","laurel","200","FL","federal:house","FL15","I","F",1.121,1.148,2027,"2162709.67 USD",NA,NA,NA,NA
"donalds","byron","200","FL","federal:house","FL19","I","M",1.489,1.485,43610,"6600931.63 USD",NA,NA,NA,NA
"sabatini","anthony","200","FL","federal:house","FL11","C","M",1.543,1.444,1904,"378035.27 USD",NA,NA,NA,NA
"morales","adianis","200","FL","federal:house","FL09","C","U",1.482,1.479,42,"19775 USD",NA,NA,NA,NA
"pastrana","allek","100","FL","federal:house","FL07","C","U",-1.158,-1.155,188,"41502.78 USD",NA,NA,NA,NA
"bean","aaron","200","FL","federal:house","FL04","I","M",1.055,1.246,4609,"1738170.86 USD",NA,NA,NA,NA
"botelho","michelle","200","CT","federal:house","CT05","C","F",1.513,1.605,72,"17448.45 USD",NA,NA,NA,NA
"france","mike","200","CT","federal:house","CT02","C","M",1.502,1.342,8798,"741910.47 USD",NA,NA,NA,NA
"caraveo","yadira","100","CO","federal:house","CO08","I","F",-0.973,-0.896,24465,"8124793.49 USD",NA,NA,NA,NA
"frisch","adam","100","CO","federal:house","CO03","O","M",-1.011,-0.933,178286,"17188573.07 USD",NA,NA,NA,NA
"peters","scott","100","CA","federal:house","CA50","I","M",-0.74,-0.761,13289,"2292635.53 USD",NA,NA,NA,NA
"bilash","timothy","100","CA","federal:house","CA50","C","M",-0.961,-0.916,15,"28066.87 USD",NA,NA,NA,NA
"vargas","juan","100","CA","federal:house","CA52","I","M",-0.276,-0.23,4978,"790624.65 USD",NA,NA,NA,NA
"takano","mark","100","CA","federal:house","CA39","I","M",-0.926,-0.875,12174,"1289817.96 USD",NA,NA,NA,NA
"lopez","jazmin","100","CA","federal:house","CA42","C","F",-1.13,NA,91,"8500 USD",NA,NA,NA,NA
"chen","jay","100","CA","federal:house","CA45","C","M",-1.013,-0.915,18810,"1231.08 USD",NA,NA,NA,NA
"calvert","ken","200","CA","federal:house","CA41","I","M",0.827,0.611,9509,"8056905.14 USD",NA,NA,NA,NA
"aguilar","pete","100","CA","federal:house","CA33","I","M",-0.561,-0.871,33500,"5866371.81 USD",NA,NA,NA,NA
"cardenas","tony","100","CA","federal:house","CA29","I","M",-0.507,-0.637,7659,"661700.12 USD",NA,NA,NA,NA
"maher","michael","200","CA","federal:house","CA21","C","M",1.264,NA,538,"785000.57 USD",NA,NA,NA,NA
"mathys","chris","200","CA","federal:house","CA22","C","M",1.916,1.861,57,"338675.39 USD",NA,NA,NA,NA
"hernandez","peter","200","CA","federal:house","CA18","C","M",1.325,NA,363,"198166.89 USD",NA,NA,NA,NA
"mullin","kevin","100","CA","federal:house","CA15","I","M",-0.804,-0.754,2718,"808090.91 USD",NA,NA,NA,NA
"gray","adam","100","CA","federal:house","CA13","C","M",-0.896,-0.75,26316,"6432861.59 USD",NA,NA,NA,NA
"huffman","jared","100","CA","federal:house","CA02","I","M",-0.983,-0.931,5120,"1015638 USD",NA,NA,NA,NA
"kiley","kevin","200","CA","federal:house","CA03","I","M",1.158,1.156,8294,"4266489.4 USD",NA,NA,NA,NA
"lamalfa","doug","200","CA","federal:house","CA01","I","M",1.039,1.098,4379,"1012001.47 USD",NA,NA,NA,NA
"toomim","leah","200","CA","federal:house","CA36","C","F",1.573,1.387,33,"41723.09 USD",NA,NA,NA,NA
"barkley","michael","100","CA","federal:house","CA05","C","M",-1.081,-1.038,564,"86712.32 USD",NA,NA,NA,NA
"davison","jerone","200","AZ","federal:house","AZ04","C","M",1.466,1.631,301,"57902.87 USD",NA,NA,NA,NA
"zink","jeffrey","200","AZ","federal:house","AZ03","O","M",1.436,1.661,36,"60847 USD",NA,NA,NA,NA
"ciscomani","juan","200","AZ","federal:house","AZ06","I","M",1.106,NA,12522,"7035782.04 USD",NA,NA,NA,NA
"crane","eli","200","AZ","federal:house","AZ02","I","M",1.606,1.699,77119,"8559239.47 USD",NA,NA,NA,NA
"rogers","michael","200","AL","federal:house","AL03","I","M",0.823,1.185,6119,"2931555.95 USD",NA,NA,NA,NA
"peltola","mary","100","AK","federal:house","AK01","I","F",-1.053,-1.065,105791,"13443537.46 USD",NA,NA,NA,NA
"tiffany","tom","200","WI","federal:house","WI07","I","M",1.531,1.446,7975,"1248250.19 USD",NA,NA,NA,NA
"vanorden","derrick","200","WI","federal:house","WI03","I","M",1.542,1.62,63167,"7658526.55 USD",NA,NA,NA,NA
"delbene","suzan","100","WA","federal:house","WA01","I","F",-0.914,-0.917,12939,"3850571.4 USD",NA,NA,NA,NA
"call","jason","328","WA","federal:house","WA02","C","M",-1.276,-1.091,1991,"76693.7 USD",NA,NA,NA,NA
"anantatmula","manga","200","VA","federal:house","VA10","O","U",0.982,1.287,632,"12793.52 USD",NA,NA,NA,NA
"griffith","h morgan","200","VA","federal:house","VA09","I","M",1.153,1.228,3967,"1005036.62 USD",NA,NA,NA,NA
"benjamin","leon","200","VA","federal:house","VA04","O","M",1.439,1.486,1401,"127170.71 USD",NA,NA,NA,NA
"moore","blake","200","UT","federal:house","UT01","I","M",0.823,1.266,1972,"2633423.21 USD",NA,NA,NA,NA
"williams","michael","200","TX","federal:house","TX31","C","M",2.272,2.237,6,"1900 USD",NA,NA,NA,NA
"nehls","troy","200","TX","federal:house","TX22","I","M",1.219,1.347,3516,"896335.99 USD",NA,NA,NA,NA
"dela cruz","monica","200","TX","federal:house","TX15","I","F",1.51,1.593,42152,"7936781.16 USD",NA,NA,NA,NA
"pfluger","august","200","TX","federal:house","TX11","I","M",1.441,1.318,10590,"3512299.49 USD",NA,NA,NA,NA
"hunt","wesley","200","TX","federal:house","TX38","I","M",1.512,NA,55134,"2777569.46 USD",NA,NA,NA,NA
"fallon","patrick","200","TX","federal:house","TX04","I","M",1.15,1.276,2056,"799721.08 USD",NA,NA,NA,NA
"bergmann","charlotte","200","TN","federal:house","TN09","C","F",1.5,1.478,394,"57468.61 USD",NA,NA,NA,NA
"fleischmann","charles","200","TN","federal:house","TN03","I","M",1.065,1.173,3750,"1897639.52 USD",NA,NA,NA,NA
"duncan","jeffrey","200","SC","federal:house","SC03","I","M",1.299,1.335,4281,"820074.92 USD",NA,NA,NA,NA
"cicilline","david","100","RI","federal:house","RI01","I","M",-0.974,-0.834,8510,"12272.79 USD",NA,NA,NA,NA
"courser","amy","200","OR","federal:house","OR04","C","F",1.359,1.454,295,"28536.51 USD",NA,NA,NA,NA
"bice","stephanie","200","OK","federal:house","OK05","I","F",1.1,1.158,15589,"2112846.41 USD",NA,NA,NA,NA
"sites","jeffrey","100","OH","federal:house","OH04","C","M",-1.049,-0.762,25559,"334908.56 USD",NA,NA,NA,NA
"jones","mondaire","100","NY","federal:house","NY17","C","M",-0.944,NA,30304,"9960888.75 USD",NA,NA,NA,NA
"torres","ritchie","100","NY","federal:house","NY15","I","M",-0.176,NA,23087,"9149800.46 USD",NA,NA,NA,NA
"devolder santos","george","200","NY","federal:house","NY01","I","M",1.412,1.517,11292,"162529.31 USD",NA,NA,NA,NA
"garbarino","andrew","200","NY","federal:house","NY02","I","M",0.678,0.986,6467,"3863201.83 USD",NA,NA,NA,NA
"prempeh","william","200","NJ","federal:house","NJ09","C","M",1.058,1.621,2330,"49755.61 USD",NA,NA,NA,NA
"brown","leigh","200","NC","federal:house","NC08","O","F",0.829,NA,565,"156928.15 USD",NA,NA,NA,NA
"murphy","gregory","200","NC","federal:house","NC03","I","M",1.062,1.31,3760,"1939613.96 USD",NA,NA,NA,NA
"swain","alan","200","NC","federal:house","NC02","C","M",1.256,1.415,124,"33206 USD",NA,NA,NA,NA
"boyanton","carl","200","MS","federal:house","MS04","C","M",1.833,NA,50,"533609.35 USD",NA,NA,NA,NA
"fischbach","michelle","200","MN","federal:house","MN07","I","F",1.279,1.427,6386,"2016031.04 USD",NA,NA,NA,NA
"junge","paul","200","MI","federal:house","MI08","O","M",1.229,1.459,9481,"5984458.77 USD",NA,NA,NA,NA
"huizenga","william","200","MI","federal:house","MI04","I","M",1.207,1.234,5457,"3128825.74 USD",NA,NA,NA,NA
"parrott","neil","200","MD","federal:house","MD06","O","M",1.398,1.348,6033,"1091508.3 USD",NA,NA,NA,NA
"keating","william","100","MA","federal:house","MA09","I","M",-0.725,-0.596,6677,"681883.89 USD",NA,NA,NA,NA
"scalise","steve","200","LA","federal:house","LA01","I","M",1.109,1.19,157400,"14732239.34 USD",NA,NA,NA,NA
"rogers","harold","200","KY","federal:house","KY05","I","M",0.833,1.375,5311,"1063926.73 USD",NA,NA,NA,NA
"mann","tracey","200","KS","federal:house","KS01","I","M",1.126,1.238,1846,"1523582.68 USD",NA,NA,NA,NA
"bucshon","larry","200","IN","federal:house","IN08","I","M",0.939,1.179,2950,"740452.71 USD",NA,NA,NA,NA
"mrvan","frank","100","IN","federal:house","IN01","I","M",-0.758,-0.583,7410,"3196274.92 USD",NA,NA,NA,NA
"evans","jerry","200","IL","federal:house","IL11","C","M",1.408,1.511,688,"636765.02 USD",NA,NA,NA,NA
"feenstra","randall","200","IA","federal:house","IA04","I","M",1.162,1.243,5296,"4301278.48 USD",NA,NA,NA,NA
"crane","michael","200","GA","federal:house","GA03","O","M",1.653,1.47,746,"590543.15 USD",NA,NA,NA,NA
"clyde","andrew","200","GA","federal:house","GA09","I","M",1.412,1.479,757,"563056.1 USD",NA,NA,NA,NA
"mccormick","richard","200","GA","federal:house","GA07","I","M",1.163,1.355,4934,"2277571.82 USD",NA,NA,NA,NA
"williams","nikema","100","GA","federal:house","GA05","I","F",-0.669,-0.741,3381,"1003637.94 USD",NA,NA,NA,NA
"almonord","valbrun","100","GA","federal:house","GA03","O","U",-1.078,-1.086,407,"44721.53 USD",NA,NA,NA,NA
"perelman","jennifer","100","FL","federal:house","FL25","C","F",-1.033,-1.091,10742,"467506.67 USD",NA,NA,NA,NA
"wilson","frederica","100","FL","federal:house","FL24","I","F",-0.706,-0.788,4380,"488827.68 USD",NA,NA,NA,NA
"paulina luna","anna","200","FL","federal:house","FL13","I","F",1.546,NA,50158,"3697834.71 USD",NA,NA,NA,NA
"castillo","jose","200","FL","federal:house","FL09","C","M",1.583,1.621,972,"86535.57 USD",NA,NA,NA,NA
"cammack","kat","200","FL","federal:house","FL03","I","F",1.25,1.37,5536,"2647816.47 USD",NA,NA,NA,NA
"mccorkle","isaac","100","CO","federal:house","CO04","O","M",-1.045,-1.023,39051,"1691453.78 USD",NA,NA,NA,NA
"ryans","jerlilia","100","CA","federal:house","CA50","C","U",-1.058,-1.018,4,"18223 USD",NA,NA,NA,NA
"burley","brian","200","CA","federal:house","CA47","O","M",1.584,1.593,177,"61946.37 USD",NA,NA,NA,NA
"pudlo","g maebe","100","CA","federal:house","CA30","O","U",-1.021,NA,2833,"116190.76 USD",NA,NA,NA,NA
"arballo","phil","100","CA","federal:house","CA13","C","M",-1.033,NA,65426,"116818.03 USD",NA,NA,NA,NA
"tandon","ritesh","100","CA","federal:house","CA17","C","M",-0.333,-0.108,284,"26133.46 USD",NA,NA,NA,NA
"desaulnier","mark","100","CA","federal:house","CA10","I","M",-0.846,-0.86,4233,"664974.75 USD",NA,NA,NA,NA
"bish","christine","200","CA","federal:house","CA06","C","F",1.435,1.517,267,"182260.28 USD",NA,NA,NA,NA
"gosar","paul","200","AZ","federal:house","AZ09","I","M",1.447,1.202,4984,"478477.68 USD",NA,NA,NA,NA
"crawford","eric","200","AR","federal:house","AR01","I","M",1.01,NA,3387,"1098029.43 USD",NA,NA,NA,NA
"harvey hall","phyllis","100","AL","federal:house","AL02","C","F",-1.093,-1.072,422,"16284 USD",NA,NA,NA,NA
"carl","jerry","200","AL","federal:house","AL01","I","M",1.365,1.304,11550,"2246839.19 USD",NA,NA,NA,NA
"connolly","gerry","100","VA","federal:house","VA11","I","M",-0.734,-0.826,12175,"2538285.99 USD",NA,NA,NA,NA
"mccaul","michael","200","TX","federal:house","TX10","I","M",1.085,1.232,16470,"3131114.63 USD",NA,NA,NA,NA
"carter","john","200","TX","federal:house","TX31","I","M",0.993,1.071,6911,"1217908.23 USD",NA,NA,NA,NA
"cuellar","roberto","100","TX","federal:house","TX28","I","M",0.17,-0.063,8844,"2492808.62 USD",NA,NA,NA,NA
"cantwell","maria","100","WA","federal:senate","WAS24","I","F",-0.789,-0.834,50414,"11147595.82 USD",NA,NA,NA,NA
"stabenow","debbie","100","MI","federal:senate","MIS24","I","F",-0.845,-0.492,71867,"174791.22 USD",NA,NA,NA,NA
"barrasso","john","200","WY","federal:senate","WYS24","I","M",0.929,1.15,22255,"7761388.01 USD",NA,NA,NA,NA
"cardin","benjamin","100","MD","federal:senate","MDS24","I","M",-0.857,-0.699,14376,"30982.35 USD",NA,NA,NA,NA
"murray","patty","100","WA","federal:senate","WAS28","I","F",-1.036,-0.785,73045,"2095534.09 USD",NA,NA,NA,NA
"moran","jerry","200","KS","federal:senate","KSS28","I","M",1.004,1.239,10005,"1805895.59 USD",NA,NA,NA,NA
"feinstein","dianne","100","CA","federal:senate","CAS24","I","F",-0.979,-0.706,36864,"501127.5 USD",NA,NA,NA,NA
"tonko","paul","100","NY","federal:house","NY20","I","M",-0.842,-0.632,8266,"1547112.87 USD",NA,NA,NA,NA
"smith","christopher","200","NJ","federal:house","NJ04","I","M",0.565,0.082,5227,"838736.82 USD",NA,NA,NA,NA
"luetkemeyer","w blaine","200","MO","federal:house","MO03","I","M",1.118,1.264,12784,"1393096.59 USD",NA,NA,NA,NA
"carson","andre","100","IN","federal:house","IN07","I","M",-0.879,-0.568,4767,"834438.54 USD",NA,NA,NA,NA
"posey","bill","200","FL","federal:house","FL08","I","M",1.216,1.085,5770,"499475.78 USD",NA,NA,NA,NA
"larson","john","100","CT","federal:house","CT01","I","M",-0.594,-0.473,7903,"1542287.58 USD",NA,NA,NA,NA
"lee","barbara","100","CA","federal:house","CA12","I","F",-1.087,-0.829,39704,"375045.69 USD",NA,NA,NA,NA
"mcclintock","thomas","200","CA","federal:house","CA05","I","M",1.197,1.254,19416,"1171016.98 USD",NA,NA,NA,NA
"blumenauer","earl","100","OR","federal:house","OR03","I","M",-0.662,-0.787,7377,"1042682.68 USD",NA,NA,NA,NA
"mfume","kweisi","100","MD","federal:house","MD07","I","M",-0.672,-0.694,3374,"533861.78 USD",NA,NA,NA,NA
"castor","kathy","100","FL","federal:house","FL14","I","F",-0.644,-0.654,7206,"1166739.26 USD",NA,NA,NA,NA
"matsui","doris","100","CA","federal:house","CA07","I","F",-0.705,-0.802,4540,"1239231.82 USD",NA,NA,NA,NA
"green","alexander","100","TX","federal:house","TX09","I","M",-0.678,-0.556,1881,"392514.28 USD",NA,NA,NA,NA
"cleaver","emanuel","100","MO","federal:house","MO05","I","M",-0.612,-0.62,4747,"1385775.6 USD",NA,NA,NA,NA
"costa","jim","100","CA","federal:house","CA21","I","M",-0.117,-0.621,5917,"1705407.96 USD",NA,NA,NA,NA
"sanchez","linda","100","CA","federal:house","CA38","I","F",-0.686,-0.725,5904,"1548292.39 USD",NA,NA,NA,NA
"mccollum","betty","100","MN","federal:house","MN04","I","F",-0.665,-0.904,6608,"1789789.09 USD",NA,NA,NA,NA
"delauro","rosa","100","CT","federal:house","CT03","I","F",-0.823,-0.562,9509,"1751634.69 USD",NA,NA,NA,NA
"garamendi","john","100","CA","federal:house","CA08","I","M",-0.595,-0.732,8947,"1113065.76 USD",NA,NA,NA,NA
"svitavsky","jon","100","VT","federal:senate","VTS18","C","M",-1.051,NA,26,"0 USD",NA,NA,NA,NA
"writz","raymond","328","ID","federal:senate","IDS22","C","M",1.198,1.32,11,"190 USD",NA,NA,NA,NA
"jones","lateresa","200","FL","federal:senate","FLS18","C","F",1.428,NA,18,"31 USD",NA,NA,NA,NA
"morrow","scott","100","WY","federal:senate","WYS24","C","M",-1.039,NA,528,"45707.29 USD",NA,NA,NA,NA
"hassan","ahmad","100","TX","federal:senate","TXS24","C","M",-0.407,-0.583,15,"2440 USD",NA,NA,NA,NA
"arguijo","aaron","100","TX","federal:senate","TXS24","C","M",-1.078,-0.928,235,"0 USD",NA,NA,NA,NA
"tomasetti","brandi","200","PA","federal:senate","PAS24","C","F",1.545,NA,11,"0 USD",NA,NA,NA,NA
"walker","troy","100","NV","federal:senate","NVS24","C","M",-1.123,NA,9,"705 USD",NA,NA,NA,NA
"gonzales","manuel","200","NM","federal:senate","NMS24","C","M",-0.233,NA,9,"4605.07 USD",NA,NA,NA,NA
"mele","gregg","200","NJ","federal:senate","NJS24","C","M",1.217,NA,17,"0 USD",NA,NA,NA,NA
"munro","patrick","200","MN","federal:senate","MNS24","C","M",1.551,1.591,7,"0 USD",NA,NA,NA,NA
"barakat","mohammed","200","MD","federal:senate","MDS24","O","M",-1.69,NA,10,"2211.86 USD",NA,NA,NA,NA
"packard","aaron","200","MA","federal:senate","MAS24","C","M",1.517,1.247,50,"630.14 USD",NA,NA,NA,NA
"travis","marshall","100","IN","federal:senate","INS24","O","M",-1.108,NA,5,"0 USD",NA,NA,NA,NA
"sanscrainte","matthew","100","FL","federal:senate","FLS24","C","M",-1.096,NA,2,"0 USD",NA,NA,NA,NA
"peterson","david","100","CA","federal:senate","CAS24","C","M",-0.877,NA,150,"0 USD",NA,NA,NA,NA
"mandela","barack","200","CA","federal:senate","CAS24","O","U",-1.478,NA,2,"0 USD",NA,NA,NA,NA
"fennell","jeremy","100","CA","federal:senate","CAS24","O","M",-1.025,NA,25,"0 USD",NA,NA,NA,NA
"reye","elizabeth","200","AZ","federal:senate","AZS24","O","F",0.283,NA,5,"0 USD",NA,NA,NA,NA
"barlow","william","100","OR","federal:senate","ORS28","C","M",-0.989,-0.002,3,"0 USD",NA,NA,NA,NA
"conrad","william","200","NV","federal:senate","NVS22","C","M",1.253,NA,3,"12476 USD",NA,NA,NA,NA
"sibhatu","lichia","200","NC","federal:senate","NCS26","C","U",2.026,2.046,6,"0 USD",NA,NA,NA,NA
"allen","robert","200","MO","federal:senate","MOS22","O","M",1.837,1.777,2,"823.76 USD",NA,NA,NA,NA
"klingenberg","robert","100","KS","federal:senate","KSS22","C","M",NA,NA,25,"0 USD",NA,NA,NA,NA
"horning","andy","328","IN","federal:senate","INS24","C","M",1.382,1.412,141,"1446 USD",NA,NA,NA,NA
"pastrana","allek","100","FL","federal:senate","FLS22","C","U",-1.158,-1.155,188,"0 USD",NA,NA,NA,NA
"ingram","denard","100","CA","federal:senate","CAS24","C","M",-1.103,NA,7,"0 USD",NA,NA,NA,NA
"cummings","daniel","328","00","federal:president","PRES","C","M",1.895,1.572,10,"232.87 USD",NA,NA,NA,NA
"october","president","200","00","federal:president","PRES","C","M",-1.652,NA,47,"0 USD",NA,NA,NA,NA
"cornejo","gabriel","100","00","federal:president","PRES","C","M",-1.134,NA,20,"0 USD",NA,NA,NA,NA
"charles","celina","328","00","federal:president","PRES","C","F",-1.206,NA,6,"0 USD",NA,NA,NA,NA
"lozada","frank","100","00","federal:president","PRES","C","M",-0.977,NA,25,"0 USD",NA,NA,NA,NA
"gailey","william","100","00","federal:president","PRES","C","M",-1.121,-1.13,3,"0 USD",NA,NA,NA,NA
"campbell","christopher","100","00","federal:president","PRES","C","M",-1.181,NA,3,"0 USD",NA,NA,NA,NA
"i","kurios","328","00","federal:president","PRES","C","",-1.071,NA,2,"0 USD",NA,NA,NA,NA
"roose","rodger","100","00","federal:president","PRES","C","M",-0.896,NA,3,"0 USD",NA,NA,NA,NA
"steele","dayna","100","TX","federal:house","TX36","C","F",-1.158,-0.978,1707,"0 USD",NA,NA,NA,NA
"brannon","mary","100","OK","federal:house","OK04","C","F",-1.217,-0.98,89,"0 USD",NA,NA,NA,NA
"enoch","vanessa","100","OH","federal:house","OH08","C","F",-0.999,-0.928,683,"0 USD",NA,NA,NA,NA
"sablan","gregorio","100","MP","federal:house","MP01","I","M",NA,-0.657,445,"2151.01 USD",NA,NA,NA,NA
"cooper","james","328","GA","federal:house","GA08","C","M",-1.305,-1.249,6,"80 USD",NA,NA,NA,NA
"ehr","phillip","100","FL","federal:house","FL28","C","M",-0.991,-0.578,42173,"0 USD",NA,NA,NA,NA
"martin","brandon","200","AZ","federal:house","AZ02","C","M",NA,1.624,271,"520 USD",NA,NA,NA,NA
"mundy","keith","100","OH","federal:house","OH05","C","M",-1.059,-0.887,172,"13584.21 USD",NA,NA,NA,NA
"zumbluskas","michael","200","NY","federal:house","NY12","C","M",1.352,0.831,231,"0 USD",NA,NA,NA,NA
"banks","james","200","IN","federal:house","IN03","I","M",1.337,1.362,22255,"14577001.98 USD",NA,NA,NA,NA
"grayson","dena","100","FL","federal:house","FL08","C","F",-0.667,-0.569,535,"1149.82 USD",NA,NA,NA,NA
"wiggins","christopher","100","CA","federal:house","CA43","C","M",-1.097,NA,55,"1260 USD",NA,NA,NA,NA
"jefferson","delma","100","CA","federal:house","CA06","C","F",-1.047,NA,4,"0 USD",NA,NA,NA,NA
"mooney","alexander","200","WV","federal:house","WV02","I","M",1.318,1.256,5767,"10647.28 USD",NA,NA,NA,NA
"nath","purnima","200","WI","federal:house","WI04","C","U",0.216,1.361,140,"15663 USD",NA,NA,NA,NA
"anderson","diane","100","WI","federal:house","WI01","C","F",-1.069,NA,15,"0 USD",NA,NA,NA,NA
"toliver","desiree","100","WA","federal:house","WA10","C","F",-1.129,NA,21,"3372 USD",NA,NA,NA,NA
"muchlinski","birdie","100","WA","federal:house","WA04","C","F",-0.958,NA,29,"12676.27 USD",NA,NA,NA,NA
"pickard","ronald","200","VI","federal:house","VI01","C","M",1.385,NA,14,"19682.76 USD",NA,NA,NA,NA
"riley","paul","100","VA","federal:house","VA05","C","M",-0.945,NA,3,"0 USD",NA,NA,NA,NA
"fallick wang","katrina","100","UT","federal:house","UT04","C","F",-0.964,NA,108,"11286.31 USD",NA,NA,NA,NA
"edwards","becky","200","UT","federal:house","UT02","C","F",-0.049,0.112,890,"1164367.06 USD",NA,NA,NA,NA
"torres","ann","200","TX","federal:house","TX34","C","F",1.496,NA,2,"0 USD",NA,NA,NA,NA
"kergosien","jason","200","TX","federal:house","TX26","O","M",1.427,NA,7,"4255.99 USD",NA,NA,NA,NA
"bausinger","melvin","100","TX","federal:house","TX23","C","M",-0.863,NA,10,"21605 USD",NA,NA,NA,NA
"gehrig","sebastian","100","TX","federal:house","TX12","O","M",-1.048,NA,9,"0 USD",NA,NA,NA,NA
"medley","stefan","328","TX","federal:house","TX10","C","M",-0.259,NA,2,"2274.34 USD",NA,NA,NA,NA
"mobeen","noor","100","TX","federal:house","TX07","C","F",0.252,NA,3,"0 USD",NA,NA,NA,NA
"filler","peter","100","TX","federal:house","TX02","C","M",-0.778,NA,40,"8114.5 USD",NA,NA,NA,NA
"bergman","lore","100","TN","federal:house","TN06","O","F",-1.087,NA,82,"9791.55 USD",NA,NA,NA,NA
"lapides","bennett","100","TN","federal:house","TN01","C","M",-0.885,-1.08,11,"0 USD",NA,NA,NA,NA
"stamper","zachary","100","TN","federal:house","TN01","C","M",-1.135,NA,6,"0 USD",NA,NA,NA,NA
"best","bryon","100","SC","federal:house","SC03","O","M",-1.051,NA,644,"46624.47 USD",NA,NA,NA,NA
"robinson","roger","100","SC","federal:house","SC02","C","M",-1.04,NA,165,"13806.7 USD",NA,NA,NA,NA
"corvi","steven","200","RI","federal:house","RI02","C","M",1.075,NA,16,"5619.55 USD",NA,NA,NA,NA
"biah","nathan","100","RI","federal:house","RI01","O","M",-1.126,-1,187,"1030 USD",NA,NA,NA,NA
"johnson","ron","328","PA","federal:house","PA64","C","M",1.526,NA,5,"0 USD",NA,NA,NA,NA
"vecchio","philip","100","PA","federal:house","PA14","C","M",-0.89,NA,14,"0 USD",NA,NA,NA,NA
"lee","padraic","100","PA","federal:house","PA13","C","M",-1.099,NA,2,"0 USD",NA,NA,NA,NA
"gordon","tracey","100","PA","federal:house","PA03","C","F",-1.162,NA,19,"0 USD",NA,NA,NA,NA
"feintech","sonja","328","OR","federal:house","OR05","C","F",1.047,NA,2,"4654 USD",NA,NA,NA,NA
"beebe","jason","200","OR","federal:house","OR02","C","M",1.486,NA,10,"0 USD",NA,NA,NA,NA
"casgraux moore","courtney","100","OR","federal:house","OR01","C","F",-0.608,NA,21,"0 USD",NA,NA,NA,NA
"wade","brandon","100","OK","federal:house","OK02","C","M",-0.997,NA,70,"12959.33 USD",NA,NA,NA,NA
"simmons","landry","200","OH","federal:house","OH11","C","M",1.473,NA,2,"0 USD",NA,NA,NA,NA
"wessels","hermann","100","OH","federal:house","OH02","O","M",-1.025,NA,11,"0 USD",NA,NA,NA,NA
"rinaldi","jonathan","200","NY","federal:house","NY14","C","M",1.617,NA,4,"0 USD",NA,NA,NA,NA
"dodenhoff","alexander","200","NY","federal:house","NY10","C","M",0.865,NA,10,"7331.71 USD",NA,NA,NA,NA
"behar","steve","100","NY","federal:house","NY03","O","M",-1.015,NA,31,"0 USD",NA,NA,NA,NA
"shultz","deshan","100","NV","federal:house","NV04","C","M",-1.079,NA,12,"0 USD",NA,NA,NA,NA
"khairullah","mohamed","100","NJ","federal:house","NJ09","C","M",-0.906,NA,675,"404620.21 USD",NA,NA,NA,NA
"faccone","michael","200","NJ","federal:house","NJ03","O","M",1.626,NA,2,"0 USD",NA,NA,NA,NA
"whitelock","nicholas","200","NJ","federal:house","NJ01","C","M",1.463,NA,16,"0 USD",NA,NA,NA,NA
"crane","elenore","200","NH","federal:house","NH02","O","F",-0.577,NA,10,"0 USD",NA,NA,NA,NA
"pierce","frank","100","NC","federal:house","NC13","O","M",-0.98,NA,265,"37167.56 USD",NA,NA,NA,NA
"dues","justin","100","NC","federal:house","NC08","O","M",-0.939,NA,41,"0 USD",NA,NA,NA,NA
"pridgen","marlando","100","NC","federal:house","NC07","C","M",-0.902,NA,73,"0 USD",NA,NA,NA,NA
"morales","robert","200","NC","federal:house","NC02","C","M",1.438,NA,6,"0 USD",NA,NA,NA,NA
"stevenson","eric","200","NC","federal:house","NC13","O","M",0.724,NA,27,"0 USD",NA,NA,NA,NA
"heithold","grant","200","MO","federal:house","MO08","C","M",1.637,NA,7,"19230.17 USD",NA,NA,NA,NA
"kiehne","john","100","MO","federal:house","MO02","C","M",-1.052,NA,97,"0 USD",NA,NA,NA,NA
"reeves","jay","100","MN","federal:house","MN06","C","M",-1.174,NA,13,"0 USD",NA,NA,NA,NA
"kinniebrew","royce","100","MI","federal:house","MI12","C","M",-0.794,NA,174,"0 USD",NA,NA,NA,NA
"clark","curtis","200","MI","federal:house","MI04","C","M",1.537,NA,4,"0 USD",NA,NA,NA,NA
"riley","cheryl","200","MD","federal:house","MD08","C","F",1.491,NA,11,"13872.24 USD",NA,NA,NA,NA
"wilks","altimont","100","MD","federal:house","MD06","O","U",-1.098,NA,7,"3375 USD",NA,NA,NA,NA
"libber","matt","100","MD","federal:house","MD03","O","M",-0.25,NA,15,"3171.38 USD",NA,NA,NA,NA
"govatsos","james","200","MA","federal:house","MA08","C","M",0.165,NA,3,"3412.27 USD",NA,NA,NA,NA
"guillory","elbert","200","LA","federal:house","LA06","C","M",1.65,1.581,7819,"385702.96 USD",NA,NA,NA,NA
"summerlin","sadi","100","LA","federal:house","LA03","C","F",-0.932,NA,154,"9707.25 USD",NA,NA,NA,NA
"dugas","lee","100","LA","federal:house","LA01","C","M",-1.012,-0.572,13,"0 USD",NA,NA,NA,NA
"doty","hugh","200","IN","federal:house","IN09","C","M",1.315,NA,13,"0 USD",NA,NA,NA,NA
"hurt","erik","100","IN","federal:house","IN08","O","M",-1.109,NA,117,"23916.9 USD",NA,NA,NA,NA
"schmitz","john","200","IN","federal:house","IN07","C","M",1.691,NA,62,"78009.71 USD",NA,NA,NA,NA
"girn","rimpi","100","IN","federal:house","IN04","C","U",-1.215,-1.03,72,"42164.2 USD",NA,NA,NA,NA
"booras","john","200","IL","federal:house","IL03","C","M",1.56,NA,12,"38596.8 USD",NA,NA,NA,NA
"farmer","luke","200","GA","federal:house","GA14","C","M",-1.431,NA,2,"0 USD",NA,NA,NA,NA
"johnson","brian","100","GA","federal:house","GA13","C","M",-0.251,NA,7,"0 USD",NA,NA,NA,NA
"jackson","daniel","100","GA","federal:house","GA12","C","M",-1.081,NA,131,"0 USD",NA,NA,NA,NA
"fugate","demetrius","200","FL","federal:house","FL22","C","M",1.226,NA,22,"0 USD",NA,NA,NA,NA
"owen","peter","100","FL","federal:house","FL13","C","M",-1.053,NA,77,"2993.24 USD",NA,NA,NA,NA
"boulin romain","jacqueline","100","FL","federal:house","FL05","C","F",-1.042,NA,6,"0 USD",NA,NA,NA,NA
"bailey","huy","100","FL","federal:house","FL02","C","M",-1.034,NA,322,"46560.07 USD",NA,NA,NA,NA
"alexander","myrtle","200","DC","federal:house","DC01","C","F",1.124,NA,22,"0 USD",NA,NA,NA,NA
"miressi","dan","200","CT","federal:house","CT04","C","M",1.389,NA,4,"1084.92 USD",NA,NA,NA,NA
"irizarry","rafael","200","CT","federal:house","CT03","C","M",1.118,NA,5,"449.99 USD",NA,NA,NA,NA
"bailey","mariel","200","CO","federal:house","CO04","O","F",0.839,NA,14,"0 USD",NA,NA,NA,NA
"carmichael","adam","100","CA","federal:house","CA37","C","M",0.884,NA,4,"0 USD",NA,NA,NA,NA
"ahuja","christopher","100","CA","federal:house","CA32","C","M",-1.028,NA,67,"0 USD",NA,NA,NA,NA
"sawchuk","eric","200","CA","federal:house","CA30","O","M",1.704,NA,3,"1376.17 USD",NA,NA,NA,NA
"lucero","robert","200","CA","federal:house","CA28","C","M",NA,NA,9,"0 USD",NA,NA,NA,NA
"kifle","luele","100","CA","federal:house","CA18","C","U",-1.072,NA,21,"0 USD",NA,NA,NA,NA
"ingram","denard","100","CA","federal:house","CA12","O","M",-1.103,NA,7,"0 USD",NA,NA,NA,NA
"silva","thomas","200","CA","federal:house","CA07","C","M",1.744,NA,5,"5551.5 USD",NA,NA,NA,NA
"kangas","jolian","328","CA","federal:house","CA02","C","U",-1.016,NA,7,"0 USD",NA,NA,NA,NA
"busby","brady","328","AZ","federal:house","AZ20","C","M",0.314,NA,7,"2877 USD",NA,NA,NA,NA
"greene placentia","bernadette","100","AZ","federal:house","AZ08","O","F",-0.824,NA,38,"0 USD",NA,NA,NA,NA
"jaramillo","hector","100","AZ","federal:house","AZ03","O","M",-1.168,NA,36,"0 USD",NA,NA,NA,NA
"glasgow","robert","100","AZ","federal:house","AZ01","C","M",-1.056,NA,5,"0 USD",NA,NA,NA,NA
"thomas","belinda","200","AL","federal:house","AL02","C","F",1.168,NA,15,"0 USD",NA,NA,NA,NA
"knudsen","brett","100","WI","federal:house","WI03","O","M",NA,-0.999,5,"0 USD",NA,NA,NA,NA
"hennrich","brent","100","WA","federal:house","WA03","C","M",-1.174,-1.07,1025,"498.08 USD",NA,NA,NA,NA
"sturdifen","dale","200","VA","federal:house","VA04","C","M",0.612,NA,12,"4925 USD",NA,NA,NA,NA
"tristan","anthony","100","TX","federal:house","TX27","C","M",-1.304,-1.309,6,"4785.64 USD",NA,NA,NA,NA
"rector","christopher","100","TX","federal:house","TX25","C","M",-0.298,NA,6,"0 USD",NA,NA,NA,NA
"ivanovskis","jeremy","200","TX","federal:house","TX03","C","M",0.032,0.512,5,"4980.35 USD",NA,NA,NA,NA
"fairlcoth","roy","100","TN","federal:house","TN06","O","M",-1.002,NA,23,"0 USD",NA,NA,NA,NA
"waldman","amanda","100","PA","federal:house","PA09","C","F",-1.026,-0.966,311,"16955.9 USD",NA,NA,NA,NA
"yetter","joseph","100","OR","federal:house","OR02","C","M",-1.114,-1.009,273,"0 USD",NA,NA,NA,NA
"khalfani","akil","100","NJ","federal:house","NJ10","C","M",-0.939,NA,37,"0 USD",NA,NA,NA,NA
"green","curtis","100","NJ","federal:house","NJ02","C","M",-1.029,NA,41,"0 USD",NA,NA,NA,NA
"weaver","john","200","NE","federal:house","NE01","C","M",1.364,NA,209,"0 USD",NA,NA,NA,NA
"austin","kyle","200","MT","federal:house","MT02","O","M",1.556,1.501,18,"4550 USD",NA,NA,NA,NA
"watson","annette","200","MN","federal:house","MN07","C","F",1.823,NA,5,"4312.37 USD",NA,NA,NA,NA
"hooper","james","200","MI","federal:house","MI12","C","M",1.427,1.523,13,"13451.35 USD",NA,NA,NA,NA
"lehman","matthew","100","KY","federal:house","KY04","C","M",-0.867,-0.766,777,"2807.49 USD",NA,NA,NA,NA
"calkins","aaron","100","IN","federal:house","IN03","C","M",NA,NA,4,"0 USD",NA,NA,NA,NA
"koppie","chad","200","IL","federal:house","IL07","C","M",1.561,1.629,5,"0 USD",NA,NA,NA,NA
"baker","mark","100","GA","federal:house","GA13","C","M",-0.863,-0.881,116,"0 USD",NA,NA,NA,NA
"chavez","jonathan","200","GA","federal:house","GA13","C","M",1.494,1.476,16,"0 USD",NA,NA,NA,NA
"polo","frank","200","FL","federal:house","FL27","C","M",1.514,NA,44,"510.25 USD",NA,NA,NA,NA
"holness","dale","100","FL","federal:house","FL20","C","M",-0.666,-0.569,896,"0 USD",NA,NA,NA,NA
"bradley","christopher","100","FL","federal:house","FL14","C","M",NA,1.864,8,"10105 USD",NA,NA,NA,NA
"avion","orlondo","100","CO","federal:house","CO05","O","M",-1.067,NA,3,"0 USD",NA,NA,NA,NA
"dawson","marshall","200","CO","federal:house","CO02","C","M",1.813,1.741,36,"8672.97 USD",NA,NA,NA,NA
"fedalizo","baltazar","200","CA","federal:house","CA37","C","M",1.41,NA,11,"0 USD",NA,NA,NA,NA
"hakami","ariana","200","CA","federal:house","CA36","C","F",NA,1.345,10,"3830 USD",NA,NA,NA,NA
"dewell","ben","100","CA","federal:house","CA20","C","M",-1.102,-1.119,24,"2230.72 USD",NA,NA,NA,NA
"slauson","stephen","200","CA","federal:house","CA12","O","M",NA,1.102,8,"0 USD",NA,NA,NA,NA
"semenenko","max","200","CA","federal:house","CA07","C","M",1.423,1.423,37,"960 USD",NA,NA,NA,NA
"engdahl","andrew","100","CA","federal:house","CA04","C","M",-0.823,-0.819,29,"1587.46 USD",NA,NA,NA,NA
"lucier","david","100","AZ","federal:house","AZ09","C","M",-1.121,-0.967,288,"0 USD",NA,NA,NA,NA
"watson","eugene","100","WV","federal:house","WV03","C","M",-1.061,NA,166,"0 USD",NA,NA,NA,NA
"chartrand","derek","200","WA","federal:house","WA01","C","M",0.077,0.082,50,"3981.01 USD",NA,NA,NA,NA
"foster","russell","100","TX","federal:house","TX04","C","M",NA,NA,272,"0 USD",NA,NA,NA,NA
"snow","salem","100","PA","federal:house","PA02","C","M",-1.076,NA,422,"2215 USD",NA,NA,NA,NA
"wyman","robert","100","NY","federal:house","NY10","C","M",NA,-1.004,4,"0 USD",NA,NA,NA,NA
"hsu","john","100","NJ","federal:house","NJ06","C","M",-0.719,-1.002,50,"6182.86 USD",NA,NA,NA,NA
"wilkinson","brandon","200","MO","federal:house","MO03","O","M",1.467,1.646,58,"0 USD",NA,NA,NA,NA
"snyder","nicolette","200","MI","federal:house","MI08","C","F",1.415,NA,333,"0 USD",NA,NA,NA,NA
"dorris","dale","100","IN","federal:house","IN09","C","M",-1.097,-1.131,54,"0 USD",NA,NA,NA,NA
"griggs","joyce","100","GA","federal:house","GA01","C","F",-1.114,-0.986,364,"788 USD",NA,NA,NA,NA
"walls windhauser","angela","200","FL","federal:house","FL01","O","F",1.483,NA,2,"0 USD",NA,NA,NA,NA
"hamilton","tamika","200","CA","federal:house","CA06","C","F",NA,1.405,4365,"1534.22 USD",NA,NA,NA,NA
"kennedy","mike","200","UT","federal:senate","UTS18","O","M",1.208,1.366,2190,"0 USD",NA,NA,NA,NA
"james","john","200","MI","federal:senate","MIS20","C","M",1.419,1.02,163748,"134570.59 USD",NA,NA,NA,NA
"shelby","richard","200","AL","federal:senate","ALS22","I","M",0.804,0.663,13195,"14315.74 USD",NA,NA,NA,NA
"keough","steve","100","TX","federal:senate","TXS24","C","M",-1.081,NA,44,"28692.87 USD",NA,NA,NA,NA
"peckarsky","peter","100","WI","federal:senate","WIS22","C","M",-0.959,-0.905,78,"2202.9 USD",NA,NA,NA,NA
"smiley","tiffany","200","WA","federal:senate","WAS22","C","F",1.505,1.585,63012,"943567.78 USD",NA,NA,NA,NA
"isom","ally","200","UT","federal:senate","UTS22","C","F",0.568,NA,619,"105.57 USD",NA,NA,NA,NA
"bengs","brian","100","SD","federal:senate","SDS22","C","M",-1.081,-1.013,4088,"2835.34 USD",NA,NA,NA,NA
"oz","mehmet","200","PA","federal:senate","PAS22","O","M",1.542,1.553,109469,"663085.61 USD",NA,NA,NA,NA
"arkoosh","valerie","100","PA","federal:senate","PAS22","O","F",NA,-0.889,6728,"10653 USD",NA,NA,NA,NA
"kenyatta","malcolm","100","PA","federal:senate","PAS22","O","M",-0.977,-0.846,16194,"0 USD",NA,NA,NA,NA
"baker","dennis","100","OK","federal:senate","OKS22","C","M",-1.001,-1.007,4694,"10.48 USD",NA,NA,NA,NA
"ryan","timothy","100","OH","federal:senate","OHS22","O","M",-0.823,-0.638,308859,"52216.27 USD",NA,NA,NA,NA
"mandel","joshua","200","OH","federal:senate","OHS22","O","M",1.724,1.024,23100,"20613.2 USD",NA,NA,NA,NA
"hockstedler","william","200","NV","federal:senate","NVS22","C","M",1.47,1.524,10,"1050 USD",NA,NA,NA,NA
"mansharamani","vikram","200","NH","federal:senate","NHS22","C","M",0.861,0.947,418,"539918.85 USD",NA,NA,NA,NA
"heitkamp","heidi","100","ND","federal:senate","NDS18","I","F",-0.773,-0.847,224677,"27653.76 USD",NA,NA,NA,NA
"jackson","jeff","100","NC","federal:senate","NCS22","O","M",-0.972,-0.839,29567,"891839.08 USD",NA,NA,NA,NA
"hartzler","vicky","200","MO","federal:senate","MOS22","O","F",1.532,1.397,7116,"9817.91 USD",NA,NA,NA,NA
"thormann","john","200","MD","federal:senate","MDS22","C","M",1.209,1.468,14,"0 USD",NA,NA,NA,NA
"gao","ruth","100","KY","federal:senate","KYS22","C","F",NA,-1.043,94,"336 USD",NA,NA,NA,NA
"roth","david","100","ID","federal:senate","IDS22","C","M",-1.039,-1.004,1447,"0 USD",NA,NA,NA,NA
"finkenauer","abby","100","IA","federal:senate","IAS22","C","F",-1.064,-0.797,36285,"86850.99 USD",NA,NA,NA,NA
"walker","herschel","200","GA","federal:senate","GAS22","C","M",1.566,NA,421847,"1071890.77 USD",NA,NA,NA,NA
"demings","val","100","FL","federal:senate","FLS22","C","M",NA,-0.775,568851,"296949.88 USD",NA,NA,NA,NA
"ellison","allen","100","FL","federal:senate","FLS22","C","M",-1.122,-1.056,1841,"0 USD",NA,NA,NA,NA
"odea","joseph","200","CO","federal:senate","COS22","C","M",1.57,NA,8014,"-1686.1 USD",NA,NA,NA,NA
"yu","peter","200","CO","federal:senate","COS22","C","M",1.875,1.764,96,"0 USD",NA,NA,NA,NA
"lucero","robert","200","CA","federal:senate","CAS22","C","M",NA,NA,9,"0 USD",NA,NA,NA,NA
"masters","blake","200","AZ","federal:senate","AZS22","C","M",1.524,1.587,43191,"3234.75 USD",NA,NA,NA,NA
"lamon","jim","200","AZ","federal:senate","AZS22","C","M",NA,1.415,1888,"16102.99 USD",NA,NA,NA,NA
"boyd","willie","100","AL","federal:senate","ALS22","O","M",-0.838,-0.74,392,"255.15 USD",NA,NA,NA,NA
"bell","robert","100","TX","federal:senate","TXS20","C","M",NA,-0.519,683,"14550 USD",NA,NA,NA,NA
"portman","rob","200","OH","federal:senate","OHS22","I","M",NA,0.53,21788,"184205.25 USD",NA,NA,NA,NA
"smith","sandy","200","NC","federal:senate","NCS20","C","F",1.497,1.565,2288,"948026.71 USD",NA,NA,NA,NA
"mcgrath","amy","100","KY","federal:senate","KYS20","C","F",-1.074,-0.969,785350,"458815.13 USD",NA,NA,NA,NA
"demartino","james","200","DE","federal:senate","DES20","C","M",NA,1.602,127,"0 USD",NA,NA,NA,NA
"byrne","bradley","200","AL","federal:senate","ALS20","C","M",NA,1.126,8014,"0 USD",NA,NA,NA,NA
"sanders","bernard","100","00","federal:president","PRES","C","M",-1.143,-0.889,2610036,"612.37 USD",NA,NA,NA,NA
"segal","jerome","100","00","federal:president","PRES","C","M",-1.125,NA,6,"9059 USD",NA,NA,NA,NA
"weld","william","200","00","federal:president","PRES","C","M",NA,-0.692,1484,"1387.5 USD",NA,NA,NA,NA
"buttigieg","pete","100","00","federal:president","PRES","C","M",-1.046,NA,582820,"0 USD",NA,NA,NA,NA
"lucas","conrad","200","WV","federal:house","WV03","O","M",-0.62,1.237,131,"0 USD",NA,NA,NA,NA
"ryan","paul","200","WI","federal:house","WI01","I","M",0.31,1.284,83808,"8529.98 USD",NA,NA,NA,NA
"luria","elaine","100","VA","federal:house","VA02","I","F",NA,-0.777,31796,"59441.79 USD",NA,NA,NA,NA
"taylor","nicholas","200","TX","federal:house","TX03","I","M",1.379,1.291,5213,"0 USD",NA,NA,NA,NA
"stivers","steve","200","OH","federal:house","OH15","I","M",NA,0.939,6893,"2000 USD",NA,NA,NA,NA
"patel","suraj","100","NY","federal:house","NY12","C","M",-0.494,-0.49,3364,"29500 USD",NA,NA,NA,NA
"malinowski","tom","100","NJ","federal:house","NJ07","I","M",-1.017,-0.983,21400,"197978.07 USD",NA,NA,NA,NA
"manning","kathy","100","NC","federal:house","NC06","I","F",-0.436,-0.814,8142,"785012.57 USD",NA,NA,NA,NA
"martin","henry","100","MO","federal:house","MO06","C","M",-1.11,-1.006,882,"0 USD",NA,NA,NA,NA
"bennett","douglas","200","IL","federal:house","IL10","C","M",1.419,1.295,111,"12000 USD",NA,NA,NA,NA
"finkenauer","abby","100","IA","federal:house","IA01","I","F",-1.064,-0.797,36285,"0 USD",NA,NA,NA,NA
"baer","lauren","100","FL","federal:house","FL18","C","F",-1.048,-0.909,7425,"0 USD",NA,NA,NA,NA
"taddeo","annette","100","FL","federal:house","FL27","C","F",-1.065,-0.654,9494,"1000 USD",NA,NA,NA,NA
"maryott","brian","200","CA","federal:house","CA49","C","M",1.47,1.385,5258,"1448566.83 USD",NA,NA,NA,NA
"ahn","robert","100","CA","federal:house","CA34","O","M",NA,-0.56,1128,"0 USD",NA,NA,NA,NA
"nunes","devin","200","CA","federal:house","CA22","I","M",1.435,1.347,87656,"2875984.7 USD",NA,NA,NA,NA
"neighbors","ricky","100","AL","federal:house","AL04","C","M",-1.088,-0.964,189,"3430.31 USD",NA,NA,NA,NA
"mceachin","aston","100","VA","federal:house","VA04","I","M",-1.193,-0.777,4123,"228 USD",NA,NA,NA,NA
"faso","john","200","NY","federal:house","NY19","I","M",1.125,0.931,10463,"40643.11 USD",NA,NA,NA,NA
"budd","theodore","200","NC","federal:house","NC13","I","M",1.475,1.46,41986,"2111873.54 USD",NA,NA,NA,NA
"yarmuth","john","100","KY","federal:house","KY03","I","M",-1.111,-0.637,3347,"233.01 USD",NA,NA,NA,NA
"hollingsworth","trey","200","IN","federal:house","IN09","I","M",NA,1.05,1217,"0 USD",NA,NA,NA,NA
"lynn","eric","100","FL","federal:house","FL13","O","M",-0.941,-0.678,4883,"27134.1 USD",NA,NA,NA,NA
"navarro","omar","200","CA","federal:house","CA43","C","M",1.552,1.556,2484,"100 USD",NA,NA,NA,NA
"basler","douglas","200","WA","federal:house","WA09","C","M",NA,1.479,101,"0 USD",NA,NA,NA,NA
"katko","john","200","NY","federal:house","NY24","O","M",NA,0.884,6199,"4538.94 USD",NA,NA,NA,NA
"daughtry","kelly","200","NC","federal:house","NC13","O","F",1.081,1.045,305,"4507302.43 USD",NA,NA,NA,NA
"young","david","200","IA","federal:house","IA03","C","M",NA,1.318,5351,"11000 USD",NA,NA,NA,NA
"rab","aejaz","100","CA","federal:house","CA32","C","U",-0.257,-0.537,54,"125 USD",NA,NA,NA,NA
"larkin","matt","200","WA","federal:house","WA08","C","M",1.528,1.419,1595,"2009.94 USD",NA,NA,NA,NA
"clifford","sianay","100","VT","federal:house","VT01","O","M",-1.257,-1.167,167,"0 USD",NA,NA,NA,NA
"vega","yesli","200","VA","federal:house","VA07","C","U",1.522,1.333,6557,"4397.64 USD",NA,NA,NA,NA
"parker","andy","100","VA","federal:house","VA05","C","M",-0.993,-0.968,1812,"0 USD",NA,NA,NA,NA
"lowe","kimberly","200","VA","federal:house","VA09","C","F",1.502,1.605,36,"0 USD",NA,NA,NA,NA
"mitchell","nicholas","100","UT","federal:house","UT02","C","M",-0.998,-0.995,267,"0 USD",NA,NA,NA,NA
"caraway","barbara","100","TX","federal:house","TX30","O","F",0.231,0.194,562,"1092.74 USD",NA,NA,NA,NA
"perez","maclovio","100","TX","federal:house","TX27","C","M",-1.082,-0.959,48,"0 USD",NA,NA,NA,NA
"lira","john","100","TX","federal:house","TX23","C","M",NA,-0.954,2970,"12864.52 USD",NA,NA,NA,NA
"brown","mary","100","TX","federal:house","TX13","C","F",-1.066,-1.037,1224,"0 USD",NA,NA,NA,NA
"gorman","mary","100","TN","federal:house","TN03","C","F",-1.059,NA,265,"0 USD",NA,NA,NA,NA
"segal","david","100","RI","federal:house","RI02","O","M",-1.092,-1,5562,"64427.23 USD",NA,NA,NA,NA
"shaffer","jeremy","200","PA","federal:house","PA17","O","M",1.344,1.195,1637,"5019.07 USD",NA,NA,NA,NA
"hollister","robert","100","PA","federal:house","PA11","C","M",-1.109,-0.73,929,"0 USD",NA,NA,NA,NA
"al abdrabbuh","sami","100","OR","federal:house","OR04","O","U",NA,-1.068,306,"6523.55 USD",NA,NA,NA,NA
"andrews","naomi","100","OK","federal:house","OK02","O","F",-0.973,NA,114,"0 USD",NA,NA,NA,NA
"schiller","chris","200","OK","federal:house","OK02","O","M",1.435,0.911,332,"1886 USD",NA,NA,NA,NA
"lare","jeff","200","OH","federal:house","OH15","C","M",NA,0.939,540,"0 USD",NA,NA,NA,NA
"hawkins","shay","200","OH","federal:house","OH13","O","U",0.925,0.985,505,"0 USD",NA,NA,NA,NA
"majewski","j","200","OH","federal:house","OH09","C","U",NA,NA,1690,"2819.93 USD",NA,NA,NA,NA
"ko","tim","200","NY","federal:house","NY24","C","M",-1.215,NA,77,"0 USD",NA,NA,NA,NA
"fajans turner","vanessa","100","NY","federal:house","NY22","C","F",-1.028,-0.968,400,"10391.45 USD",NA,NA,NA,NA
"casanova dominguez","manuel","100","NY","federal:house","NY16","C","M",-1.044,NA,123,"12500 USD",NA,NA,NA,NA
"maloney","carolyn","100","NY","federal:house","NY12","I","F",-0.592,-0.583,13679,"0 USD",NA,NA,NA,NA
"robinson","brian","100","NY","federal:house","NY10","C","M",NA,1.035,11,"0 USD",NA,NA,NA,NA
"sheth","ashmi","100","NY","federal:house","NY12","C","U",-1.089,-1.019,745,"3169.75 USD",NA,NA,NA,NA
"zimmerman","robert","100","NY","federal:house","NY03","O","M",-0.675,-0.689,2169,"11058.99 USD",NA,NA,NA,NA
"serrano","carolina","200","NV","federal:house","NV01","C","F",1.592,NA,8236,"51182.43 USD",NA,NA,NA,NA
"steel","cynthia","200","NV","federal:house","NV01","C","F",1.298,NA,11,"10069.38 USD",NA,NA,NA,NA
"selen","tayfun","200","NJ","federal:house","NJ11","C","U",0.157,0.241,250,"3038 USD",NA,NA,NA,NA
"healey","robert","200","NJ","federal:house","NJ03","C","M",NA,0.684,1204,"7107.22 USD",NA,NA,NA,NA
"leavitt","karoline","200","NH","federal:house","NH01","C","F",1.488,1.301,13263,"26863.23 USD",NA,NA,NA,NA
"pansing brooks","patty","100","NE","federal:house","NE01","C","F",-0.769,NA,4420,"12465.51 USD",NA,NA,NA,NA
"genant","pamela","100","NC","federal:house","NC10","O","F",-1.121,-0.988,543,"0 USD",NA,NA,NA,NA
"meadows","mark","200","NC","federal:house","NC11","I","M",NA,1.375,2596,"1686.78 USD",NA,NA,NA,NA
"allam","nida","100","NC","federal:house","NC04","C","F",-1.048,-0.907,13755,"0 USD",NA,NA,NA,NA
"aiken","william","200","NC","federal:house","NC01","O","M",1.389,1.232,8,"106 USD",NA,NA,NA,NA
"ronning","penny","100","MT","federal:house","MT02","C","F",-1.126,-1.029,552,"0 USD",NA,NA,NA,NA
"brooks","raymond","200","MS","federal:house","MS04","C","M",1.715,1.606,62,"796.9 USD",NA,NA,NA,NA
"radaker sheafer","kristen","100","MO","federal:house","MO07","O","F",-1.159,NA,201,"0 USD",NA,NA,NA,NA
"burks","taylor","200","MO","federal:house","MO04","O","U",1.577,1.636,9848,"4271.3 USD",NA,NA,NA,NA
"abdirahman","shukri","200","MN","federal:house","MN05","C","M",0.11,NA,107,"0 USD",NA,NA,NA,NA
"weiler","tom","200","MN","federal:house","MN03","C","M",1.329,1.391,900,"24.5 USD",NA,NA,NA,NA
"levin","sander","100","MI","federal:house","MI09","I","M",-1.146,-0.784,5721,"0 USD",NA,NA,NA,NA
"esshaki","eric","200","MI","federal:house","MI10","C","M",NA,1.049,1740,"3300.22 USD",NA,NA,NA,NA
"thelander","edwin","200","ME","federal:house","ME01","C","M",1.495,1.518,924,"85 USD",NA,NA,NA,NA
"warner","jeff","200","MD","federal:house","MD04","O","M",1.612,1.695,47,"809.18 USD",NA,NA,NA,NA
"ambrose","nicolee","200","MD","federal:house","MD02","C","F",0.09,1.112,600,"845 USD",NA,NA,NA,NA
"morgan","yuripzy","200","MD","federal:house","MD03","C","U",1.331,0.876,563,"250 USD",NA,NA,NA,NA
"tran","dean","200","MA","federal:house","MA03","C","M",NA,1.114,1568,"0 USD",NA,NA,NA,NA
"darling","katie","100","LA","federal:house","LA01","C","F",-0.988,-0.798,1626,"679.48 USD",NA,NA,NA,NA
"gotsch","nathan","328","IN","federal:house","IN03","C","M",-1.171,-1.246,93,"6452.05 USD",NA,NA,NA,NA
"steury","paul","100","IN","federal:house","IN02","O","M",-1.078,NA,538,"0 USD",NA,NA,NA,NA
"lauf","catalina","200","IL","federal:house","IL11","O","F",1.518,1.573,12891,"8277.93 USD",NA,NA,NA,NA
"ahmed","junaid","100","IL","federal:house","IL08","C","M",-0.981,-0.903,1657,"12046.52 USD",NA,NA,NA,NA
"dowell","patricia","100","IL","federal:house","IL01","O","F",-0.858,NA,692,"0 USD",NA,NA,NA,NA
"taylor","kirby","100","IL","federal:house","IL01","O","M",-1.009,NA,49,"0 USD",NA,NA,NA,NA
"king","steve","200","IA","federal:house","IA04","I","M",1.659,1.501,6549,"63714 USD",NA,NA,NA,NA
"jones","vernon","200","GA","federal:house","GA10","O","M",1.604,1.522,1617,"0 USD",NA,NA,NA,NA
"harris","kevin","100","FL","federal:house","FL24","C","M",-1.483,NA,33,"3053.36 USD",NA,NA,NA,NA
"trout","w michael","100","FL","federal:house","FL23","C","M",NA,NA,5,"22.17 USD",NA,NA,NA,NA
"dorilas","rod","200","FL","federal:house","FL22","C","M",1.495,1.57,5361,"1480.13 USD",NA,NA,NA,NA
"balderramos robinson","corinna","100","FL","federal:house","FL21","C","F",-1.138,-1.027,435,"445.5 USD",NA,NA,NA,NA
"collins","jay","200","FL","federal:house","FL15","C","M",1.497,1.487,4541,"0 USD",NA,NA,NA,NA
"craft","frank","328","FL","federal:house","FL13","O","M",NA,1.035,5,"64.86 USD",NA,NA,NA,NA
"wimbish","calvin","200","FL","federal:house","FL10","O","M",NA,1.501,131,"3195.22 USD",NA,NA,NA,NA
"terry","joanne","100","FL","federal:house","FL08","C","F",-1.195,-1.048,334,"1094 USD",NA,NA,NA,NA
"duke","brady","200","FL","federal:house","FL07","O","M",1.679,NA,18317,"60 USD",NA,NA,NA,NA
"jones","rebekah","100","FL","federal:house","FL01","C","F",-1.119,-0.98,4167,"1008.78 USD",NA,NA,NA,NA
"walker","alex","100","CO","federal:house","CO03","C","M",-1.046,NA,4473,"0 USD",NA,NA,NA,NA
"donovan","kerry","100","CO","federal:house","CO03","C","U",-0.926,NA,32863,"8000 USD",NA,NA,NA,NA
"bartlett","lisa","200","CA","federal:house","CA49","C","F",1.245,NA,250,"2452.5 USD",NA,NA,NA,NA
"spinney","bill","200","CA","federal:house","CA39","C","M",0.91,1.362,9,"3060 USD",NA,NA,NA,NA
"mendoza","sandra","100","CA","federal:house","CA37","O","F",-1.101,-0.94,179,"10367.66 USD",NA,NA,NA,NA
"reiss","jonathan","200","CA","federal:house","CA25","C","M",1.293,NA,50,"14156.17 USD",NA,NA,NA,NA
"thakur","albert","200","CA","federal:house","CA25","C","M",NA,NA,87,"86526.03 USD",NA,NA,NA,NA
"curry","eric","100","CA","federal:house","CA12","C","M",-1.331,-1.191,30,"7913.31 USD",NA,NA,NA,NA
"shoemaker","james","200","CA","federal:house","CA09","O","M",1.591,1.494,164,"1890 USD",NA,NA,NA,NA
"johnson","demnlus","100","CA","federal:house","CA08","C","M",NA,-1.003,89,"0 USD",NA,NA,NA,NA
"hawkins","brian","200","CA","federal:house","CA25","C","M",1.621,1.634,2699,"235 USD",NA,NA,NA,NA
"sinema","kyrsten","100","AZ","federal:house","AZ09","I","F",0.333,-0.752,73123,"5311800.8 USD",NA,NA,NA,NA
"hodge","jevin","100","AZ","federal:house","AZ01","C","M",-1.006,-0.759,5779,"11055.21 USD",NA,NA,NA,NA
"urrea","marcos","100","AZ","federal:house","AZ06","C","M",-1.343,-1.234,52,"20 USD",NA,NA,NA,NA
"hodges","monte","100","AR","federal:house","AR01","C","M",-1.214,-0.645,499,"0 USD",NA,NA,NA,NA
"bell","douglas","328","AL","federal:house","AL03","C","M",NA,0.432,6,"196 USD",NA,NA,NA,NA
"greybull","lynnette","100","WY","federal:house","WY01","C","F",-1.054,NA,2568,"0 USD",NA,NA,NA,NA
"jensen","jesse","200","WA","federal:house","WA08","C","M",1.567,NA,4173,"5744.66 USD",NA,NA,NA,NA
"davis","wendy","100","TX","federal:house","TX21","C","F",-0.954,-0.873,114362,"1657.4 USD",NA,NA,NA,NA
"bautista jones","justin","100","TN","federal:house","TN05","C","M",NA,NA,303,"0 USD",NA,NA,NA,NA
"depasquale","eugene","100","PA","federal:house","PA10","C","M",NA,-0.813,12296,"749.83 USD",NA,NA,NA,NA
"skarlatos","alek","200","OR","federal:house","OR04","O","M",NA,1.19,25464,"127309.74 USD",NA,NA,NA,NA
"freshour","shannon","100","OH","federal:house","OH04","C","F",-0.99,-1.054,23189,"0 USD",NA,NA,NA,NA
"conole","francis","100","NY","federal:house","NY22","C","M",-1.014,-0.883,5304,"41238.68 USD",NA,NA,NA,NA
"darrigo","melanie","100","NY","federal:house","NY03","O","F",-1.094,-1.015,3007,"5450 USD",NA,NA,NA,NA
"fleming","bridget","100","NY","federal:house","NY01","C","F",NA,-0.748,5514,"7032.07 USD",NA,NA,NA,NA
"vellucci","louis","328","NJ","federal:house","NJ05","C","M",-0.06,-1.152,7,"491 USD",NA,NA,NA,NA
"cramer","kevin","200","ND","federal:house","ND01","I","M",1.295,1.39,16932,"5562461.74 USD",NA,NA,NA,NA
"haywood","joseph","200","NC","federal:house","NC06","C","M",1.531,1.385,163,"900 USD",NA,NA,NA,NA
"palazzo","steven","200","MS","federal:house","MS04","I","M",1.671,1.274,2661,"0 USD",NA,NA,NA,NA
"hartzler","vicky","200","MO","federal:house","MO04","I","F",1.532,1.397,7116,"9817.91 USD",NA,NA,NA,NA
"grossbard","gavriel","200","MI","federal:house","MI09","C","M",0.197,0.807,182,"0 USD",NA,NA,NA,NA
"meijer","peter","200","MI","federal:house","MI03","I","M",1.025,0.737,4015,"10310.35 USD",NA,NA,NA,NA
"zannetos","christopher","100","MA","federal:house","MA04","C","M",-0.392,-0.422,942,"3e+05 USD",NA,NA,NA,NA
"beckwith","micah","200","IN","federal:house","IN05","O","M",1.942,1.805,138,"98.52 USD",NA,NA,NA,NA
"ferguson","andrew","100","GA","federal:house","GA10","C","M",NA,-1.102,177,"0 USD",NA,NA,NA,NA
"banyai","cindy","100","FL","federal:house","FL19","C","F",-1.027,-0.964,2635,"0 USD",NA,NA,NA,NA
"chester","albert","100","FL","federal:house","FL05","C","M",-1.085,-0.776,434,"0 USD",NA,NA,NA,NA
"merk","gregory","200","FL","federal:house","FL01","C","M",0.341,NA,21,"0 USD",NA,NA,NA,NA
"gonzales","christopher","200","CA","federal:house","CA46","C","M",1.704,1.583,66,"8521.3 USD",NA,NA,NA,NA
"ruiz","raul","200","CA","federal:house","CA36","C","M",-0.447,-0.16,78,"0 USD",NA,NA,NA,NA
"uygur","cenk","100","CA","federal:house","CA25","C","U",-1.059,NA,14402,"0 USD",NA,NA,NA,NA
"kennedy","brynne","100","CA","federal:house","CA04","C","F",-1.022,-0.936,6558,"2275.02 USD",NA,NA,NA,NA
"roby","martha","200","AL","federal:house","AL02","I","F",0.848,1.324,3442,"0 USD",NA,NA,NA,NA
"murphy","tim","200","PA","federal:house","PA18","I","M",NA,1.157,5769,"47748.85 USD",NA,NA,NA,NA
"welch","peter","100","VT","federal:house","VT01","I","M",-0.904,-0.907,24573,"9423.3 USD",NA,NA,NA,NA
"sires","albio","100","NJ","federal:house","NJ08","I","M",-0.861,-0.636,3323,"0 USD",NA,NA,NA,NA
"mcnerney","jerry","100","CA","federal:house","CA09","I","M",-1.366,-1.106,7199,"1709.72 USD",NA,NA,NA,NA
"rehberg","dennis","200","MT","federal:house","MT02","O","M",1.327,1.23,7362,"631425.21 USD",NA,NA,NA,NA
"woodward","nathaniel","100","UT","federal:house","UT02","C","M",-0.824,NA,23,"0 USD",NA,NA,NA,NA
"cameron","kyle","100","WY","federal:house","WY01","C","M",-1.015,NA,73,"16215.56 USD",NA,NA,NA,NA
"levasseur","joseph","200","NH","federal:house","NH01","C","M",1.251,NA,24,"141610 USD",NA,NA,NA,NA
"paglino","justin","328","CT","federal:senate","CTS24","C","M",-1.426,NA,6,"17849.65 USD",NA,NA,NA,NA
"lee carter","erica","100","TX","federal:house","TX18","C","F",-0.582,NA,119,"70270 USD",NA,NA,NA,NA
"robinson","david","100","SC","federal:house","SC02","C","M",-1.055,NA,5,"0 USD",NA,NA,NA,NA
"wimberly","benjie","100","NJ","federal:house","NJ09","O","M",-0.798,NA,76,"12182 USD",NA,NA,NA,NA
"neill","reilly","100","MT","federal:house","MT02","C","U",-0.457,NA,9,"15824.16 USD",NA,NA,NA,NA
"cass","jeanette","100","MO","federal:house","MO04","C","F",-1.095,NA,64,"5858.6 USD",NA,NA,NA,NA
"lynch","michael","100","MI","federal:house","MI02","C","M",-1.022,NA,30,"19849.07 USD",NA,NA,NA,NA
"vallien","michael","100","LA","federal:house","LA05","C","M",-0.469,NA,10,"0 USD",NA,NA,NA,NA
"salisbury","matthew","200","AK","federal:house","AK01","C","M",-0.151,NA,4,"0 USD",NA,NA,NA,NA
"dunn","maria","200","TX","federal:house","TX18","C","F",1.147,NA,52,"68534.45 USD",NA,NA,NA,NA
"vancil","dillan","200","IL","federal:house","IL17","C","M",1.355,NA,35,"30652.91 USD",NA,NA,NA,NA
"fine","randy","200","FL","federal:house","FL06","C","M",0.978,NA,228,"0 USD",NA,NA,NA,NA
"audino","ernest","200","FL","federal:house","FL06","C","M",1.722,NA,7,"8885 USD",NA,NA,NA,NA
"salzman","michelle","200","FL","federal:house","FL01","C","F",1.558,NA,23,"39246.25 USD",NA,NA,NA,NA
"keebaugh","charles","200","FL","federal:house","FL01","C","M",1.357,NA,18,"4443.55 USD",NA,NA,NA,NA
"thompson","michael","200","FL","federal:house","FL01","C","M",1.791,NA,40,"0 USD",NA,NA,NA,NA
"peacock","jeff","200","FL","federal:house","FL01","C","M",0.982,NA,21,"0 USD",NA,NA,NA,NA
