"election","lname","fname","party","state","seat","district","ico.status","cand.gender","recipient.cfscore.dyn","contributor.cfscore","num.givers.total","total.receipts","total.disbursements","prim.vote.pct","pwinner","gen.vote.pct","gwinner"
"fd2020","petrilli","george","100","IL","federal:house","IL18","C","M",-1.056,-0.913,17,16219.62,8270.2,0.001,"W",29.59,"L"
"fd2020","chambers","gary","100","LA","federal:house","LA02","C","M",-1.208,-2.07,21959,106626.67,28800.99,NA,NA,NA,NA
"fd2020","finley","christopher","100","TN","federal:house","TN06","C","M",-0.854,NA,2,0,0,NA,NA,24.5594920099349,"L"
"fd2020","hamilton","wendy","100","DC","federal:house","DC01","C","F",-0.837,NA,387,5163.66,2319.08,NA,NA,NA,NA
"fd2020","n","mckayla","100","MD","federal:house","MD05","C","F",-1.125,-1.131,8154,0,0,NA,NA,NA,NA
"fd2020","jaye","brian","100","MI","federal:house","MI08","C","M",-1.076,-1.018,220,201,0,NA,NA,NA,NA
"fd2020","mcginn","randi","100","NM","federal:house","NM01","C","F",-0.746,-0.881,159,214888,0,NA,NA,NA,NA
"fd2020","turner","nina","100","OH","federal:house","OH11","C","F",NA,-0.88,30567,646744.98,162967.71,NA,NA,NA,NA
"fd2020","brown","shontel","100","OH","federal:house","OH11","C","F",-0.546,NA,5526,40132.75,503.99,NA,NA,NA,NA
"fd2020","johnson","jeffrey","100","OH","federal:house","OH11","C","M",-0.876,NA,235,5700,348.95,NA,NA,NA,NA
"fd2020","hyman","mal","100","SC","federal:house","SC07","C","M",-1.132,-1.05,822,0,0,NA,NA,NA,NA
"fd2020","linn","max","200","ME","federal:senate","MES20","C","M",2.181,2.089,2,544443.57,529556.49,NA,"L",1.65,"L"
"fd2020","ronnebeck","steve","200","AZ","federal:house","AZ03","C","M",1.515,NA,5,4880,3422.36,NA,NA,NA,NA
"fd2020","ireland","jonathan","100","AZ","federal:house","AZ05","C","M",-1.143,NA,12,0,0,0.1059,"L",NA,NA
"fd2020","tyler","john","100","CA","federal:house","CA05","C","M",-1.037,-1.117,6,3006,3006,0.0952,"L",NA,NA
"fd2020","campbell","samantha","100","CA","federal:house","CA15","O","F",-1.206,NA,3,0,0,0.0983,"L",NA,NA
"fd2020","lackey","courtney","200","CA","federal:house","CA25","C","F",1.049,NA,6,4718,4718,NA,NA,NA,NA
"fd2020","carroll","brian","100","CA","federal:house","CA30","C","M",-0.413,NA,25,0,0,0.035,"L",NA,NA
"fd2020","scott","keanakay","100","CA","federal:house","CA34","C","U",-1.18,NA,7,0,0,0.0555,"L",NA,NA
"fd2020","mcleod","jalen","100","CA","federal:house","CA47","C","M",-1.103,NA,29,0,0,0.087,"L",NA,NA
"fd2020","ryans","jerlilia","100","CA","federal:house","CA52","C","U",-1.121,-1.018,4,0,0,NA,NA,NA,NA
"fd2020","bolling","shane","200","CO","federal:house","CO01","C","M",1.548,1.592,9,13657.96,13657.96,1,"W",23.53,"L"
"fd2020","bocchino","brandon","100","CO","federal:house","CO05","C","M",1.394,NA,9,0,0,NA,NA,NA,NA
"fd2020","morris","matthew","200","DE","federal:house","DE01","C","M",2.174,2.263,7,12470.02,12799.78,0.2619,"L",NA,NA
"fd2020","rowe","richard","100","FL","federal:house","FL03","O","M",-1.029,NA,80,0,0,NA,NA,NA,NA
"fd2020","nolan","john","328","FL","federal:house","FL06","C","M",-0.547,-0.534,26,5008.47,5797.37,NA,"L",0.03,"L"
"fd2020","walls windhauser","angela","200","FL","federal:house","FL08","C","F",1.505,NA,2,0,0,NA,NA,NA,NA
"fd2020","aarons","adam","100","FL","federal:house","FL21","C","M",-0.445,NA,4,0,0,NA,NA,NA,NA
"fd2020","mohammad","imtiaz","100","FL","state:lower","FL22","C","M",-1.011,-0.666,153,0,0,NA,NA,NA,NA
"fd2020","escobar","yadira","100","FL","federal:house","FL25","C","F",-1.121,NA,19,2196.9,2196.9,NA,NA,NA,NA
"fd2020","polo","frank","200","FL","federal:house","FL27","C","M",NA,1.882,7,4606.12,4662.47,0.001,"W",0.02,"L"
"fd2020","harbin","blake","200","GA","federal:house","GA06","C","M",1.385,NA,92,0,0,0.0487,"L",NA,NA
"fd2020","tolin","tyler","200","GA","federal:house","GA09","O","M",-1.167,-1.179,34,2005,2005,NA,NA,NA,NA
"fd2020","waites","keisha","100","GA","federal:house","GA13","C","F",-1.613,-0.971,158,875,0,0.2549,"L",NA,NA
"fd2020","nuckolls","haden","100","GA","federal:house","GA11","C","M",-1.175,NA,60,3043.42,0,NA,NA,NA,NA
"fd2020","famera","ashley","100","HI","federal:house","HI02","O","F",-0.953,NA,41,0,0,0.0606,"L",NA,NA
"fd2020","leatherwood","darnell","100","IL","federal:house","IL01","C","M",-1.166,NA,6,0,0,NA,NA,NA,NA
"fd2020","matthews","ameena","100","IL","federal:house","IL01","C","F",-1.121,-1.106,69,0,0,0.0785,"L",NA,NA
"fd2020","ellison","allen","100","FL","federal:senate","FLS22","C","M",-0.992,-1.056,1841,84005.43,78767.35,NA,NA,NA,NA
"fd2020","lane","jacob","200","IL","federal:house","IL15","O","M",-0.057,NA,13,0,0,NA,NA,NA,NA
"fd2020","farrar","ryan","100","IN","federal:house","IN01","O","M",-1.119,-1.04,15,0,0,0.0033,"L",NA,NA
"fd2020","bergeron","dion","200","IN","state:lower","IN01","C","M",1.559,1.469,16,0,0,NA,NA,NA,NA
"fd2020","walker","bradley","200","NC","federal:senate","NCS22","C","M",1.225,1.386,3426,893357.37,788986.24,NA,NA,NA,NA
"fd2020","webster","mike","100","IN","federal:house","IN08","C","M",-0.984,NA,3,0,0,0.3256,"L",NA,NA
"fd2020","dorris","dale","100","IN","federal:house","IN09","C","M",-1.131,-1.131,54,1381.05,851.89,0.1578,"L",NA,NA
"fd2020","eddings","waymen","200","KY","federal:house","KY03","C","U",1.442,1.443,9,3025.45,3025.45,0.1556,"L",NA,NA
"fd2020","harris","braylon","100","LA","federal:house","LA03","C","M",-0.952,NA,23,23006.09,15129.93,NA,"L",17.89,"L"
"fd2020","lemelle","martin","100","LA","federal:house","LA05","C","M",-0.824,-0.569,394,175143.56,173230.24,NA,"L",10.4,"L"
"fd2020","campbell","rayla","200","MA","federal:house","MA07","C","F",1.395,1.369,722,62880.76,52728.55,0.001,"W",0.23,"L"
"fd2020","pingley","jennifer","100","MD","federal:house","MD01","C","F",-1.091,NA,15,60,60,0.2,"L",NA,NA
"fd2020","gosnell","mark","100","MD","federal:house","MD07","C","M",-0.786,-0.849,10,96.05,1075.67,0.005,"L",NA,NA
"fd2020","oelke","elena","200","MI","federal:house","MI06","C","F",1.61,1.429,43,0,0,0.3734,"L",NA,NA
"fd2020","singh","hirsh","200","NJ","federal:senate","NJS18","C","U",1.329,1.374,1706,694015.9,691464.5,NA,NA,NA,NA
"fd2020","adan","leila","100","MN","federal:house","MN05","C","F",-1.015,NA,4,0,0,NA,NA,NA,NA
"fd2020","lester","leslie","100","MN","federal:house","MN05","C","F",1.247,NA,6,0,0,0.0071,"L",NA,NA
"fd2020","crichton","oreta","100","AS","federal:house","AS01","C","F",-0.997,-1.001,45,36273,20451.12,NA,"L",14.55,"L"
"fd2020","millado","joe","200","FL","federal:house","FL03","O","M",1.56,1.66,19,25372.06,33033.95,0.0136,"L",NA,NA
"fd2020","west","charles","100","MO","federal:house","MO06","C","M",-1.087,NA,200,0,0,0.1573,"L",NA,NA
"fd2020","hall","kwanza","100","GA","federal:house","GA05","C","M",-0.277,-0.714,678,242596.76,230091.42,NA,NA,NA,NA
"fd2020","franklin","robert","100","GA","federal:house","GA05","C","M",-0.68,-0.79,288,362642.69,360564.35,NA,NA,NA,NA
"fd2020","lee","katelyn","100","MS","federal:house","MS03","C","F",-1.035,-0.853,2,186.97,40,0.3603,"L",NA,NA
"fd2020","snowden","phillip","100","LA","federal:house","LA05","O","M",-1.143,-1.153,16,29481,28077.43,NA,"L",3.05,"L"
"fd2020","ross","gena","100","MO","federal:house","MO06","C","F",-1.002,NA,104,10170.21,10530.02,0.3283,"W",30.83,"L"
"fd2020","richards","audrey","328","MO","federal:house","MO07","C","F",0.265,-0.138,13,7985,8113.12,0.001,"W",0.35,"L"
"fd2020","parietti","mike","328","NY","federal:house","NY17","C","M",-1.318,-1.141,5,62320.27,40360.12,NA,NA,NA,NA
"fd2020","elizabeth","terwilliger","328","PA","federal:house","PA12","C","U",1.129,NA,29,6211.4,5937.18,NA,NA,NA,NA
"fd2020","ward","christopher","100","NC","federal:house","NC07","C","M",-1.113,-1.027,58,16260.36,4118.51,0.4632,"W",39.59,"L"
"fd2020","mcclendon","marty","200","WA","federal:house","WA10","O","M",1.362,1.377,814,55374,50833.9,NA,NA,NA,NA
"fd2020","elworth","mark","100","NE","federal:house","NE03","C","M",-0.963,NA,2,108.79,0,1,"W",17.68,"L"
"fd2020","harrington","ricky","328","AR","federal:senate","ARS20","C","M",-0.504,NA,177,79563.9,64036.71,0.001,"W",33.47,"L"
"fd2020","walsh","timothy","200","NJ","federal:house","NJ09","C","M",1.757,NA,6,5093.48,5093.48,0.2582,"L",NA,NA
"fd2020","prempeh","william","200","NJ","federal:house","NJ09","C","M",1.093,1.621,2330,44268.95,35075.01,0.7418,"W",31.86,"L"
"fd2020","bakari","kamau","328","NV","federal:house","NV01","C","M",1.47,1.4,7,7105,6591.33,NA,NA,NA,NA
"fd2020","dunson","leo","200","NV","federal:house","NV04","C","M",1.534,1.629,143,0,0,NA,NA,NA,NA
"fd2020","dayr","steffanie","100","NV","federal:house","NV04","C","F",-1.078,-1.029,6,1393.71,1049.19,0.0728,"L",NA,NA
"fd2020","burger","harry","328","NY","federal:house","NY02","C","M",-1.396,-1.068,3,2429.63,594.04,1,"W",1.03,"L"
"fd2020","stevenson","dylan","200","NY","federal:house","NY10","C","M",1.648,1.705,4,2561,1850,NA,NA,NA,NA
"fd2020","pabon","julio","100","NY","federal:house","NY15","O","M",-0.751,-0.863,62,0.96,0,0.0041,"L",NA,NA
"fd2020","bradshaw","marquita","100","TN","federal:senate","TNS20","O","F",-1.046,-0.983,14603,1628980.09,1612771.13,0.3551,"W",35.16,"L"
"fd2020","wilson","kevin","328","NY","federal:house","NY25","C","M",0.455,0.504,7,5128.33,3417.25,1,"W",1.53,"L"
"fd2020","potter","quentin","100","OH","federal:house","OH07","C","M",-1.072,-1.057,76,13895.81,13895.81,1,"W",29.17,"L"
"fd2020","hoffman","madelyn","328","NJ","federal:senate","NJS20","C","F",-1.231,NA,7,6218.86,5763.36,0.001,"W",0.86,"L"
"fd2020","silk","joseph","200","OK","federal:house","OK02","C","M",0.579,0.925,158,29015.66,29015.66,0.127,"L",NA,NA
"fd2020","forbes","wesley","100","OK","federal:house","OK04","C","M",-0.822,NA,4,0,0,NA,NA,NA,NA
"fd2020","slemmons","david","100","OK","federal:house","OK04","C","M",-1.005,NA,30,0,0,0.1942,"L",NA,NA
"fd2020","merrick","jake","200","OK","federal:house","OK05","O","M",1.701,NA,220,8564.85,8564.85,0.0255,"L",NA,NA
"fd2020","heuertz","nick","100","OR","federal:house","OR02","O","M",-1.109,NA,33,0,0,0.3099,"L",NA,NA
"fd2020","christensen","chris","200","OR","federal:house","OR01","C","M",1.627,1.726,8,243.72,771.77,0.5585,"W",35.21,"L"
"fd2020","vaughn","chris","100","OR","federal:house","OR02","O","M",-1.275,NA,2,0,0,0.1824,"L",NA,NA
"fd2020","reynolds","blair","100","OR","federal:house","OR05","C","M",-1.039,-1.068,35,4219.8,1378.87,0.0745,"L",NA,NA
"fd2020","snow","salem","100","PA","federal:house","PA02","C","M",-1.161,NA,422,3219.22,2708.02,NA,NA,NA,NA
"fd2020","desantis","edward","100","PA","federal:house","PA16","C","M",-1.006,NA,2,0,0,NA,NA,NA,NA
"fd2020","sonnek","luisa","100","PA","federal:house","PA16","C","F",-1.139,-1.123,4,0,0,NA,NA,NA,NA
"fd2020","bivens","lydia","100","TN","federal:house","TN04","C","F",-1.132,NA,85,0,0,0.1826,"L",NA,NA
"fd2020","mattlin","meredith","100","TN","federal:house","TN05","C","F",-1.137,-1.152,47,0,0,NA,NA,NA,NA
"fd2020","fallon","patrick","200","TX","federal:house","TX04","C","M",1.344,1.276,2056,257176.31,95067.54,0.5655,"W",76.882327819895,"W"
"fd2020","hernandez","elizabeth","100","TX","federal:house","TX08","C","F",-1.044,-1.053,188,17407.28,15160.97,0.5985,"W",25.47,"L"
"fd2020","worthy","monique","200","TX","federal:house","TX13","O","F",1.639,NA,119,0,0,0.0074,"L",NA,NA
"fd2020","gassaway","timothy","100","TX","federal:house","TX13","O","M",-0.98,-0.984,5,4519.75,540.4,0.2318,"L",NA,NA
"fd2020","hernandez cigarrusita","patrick","200","TX","federal:house","TX16","C","M",1.459,NA,17,0,0,0.0675,"L",NA,NA
"fd2020","morgan","clint","200","TX","federal:house","TX22","O","M",1.249,1.332,10,21760,21760,NA,NA,NA,NA
"fd2020","bauer","mark","328","TX","federal:house","TX24","O","M",0.131,0.169,6,26341.78,26541.78,NA,"L",0.85,"L"
"fd2020","metzger","deanna","200","TX","federal:house","TX24","O","F",1.901,1.697,284,24030,24030,NA,NA,NA,NA
"fd2020","hamilton","darren","328","TX","federal:house","TX24","O","M",1.189,NA,3,570,212,0.001,"W",1.64,"L"
"fd2020","zavala","diego","100","TX","federal:house","TX34","C","M",-1.196,NA,47,0,0,0.1845,"L",NA,NA
"fd2020","sharon","jennifer","200","TX","federal:house","TX35","C","F",1.525,NA,18,19011.1,14442.45,0.3712,"W",29.95,"L"
"fd2020","sloot","sarena","200","WA","federal:house","WA04","C","F",1.733,NA,6,5126.11,5126.11,0.0668,"L",NA,NA
"fd2020","grey bull","lynnette","100","WY","federal:house","WY01","C","F",-1.047,NA,2568,134648.22,132285.65,0.6003,"W",24.58,"L"
"fd2020","fox","richard","200","CA","federal:house","CA18","C","M",1.056,1.069,22,0,0,0.1218,"L",NA,NA
"fd2020","gustafson","claire","200","NJ","federal:house","NJ01","C","F",1.415,0.91,119,36519.78,21761.17,1,"W",37.52,"L"
"fd2020","james","hannah","100","CA","federal:house","CA19","C","F",-1.143,NA,6,0,0,NA,NA,NA,NA
"fd2020","hidalgo","juan","200","CA","federal:house","CA51","C","M",1.465,1.468,146,0,0,NA,NA,31.6952445377562,"L"
"fd2020","cardenas","beatrice","200","CA","federal:house","CA27","C","F",0.095,NA,7,0,0,0.1172,"L",NA,NA
"fd2020","hood","brandon","100","IN","federal:house","IN09","C","M",-1.063,NA,29,0,0,0.1393,"L",NA,NA
"fd2020","robinson","herb","100","MA","federal:house","MA04","C","M",-0.937,-0.893,9,1132.33,362.33,NA,NA,NA,NA
"fd2020","rogers","tim","200","WI","federal:house","WI04","C","M",1.522,1.478,43,0,0,0.5017,"W",22.7,"L"
"fd2020","west","kanye","328","00","federal:president","PRES","C","",0.088,0.111,2900,14538989.74,13210013.02,NA,NA,NA,NA
"fd2020","goldfischer","david","100","CO","federal:senate","COS20","C","M",-1.033,NA,16,0,0,NA,NA,NA,NA
"fd2020","perkins","adrian","100","LA","federal:senate","LAS20","C","M",-0.979,-0.72,22926,2806583.4,2651684.49,NA,"L",19.02,"L"
"fd2020","stock","andrew","100","NE","federal:senate","NES20","C","M",-1.093,NA,10,0,0,0.1138,"L",NA,NA
"fd2020","walsh","bob","328","NM","federal:senate","NMS20","O","M",0.273,0.617,8,8326.01,6895.09,1,"W",2.65,"L"
"fd2020","hart","clara","100","SD","federal:senate","SDS20","C","F",-0.727,-0.918,17,2292.26,2968.64,NA,NA,NA,NA
"fd2020","morrell","kent","200","TN","federal:senate","TNS20","O","M",-0.17,NA,25,2339.91,2339.91,0.2664,"L",NA,NA
"fd2020","knapp","mary","328","VA","federal:senate","VAS20","C","F",1.369,NA,2,0,0,NA,NA,NA,NA
"fd2020","liew","sarah","200","CA","federal:senate","CAS22","C","F",2.278,2.305,10,0,0,NA,NA,NA,NA
"fd2020","smith","michelle","100","MD","federal:senate","MDS22","C","F",-1.746,NA,3,1736.22,21364.97,NA,NA,NA,NA
"fd2020","sare","diane","328","NY","federal:senate","NYS22","C","F",0.117,NA,703,10535,6290.18,NA,NA,NA,NA
"fd2020","sleister","nicolaus","100","WA","federal:senate","WAS22","C","M",-1.511,-1.299,79,2680.24,2676.52,NA,NA,NA,NA
"fd2020","agbede","akinyemi","100","CA","federal:senate","CAS22","C","U",NA,NA,27,0,0,NA,NA,NA,NA
"fd2020","billiot","beryl","328","LA","federal:senate","LAS20","C","F",NA,0.575,9,6374.6,6374.6,NA,"L",0.84,"L"
"fd2020","mcguigan","john","100","PA","federal:senate","PAS22","C","M",-0.893,-0.807,126,112290.47,4513.86,NA,NA,NA,NA
"fd2020","castorani","john","200","AL","federal:house","AL01","O","M",1.216,1.302,13,26809.68,26809.68,0.0148,"L",NA,NA
"fd2020","taylor","jessica","200","AL","federal:house","AL02","O","F",1.297,NA,1116,476139.02,476139.02,0.1988,"L",NA,NA
"fd2020","elliott","joyce","100","AR","federal:house","AR02","C","F",-0.964,-0.716,24874,3543886.52,3540156.67,1,"W",44.63,"L"
"fd2020","ruden","noran","200","AZ","federal:house","AZ02","C","M",1.481,1.567,70,304518.3,303730.21,0.3356,"L",NA,NA
"fd2020","quilter","peter","100","AZ","federal:house","AZ02","C","M",-1.135,-1.018,19,17806,15532.53,0.2367,"L",NA,NA
"fd2020","ward","anne","200","AZ","federal:house","AZ04","C","F",1.329,1.418,175,110341.74,110341.74,0.3687,"L",NA,NA
"fd2020","ramos","javier","100","AZ","federal:house","AZ05","C","M",-1.549,-1.348,5,7072.82,6845.2,0.3938,"L",NA,NA
"fd2020","mangas moniz","rachel","100","CA","federal:house","CA02","C","F",-0.98,-1.018,12,9966.51,10794.15,NA,NA,NA,NA
"fd2020","amador","antonio","200","CA","federal:house","CA09","C","M",1.214,1.158,412,52225,52225,0.3028,"L",42.42,"L"
"fd2020","blevins","ryan","100","CA","federal:house","CA10","C","M",-0.999,-1.033,81,6373.59,6275.89,0.0224,"L",NA,NA
"fd2020","tandon","ritesh","200","CA","federal:house","CA17","C","M",-0.304,-0.108,284,178536.32,178014.57,0.2138,"L",28.65,"L"
"fd2020","papadopoulos","george","200","CA","federal:house","CA25","C","M",1.282,NA,64,135023.92,135023.92,0.0176,"L",NA,NA
"fd2020","lozano","david","200","CA","federal:house","CA25","C","M",1.473,NA,18,8745,7307.79,0.0401,"L",NA,NA
"fd2020","uygur","cenk","100","CA","federal:house","CA25","C","U",-1.115,NA,14402,0,0,0.0591,"L",NA,NA
"fd2020","wright","joanne","200","CA","federal:house","CA34","C","F",1.252,1.394,9,32291.15,32291.15,0.0774,"L",NA,NA
"fd2020","cruz","erin","200","CA","federal:house","CA36","C","F",1.514,1.302,46,54357.6,53981.04,0.2136,"L",39.66,"L"
"fd2020","delgado","antonio","200","CA","federal:house","CA40","C","M",0.963,NA,231,85014.29,79270.37,0.1367,"L",27.26,"L"
"fd2020","issa","darrell","200","CA","federal:house","CA50","O","M",1.357,1.19,5604,16813993.53,16521430.27,0.2315,"W",53.95,"W"
"fd2020","debello","james","200","CA","federal:house","CA52","C","M",1.063,1.348,149,433484.35,424649.57,0.3239,"L",38.42,"L"
"fd2020","meza","annette","100","CA","federal:house","CA53","O","F",-1.157,-1.168,15,10674.1,10670.15,0.0222,"L",NA,NA
"fd2020","oristian","michael","200","CA","federal:house","CA53","O","M",1.579,1.611,32,18601.81,18131.15,0.074,"L",NA,NA
"fd2020","winn","charles","200","CO","federal:house","CO02","C","M",1.46,1.39,112,100537.58,100537.58,1,"W",35.4,"L"
"fd2020","milton","christopher","328","CO","federal:house","CO03","C","M",-0.68,NA,13,24026.42,24026.42,0.001,"W",0.99,"L"
"fd2020","griffin","james","200","CT","federal:house","CT01","C","M",0.833,0.763,26,26927.34,26775.59,0.427,"L",NA,NA
"fd2020","streicker","margaret","200","CT","federal:house","CT03","C","F",0.477,0.477,658,2016070.48,2012375.17,0.001,"W",38.01,"L"
"fd2020","meehan","ryan","200","CT","federal:house","CT05","C","M",1.298,1.352,103,45677.14,45677.14,NA,"L",NA,NA
"fd2020","merk","gregory","200","FL","federal:house","FL01","C","M",0.958,NA,21,20046.08,20640,0.0946,"L",NA,NA
"fd2020","christensen","adam","100","FL","federal:house","FL03","O","M",-1.052,NA,2866,251860.59,254948.08,0.3449,"W",42.86,"L"
"fd2020","rollins","gavin","200","FL","federal:house","FL03","O","M",1.327,1.428,119,186934.21,186934.21,0.1526,"L",NA,NA
"fd2020","st george","james","200","FL","federal:house","FL03","O","M",0.823,1.135,329,1114214.98,1112446.26,0.1411,"L",NA,NA
"fd2020","chase","todd","200","FL","federal:house","FL03","O","M",1.069,1.088,339,401859.27,400686.55,0.095,"L",NA,NA
"fd2020","theus","david","200","FL","federal:house","FL03","O","M",0.937,1.009,20,16330.97,16330.97,0.0218,"L",NA,NA
"fd2020","adler","gary","200","FL","federal:house","FL05","C","M",1.306,1.399,49,146944.18,146944.18,0.5212,"W",34.87,"L"
"fd2020","wagoner","john","200","FL","federal:house","FL05","C","M",1.382,1.471,48,62984.3,40304.12,0.4788,"L",NA,NA
"fd2020","valentin","leo","200","FL","federal:house","FL07","C","M",1.096,NA,424,1045426.18,1028316.45,0.3863,"W",43.24,"L"
"fd2020","diangelus","jean","200","FL","federal:house","FL07","C","F",1.607,NA,15,37333.68,37333.68,NA,NA,NA,NA
"fd2020","wright","christopher","200","FL","federal:house","FL09","C","M",1.887,1.795,10,18915.31,18141.86,0.2266,"L",NA,NA
"fd2020","vessio","nicholas","200","FL","federal:house","FL18","C","M",1.362,1.45,4,99267.54,98241.54,0.1396,"L",NA,NA
"fd2020","keith","pamela","100","FL","federal:house","FL18","C","F",-0.99,-0.971,9969,1674663.15,1670342.93,0.7962,"W",41.51,"L"
"fd2020","eagle","dane","200","FL","federal:house","FL19","O","M",1.169,0.83,1741,0,0,0.2185,"L",NA,NA
"fd2020","severson","daniel","200","FL","federal:house","FL19","O","M",1.482,1.575,36,142554.2,142554.2,0.0308,"L",NA,NA
"fd2020","fitzenhagen","heather","200","FL","federal:house","FL19","O","F",-0.008,0.818,2053,116835.76,116835.76,NA,NA,NA,NA
"fd2020","oconnell","ford","200","FL","federal:house","FL19","O","M",1.072,1.308,257,377171,350591.87,NA,NA,NA,NA
"fd2020","kowal","daniel","200","FL","federal:house","FL19","O","M",0.914,0.985,34,60700,33950.68,0.0109,"L",NA,NA
"fd2020","mclaughlin","christy","200","FL","federal:house","FL19","O","F",1.198,NA,117,0,0,0.0408,"L",NA,NA
"fd2020","felton","elizabeth","200","FL","federal:house","FL21","C","F",0.759,1.221,18,42379.89,42379.89,0.0709,"L",NA,NA
"fd2020","degrammont","vic","200","FL","federal:house","FL20","C","M",1.67,1.68,48,14474.33,14474.33,0.4798,"L",NA,NA
"fd2020","bluemling","michael","200","FL","federal:house","FL21","C","M",1.194,1.578,12,5430.83,6265.95,NA,NA,NA,NA
"fd2020","weiss","guido","100","FL","federal:house","FL21","C","M",-0.847,NA,76,24428.32,23320.69,0.1402,"L",NA,NA
"fd2020","flynn","fran","200","FL","federal:house","FL22","C","F",1.417,1.386,27,193724.02,180775.6,0.2607,"L",NA,NA
"fd2020","kroske","michael","200","FL","federal:house","FL23","C","M",2.07,2.162,21,20909.82,20601.85,0.4872,"L",NA,NA
"fd2020","tarrio","enrique","200","FL","federal:house","FL27","C","M",1.673,NA,7,9526.1,9551.1,NA,NA,NA,NA
"fd2020","spicer","lavern","200","FL","federal:house","FL24","C","U",1.331,1.606,3475,39625.3,39561.16,1,"W",20.4,"L"
"fd2020","cole","donald","200","GA","federal:house","GA02","C","M",1.424,1.504,176,165296.14,163543.92,0.5341,"W",40.88,"L"
"fd2020","stanton king","angela","200","GA","federal:house","GA05","C","F",1.424,1.516,292,310545.06,309313.35,1,"W",14.85,"L"
"fd2020","almonord","valbrun","100","GA","federal:house","GA03","C","U",-1.061,-1.086,407,40761.87,36946.44,1,"W",34.95,"L"
"fd2020","barthelemy","mykel","200","GA","federal:house","GA06","C","M",1.567,NA,18,7056,6637.29,0.0431,"L",NA,NA
"fd2020","wilson","dan","100","GA","federal:house","GA09","O","M",-0.572,NA,15,23132,20328.97,0.2523,"L",NA,NA
"fd2020","wilkinson","john","200","GA","federal:house","GA09","O","M",1.411,1.365,635,174743,174743,0.1162,"L",NA,NA
"fd2020","underwood","ethan","200","GA","federal:house","GA09","O","M",1.472,1.396,161,334150,334150,0.0863,"L",NA,NA
"fd2020","ferguson","andrew","100","GA","federal:house","GA10","C","M",-1.229,-1.102,177,19901.51,19901.51,0.3426,"L",NA,NA
"fd2020","johnson","elizabeth","100","GA","federal:house","GA12","C","F",-0.926,-0.969,1029,72360.98,72360.98,0.8364,"W",41.62,"L"
"fd2020","hites","becky","200","GA","federal:house","GA13","C","F",1.473,1.546,49,63879.77,63306.05,0.6865,"W",22.6,"L"
"fd2020","cowan","john","200","GA","federal:house","GA14","O","M",1.246,1.259,810,1459715.24,1448097.52,0.2101,"L",NA,NA
"fd2020","cooke","kevin","200","GA","federal:house","GA14","O","M",1.514,1.418,296,147624.1,147624.1,0.0616,"L",NA,NA
"fd2020","hembree","bill","200","GA","federal:house","GA14","O","M",1.67,1.337,620,256975,256975,0.0642,"L",NA,NA
"fd2020","underwood","robert","100","GU","federal:house","GU01","C","M",-0.226,-0.462,226,492194.8,491936.86,NA,NA,NA,NA
"fd2020","akana","joseph","200","HI","federal:house","HI02","O","M",0.827,0.875,44,64517.78,66938.15,0.4408,"W",30.88,"L"
"fd2020","soto","rudy","100","ID","federal:house","ID01","C","M",-0.931,-0.978,1604,305168.95,305168.95,0.6576,"W",28.65,"L"
"fd2020","broad","adam","100","IL","federal:house","IL10","C","M",-1.016,-0.926,27,7625.66,7625.66,NA,NA,NA,NA
"fd2020","smith","stefanie","100","IL","federal:house","IL13","C","F",-1.169,NA,97,11770.47,11568.04,0.2354,"L",NA,NA
"fd2020","evans","jerry","200","IL","federal:house","IL14","C","M",1.468,1.511,688,75035.24,75035.24,0.0501,"L",NA,NA
"fd2020","wolff","kerry","200","IL","federal:house","IL15","O","M",1.322,1.408,9,12743.8,12743.8,0.1337,"L",NA,NA
"fd2020","weaver","erika","100","IL","federal:house","IL15","O","F",-1.058,-0.94,397,58744.21,32133.75,0.5191,"W",26.55,"L"
"fd2020","mrvan","frank","100","IN","federal:house","IN01","O","M",-0.585,-0.583,7410,590634.89,476407.3,0.3285,"W",56.64,"W"
"fd2020","haake","sabrina","100","IN","federal:house","IN01","O","F",-1.029,-1.011,495,294263.94,294263.94,0.0485,"L",NA,NA
"fd2020","scaife","delano","200","IN","federal:house","IN01","O","M",-0.872,0.355,10,6805.46,6792.93,0.0502,"L",NA,NA
"fd2020","costello","scott","100","IN","federal:house","IN01","O","M",-1.065,-1.083,15,10723.72,9424.95,0.0125,"L",NA,NA
"fd2020","abernathy","kent","200","IN","federal:house","IN05","O","M",1.244,1.347,226,125322.74,125322.74,0.0564,"L",NA,NA
"fd2020","coldiron","chip","100","IN","federal:house","IN03","C","M",-1.019,-1.009,850,97264.43,93091.48,0.3889,"W",32.16,"L"
"fd2020","spartz","victoria","200","IN","federal:house","IN05","","F",1.423,1.386,6595,3270606.27,3161481.86,0.397,"W",50.02,"W"
"fd2020","smith","susan","200","IN","federal:house","IN07","C","F",1.432,1.544,111,62905.1,59843.39,0.4308,"W",37.56,"L"
"fd2020","marsili","thomasina","100","IN","federal:house","IN08","C","F",-1.037,-0.942,276,68734.44,68480.01,0.3627,"W",29.85,"L"
"fd2020","waymaster","troy","200","KS","federal:house","KS01","O","M",1.262,1.142,533,219942.68,219942.68,NA,NA,NA,NA
"fd2020","perry","robert","328","KY","federal:house","KY02","C","M",1.089,1.11,6,12798.41,7825.3,0.001,"W",2.11,"L"
"fd2020","foster","adrienne","200","KS","federal:house","KS03","C","F",1.458,1.543,789,456638.79,454509.85,0.2008,"L",NA,NA
"fd2020","dela isla","michelle","100","KS","federal:house","KS02","C","F",-0.887,NA,3973,1840565.7,1826448.2,0.7503,"W",40.63,"L"
"fd2020","robinson","randall","200","LA","federal:house","LA05","O","M",0.932,1.002,107,179902.87,179834.96,NA,"L",7.72,"L"
"fd2020","serrano","gerardo","200","KY","federal:house","KY03","C","M",2.271,2.299,6,53755.35,53755.35,0.0885,"L",NA,NA
"fd2020","grossman","rebecca","100","MA","federal:house","MA04","C","F",-0.641,-0.633,1622,1471156.88,1457688.04,0.1811,"L",NA,NA
"fd2020","mermell","jesse","100","MA","federal:house","MA04","C","M",-0.842,NA,3051,1238828.14,1228573.76,0.2104,"L",NA,NA
"fd2020","auchincloss","jake","100","MA","federal:house","MA04","C","M",-0.328,-0.524,4450,2873219.33,2415437.25,0.224,"W",60.83,"W"
"fd2020","cavell","david","100","MA","federal:house","MA04","C","M",-0.897,-0.885,1067,424265.67,424265.67,0.0158,"L",NA,NA
"fd2020","matthew","nick","100","MA","federal:house","MA04","C","M",-1.097,-0.84,110,6283,4318.96,NA,NA,NA,NA
"fd2020","zannetos","christopher","100","MA","federal:house","MA04","C","M",-0.322,-0.422,942,975571.34,969428.24,0.0325,"L",NA,NA
"fd2020","mcquilken","angus","100","MA","federal:house","MA06","C","M",-0.85,-0.724,1809,123669.4,123669.4,0.0966,"L",NA,NA
"fd2020","linos","natalia","100","MA","federal:house","MA04","C","F",-0.806,-0.821,1192,460096.36,460096.36,0.1163,"L",NA,NA
"fd2020","goldstein","robbie","100","MA","federal:house","MA08","O","U",-0.982,NA,2607,593012.33,591540.15,0.3347,"L",NA,NA
"fd2020","simpson","jim","200","MD","federal:house","MD02","C","M",1.435,NA,64,60707.07,60707.07,0.1529,"L",NA,NA
"fd2020","sylvia","mark","100","MA","federal:house","MA09","C","M",-1.034,-0.961,63,35861,30424.99,NA,NA,NA,NA
"fd2020","palombi","christopher","200","MD","federal:house","MD05","C","M",1.384,NA,181,47061.87,45695.38,0.3599,"W",30.97,"L"
"fd2020","bero","maxwell","100","MD","federal:house","MD06","C","M",-1.147,NA,69,6016.98,4335.53,0.2761,"L",NA,NA
"fd2020","branch","talmadge","100","MD","federal:house","MD07","C","M",-0.559,-0.465,1662,93540,93290,NA,NA,NA,NA
"fd2020","matory","liz","200","MD","federal:house","MD07","C","F",1.227,0.664,72,13107.54,14269.34,0.142,"L",NA,NA
"fd2020","hill","terri","100","MD","federal:house","MD07","C","F",-0.884,-0.763,1435,98808.93,95556.31,NA,NA,NA,NA
"fd2020","ivey","amber","328","MD","federal:house","MD07","C","F",-1.412,NA,33,47638.01,49107.7,NA,NA,NA,NA
"fd2020","grant","leslie","100","MD","federal:house","MD07","C","F",-1.058,-0.879,6,18740.54,18740.54,NA,NA,NA,NA
"fd2020","bennett","adrienne","200","ME","federal:house","ME02","C","F",1.248,1.332,829,227047.1,225374.4,0.3219,"L",NA,NA
"fd2020","kelly","timothy","200","MI","federal:house","MI05","C","M",1.572,1.208,626,72426.67,72426.67,0.7926,"W",41.76,"L"
"fd2020","detmer","mike","200","MI","federal:house","MI08","C","M",1.891,1.797,169,40564.55,31936.34,0.286,"L",NA,NA
"fd2020","junge","paul","200","MI","federal:house","MI08","C","M",1.4,1.459,9481,2112467.47,2101990.08,0.3511,"W",47.28,"L"
"fd2020","mcclain","lisa","200","MI","federal:house","MI10","O","F",0.819,1.202,7202,2485337.08,2437181.42,0.4167,"W",66.28,"W"
"fd2020","hernandez","shane","200","MI","state:lower","MI10","","M",1.069,1.177,942,609399.54,609251.84,NA,NA,NA,NA
"fd2020","singh","bisham","200","MI","federal:house","MI10","O","U",0.954,1.074,22,102418.5,101130.02,NA,NA,NA,NA
"fd2020","lemmo","alfred","200","MI","federal:house","MI13","C","M",1.529,1.608,43,670608.35,670608.35,0.1792,"L",NA,NA
"fd2020","patrick","robert","200","MI","federal:house","MI14","C","M",1.394,1.474,16,39670.45,41973.26,0.6542,"W",18.31,"L"
"fd2020","kistner","tyler","200","MN","federal:house","MN02","C","M",1.412,1.484,9134,3053799.7,3019788.03,1,"W",45.92,"L"
"fd2020","barr","regina","200","MN","federal:house","MN02","C","F",1.374,1.282,214,59697.54,59697.54,NA,NA,NA,NA
"fd2020","cashin","erika","200","MN","federal:house","MN02","C","F",1.336,1.427,66,66290.9,66290.9,NA,NA,NA,NA
"fd2020","al aqidi","dalia","200","MN","federal:house","MN05","C","F",1.384,NA,9835,184492.63,184242.19,0.0474,"L",NA,NA
"fd2020","nystrom","quinn","100","MN","federal:house","MN08","C","M",-1.004,-1.003,8527,1560763.97,1557163.52,1,"W",37.55,"L"
"fd2020","simmons","lindsey","100","MO","federal:house","MO04","C","F",-0.958,-0.933,320,401749.9,390437.54,1,"W",29.66,"L"
"fd2020","oglesby","dennis","100","MO","federal:house","MO03","C","M",-1.088,-0.966,152,17053.05,17153.15,0.3315,"L",NA,NA
"fd2020","barham","jerry","200","MO","federal:house","MO05","C","M",NA,1.521,6,197815.22,197815.22,0.3165,"L",NA,NA
"fd2020","eliason","antonia","100","MS","federal:house","MS01","C","F",-1.126,-0.987,131,22530.86,18424.09,1,"W",31.25,"L"
"fd2020","terrell","andrew","100","NC","federal:house","NC02","O","M",-0.983,-0.976,65,34330,34330,NA,NA,NA,NA
"fd2020","deming","robert","200","MS","federal:house","MS04","C","M",1.211,1.297,32,116320,113514.98,0.141,"L",NA,NA
"fd2020","tulp","austin","200","MS","federal:house","MS03","C","M",1.05,1.126,22,25455.05,25223.81,0.1017,"L",NA,NA
"fd2020","swain","alan","200","NC","federal:house","NC02","O","M",1.398,1.415,124,119670.7,119441.48,1,"W",34.83,"L"
"fd2020","foxx","rhonda","100","NC","federal:house","NC06","O","F",-0.782,NA,434,180880.16,180871.05,0.1992,"L",NA,NA
"fd2020","timmons goodson","patricia","100","NC","federal:house","NC08","C","F",-1.038,-1.045,42484,3934273.49,3931198.45,1,"W",46.72,"L"
"fd2020","davis","morris","100","NC","federal:house","NC11","O","M",-1.034,-1.017,18459,2279697.25,2176405.43,0.4733,"W",42.34,"L"
"fd2020","patterson","vance","200","NC","federal:house","NC11","O","M",1.817,1.46,16,146100,39660.66,0.0247,"L",NA,NA
"fd2020","bennett","lynda","200","NC","federal:house","NC11","O","F",1.431,1.523,290,521373.59,520407.5,0.2272,"L",NA,NA
"fd2020","king","joseph","200","NC","federal:house","NC11","O","M",1.291,NA,59,59140.55,59140.55,0.0868,"L",NA,NA
"fd2020","raknerud","zachary","100","ND","federal:house","ND01","C","M",-1.005,-1.021,257,28328.42,26309.58,0.6203,"W",27.57,"L"
"fd2020","harrison","gladys","100","NE","federal:house","NE02","C","F",-0.956,-0.949,215,34276.27,34276.27,0.0665,"L",NA,NA
"fd2020","mayberry","matt","200","NH","federal:house","NH01","C","M",1.043,1.132,229,197506.78,197506.78,0.2655,"L",NA,NA
"fd2020","bennett","ashley","100","NJ","federal:house","NJ02","C","F",-1.027,-0.915,63,9309,9334,NA,NA,NA,NA
"fd2020","harrison","brigid","100","NJ","federal:house","NJ02","C","F",-0.805,-0.665,1564,450486.01,436875.63,0.2225,"L",NA,NA
"fd2020","novak","john","200","NJ","federal:house","NJ03","C","M",0.405,NA,43,60380,56987.3,NA,NA,NA,NA
"fd2020","gibbs","kate","200","NJ","federal:house","NJ03","C","F",0.719,0.767,383,303870,302558.5,0.3886,"L",NA,NA
"fd2020","keady","james","100","NJ","federal:house","NJ04","C","M",-1.105,-1.032,2040,24280.8,24280.8,NA,NA,NA,NA
"fd2020","al khatahtbeh","amani","100","NJ","federal:house","NJ06","C","F",-0.854,NA,154,0,0,0.0383,"L",NA,NA
"fd2020","vander dussen","jared","200","NM","federal:house","NM01","C","M",1.064,1.14,153,189935,189935,0.4015,"L",NA,NA
"fd2020","larios elias","citlaly","200","NV","federal:house","NV01","C","F",0.557,NA,7,5130,4654.56,0.2018,"L",NA,NA
"fd2020","fleming","bridget","100","NY","federal:house","NY01","C","F",-0.84,-0.748,5514,892366.76,880654.61,0.275,"L",NA,NA
"fd2020","lipetri","mike","200","NY","federal:house","NY02","O","M",0.96,1.017,1197,235568.04,229120.25,0.3573,"L",NA,NA
"fd2020","raiser","steve","200","NY","federal:house","NY04","C","M",1.164,1.136,17,37265,36230.89,NA,NA,NA,NA
"fd2020","grosz","cindy","200","NY","federal:house","NY04","C","F",0.822,0.934,56,15594.96,15594.96,0.2782,"L",NA,NA
"fd2020","tuman","douglas","200","NY","federal:house","NY04","C","M",0.616,0.787,184,136166.18,132223.76,0.7065,"W",39.21,"L"
"fd2020","prince","paperboy","100","NY","federal:house","NY07","C","U",-1.176,NA,252,7247.17,0,0.1985,"L",NA,NA
"fd2020","wyman","robert","100","NY","federal:house","NY10","C","M",-1.088,-1.004,4,6572.9,612.4,NA,NA,NA,NA
"fd2020","gwinn","lovelynn","200","NY","federal:house","NY13","C","U",1.383,1.408,57,41348.2,41348.2,1,"W",7.76,"L"
"fd2020","newsome","chivona","100","NY","federal:house","NY15","O","F",-0.883,-0.883,245,38594.45,33907,0.023,"L",NA,NA
"fd2020","caruso cabrera","michelle","100","NY","federal:house","NY14","C","F",1.036,1.108,6522,3552126.78,3421694.96,0.1812,"L",NA,NA
"fd2020","fink","chris","100","NY","federal:house","NY16","C","M",0.245,0.183,213,254784,261285.57,0.0182,"L",NA,NA
"fd2020","buchwald","david","100","NY","federal:house","NY17","O","M",-0.815,-0.823,1509,1069648.18,1069648.18,0.0847,"L",NA,NA
"fd2020","fine","allison","100","NY","federal:house","NY17","O","F",-0.887,-0.913,987,369865.9,368934.68,0.0202,"L",NA,NA
"fd2020","parker","catherine","100","NY","federal:house","NY17","O","F",-0.662,-0.622,645,131046.98,130967.78,0.0195,"L",NA,NA
"fd2020","farkas","evelyn","100","NY","federal:house","NY17","O","F",-0.754,-0.899,4095,1545466.76,1534185.28,0.155,"L",NA,NA
"fd2020","seney","michael","200","NY","federal:house","NY20","C","M",1.252,1.335,9,41823.4,71584.3,NA,NA,NA,NA
"fd2020","mcardle schulman","maureen","200","NY","federal:house","NY17","O","F",1.06,1.46,61,54731.96,60083.7,0.7624,"W",35.24,"L"
"fd2020","castle","jaime","100","OH","federal:house","OH02","C","U",-0.965,-0.919,1787,292439.94,279714.21,1,"W",38.91,"L"
"fd2020","carrigan","michael","100","OH","federal:house","OH05","C","M",-1.107,NA,52,6279.71,5976.04,0.2252,"L",NA,NA
"fd2020","tims","desiree","100","OH","federal:house","OH10","C","F",-0.997,-0.958,10712,2069987.75,2053237.92,0.7005,"W",41.64,"L"
"fd2020","gore","laverne","200","OH","federal:house","OH11","C","F",1.315,1.266,132,164412.46,164194.91,0.4731,"W",19.95,"L"
"fd2020","santos","robert","200","OH","federal:house","OH13","C","M",1.65,1.73,14,5450,5450,0.1143,"L",NA,NA
"fd2020","newby","joel","100","OH","federal:house","OH15","C","M",-0.987,-0.991,500,56016.96,56016.96,0.6565,"W",36.57,"L"
"fd2020","landon","sheldon","200","OK","federal:house","OK05","C","M",1.296,NA,13,11535.23,13682.02,0.0134,"L",NA,NA
"fd2020","barresi","janet","200","OK","federal:house","OK05","C","F",1.397,1.16,936,632956.65,632956.65,0.0999,"L",NA,NA
"fd2020","bentz","cliff","200","OR","federal:house","OR02","O","M",1.059,0.945,2281,1452634.25,1363581.04,0.3135,"W",59.86,"W"
"fd2020","crumpacker","jimmy","200","OR","federal:house","OR02","O","M",0.773,0.858,513,998842.48,998842.48,0.1799,"L",NA,NA
"fd2020","hecker","frank","200","OR","federal:house","OR03","C","M",1.698,1.733,7,14000,12558.2,0.1233,"L",NA,NA
"fd2020","harbour","joanna","200","OR","federal:house","OR03","C","F",1.579,1.289,57,17681,14502.36,0.6279,"W",23.5,"L"
"fd2020","barnette","kathy","200","PA","federal:house","PA04","C","F",1.423,1.515,19263,1033900.56,918151.56,0.9998,"W",40.43,"L"
"fd2020","jordan","robert","200","PA","federal:house","PA05","C","M",1.232,1.314,5,25210.44,23261.11,0.3823,"L",NA,NA
"fd2020","marsicano","michael","200","PA","federal:house","PA08","C","M",-0.126,0.043,58,352257.8,352257.8,0.1293,"L",NA,NA
"fd2020","cammisa","mike","200","PA","federal:house","PA08","C","M",0.507,0.781,14,12066.7,12066.7,0.0239,"L",NA,NA
"fd2020","hammond","sarah","100","PA","federal:house","PA11","C","F",-1.081,-1.051,347,28733.44,23458.48,0.7233,"W",36.84,"L"
"fd2020","daigle","paul","100","PA","federal:house","PA11","C","M",-1.145,-1.086,53,12852.26,13975.48,0.2767,"L",NA,NA
"fd2020","gnibus","kristy","100","PA","federal:house","PA16","C","F",-0.987,-0.987,3576,593634.9,588883.83,0.9929,"W",40.62,"L"
"fd2020","negron","luke","200","PA","federal:house","PA18","C","M",1.447,1.539,77,64885.2,58837.12,0.9749,"W",30.69,"L"
"fd2020","albors","juan","328","PR","federal:house","PR01","C","M",-1.216,-1.107,8,80746.92,80746.92,NA,NA,NA,NA
"fd2020","lancia","bob","200","RI","federal:house","RI02","C","M",0.968,1.372,284,56749.2,49076.66,0.7345,"W",41.54,"L"
"fd2020","welch","mark","100","SC","federal:house","SC03","C","M",-1.087,-1.083,18,7713.94,7525.94,0.4265,"L",NA,NA
"fd2020","brown","mauricus","100","SC","federal:house","SC05","C","M",-0.732,NA,2086,487658.58,484305.45,0.6791,"W",39.86,"L"
"fd2020","walsingham","blair","100","TN","federal:house","TN01","O","M",-1.03,-0.95,1440,185084.45,177548,0.5274,"W",22.47,"L"
"fd2020","clark","john","200","TN","federal:house","TN01","O","M",0.984,1.056,160,949544.6,949544.6,0.0936,"L",NA,NA
"fd2020","gapp","joshua","200","TN","federal:house","TN01","O","M",2.111,2.131,7,1123643.6,1118481.09,0.1419,"L",NA,NA
"fd2020","harshbarger","diana","200","TN","federal:house","TN01","O","F",1.18,1.403,9952,2128671.5,1870825.67,0.1917,"W",74.71,"W"
"fd2020","hawk","david","200","TN","federal:house","TN01","O","M",0.867,1.24,47,55349.99,55349.99,0.05,"L",NA,NA
"fd2020","bautista jones","justin","100","TN","federal:house","TN05","C","M",-1.152,NA,303,27974.74,6958.55,NA,NA,NA,NA
"fd2020","scheirman","elliott","328","TX","federal:house","TX02","C","M",0.877,NA,16,15374.09,14295.52,0.001,"W",1.59,"L"
"fd2020","olsen","travis","100","TX","federal:house","TX02","C","M",-0.701,-0.695,139,44619.08,44619.08,0.2133,"L",NA,NA
"fd2020","ross","jason","200","TX","federal:house","TX04","C","M",1.219,1.302,161,105312.08,105312.08,0.2345,"L",NA,NA
"fd2020","ransom","travis","200","TX","federal:house","TX04","C","M",1.07,NA,78,56340,26435.02,0.1103,"L",NA,NA
"fd2020","salter","carolyn","100","TX","federal:house","TX05","C","F",-0.779,-0.879,526,318997.93,290261.65,1,"W",35.93,"L"
"fd2020","hill","donald","200","TX","federal:house","TX05","C","M",1.609,NA,27,46685.74,46309.66,0.1657,"L",NA,NA
"fd2020","batch","brandon","200","TX","federal:house","TX11","O","M",1.421,1.549,161,235492.6,234394.06,0.151,"L",NA,NA
"fd2020","martinez","julian","200","TX","federal:house","TX09","C","M",1.402,1.418,9,18160,18160,0.1727,"L",NA,NA
"fd2020","osborn","kirk","200","TX","federal:house","TX08","C","M",1.77,1.874,25,51233.39,51233.39,0.1619,"L",NA,NA
"fd2020","faircloth","james","200","TX","federal:house","TX11","O","M",1.442,1.346,51,130494.53,130494.53,0.0396,"L",NA,NA
"fd2020","snider","vance","200","TX","federal:house","TX13","O","M",-0.412,-0.394,21,45386.88,45406.88,0.0349,"L",NA,NA
"fd2020","ekstrom","chris","200","TX","federal:house","TX13","O","M",1.442,1.534,182,1320433.99,1317997.39,0.1532,"L",NA,NA
"fd2020","resendiz","asusena","200","TX","federal:house","TX13","O","F",0.565,NA,19,68686,51531.95,0.0081,"L",NA,NA
"fd2020","fisher","eddie","100","TX","federal:house","TX14","C","M",-1.535,-1.488,7,3966.05,5539.52,0.1174,"L",NA,NA
"fd2020","harvey","erwin","200","TX","federal:house","TX13","O","M",1.229,1.312,45,131485.22,131485.22,0.0382,"L",NA,NA
"fd2020","trout","blanca","200","TX","federal:house","TX16","C","F",1.63,NA,6,6913.46,5446.78,0.1019,"L",NA,NA
"fd2020","sutton","trent","200","TX","federal:house","TX17","O","M",1.495,1.593,44,110964,110710.39,0.0533,"L",NA,NA
"fd2020","jaramillo","david","100","TX","federal:house","TX17","O","M",-0.789,-0.785,31,21246.05,17942.91,0.35,"L",NA,NA
"fd2020","bland","scott","200","TX","federal:house","TX17","O","M",1.237,1.319,172,181705.7,181705.7,0.072,"L",NA,NA
"fd2020","kent","charles","200","TX","federal:house","TX17","O","M",1.94,2.046,16,40360,39333.64,0.0345,"L",NA,NA
"fd2020","swann","renee","200","TX","federal:house","TX17","O","F",1.356,1.456,353,1082996,1082996,0.1904,"L",NA,NA
"fd2020","miller","diana","200","TX","federal:house","TX22","O","F",2.275,2.235,4,20774.1,20773.95,0.0105,"L",NA,NA
"fd2020","chevalier","keli","200","TX","federal:house","TX22","O","F",1.557,1.652,12,25055.95,30332.92,NA,NA,NA,NA
"fd2020","mathews","daniel","200","TX","federal:house","TX22","O","M",2.137,2,4,17075,16965.19,0.0296,"L",NA,NA
"fd2020","nehls","troy","200","TX","federal:house","TX22","O","M",1.343,1.347,3516,1818077.11,1798160.47,0.4045,"W",51.53,"W"
"fd2020","camarillo","jonathan","200","TX","federal:house","TX22","O","M",1.931,2.026,10,123036.07,123036.07,0.0098,"L",NA,NA
"fd2020","mcfarlin","jeff","200","TX","federal:house","TX23","O","M",1.428,1.521,66,93360.78,93360.78,0.1035,"L",NA,NA
"fd2020","dela fuente","ricardo","100","TX","federal:house","TX27","C","M",0.249,0.07,16,1262407.84,1262407.84,0.6145,"W",34.94,"L"
"fd2020","cleveland","shenita","100","TX","federal:house","TX30","C","F",-1.041,-0.788,144,18564.04,20456.8,0.1364,"L",NA,NA
"fd2020","grimes","michael","100","TX","federal:house","TX31","C","M",-0.547,-0.68,27,18600,15321.75,0.1084,"L",NA,NA
"fd2020","moutos","nick","200","TX","federal:house","TX35","C","M",1.644,1.745,8,43288.75,43288.75,0.2859,"L",NA,NA
"fd2020","hollis","jon","200","TX","federal:house","TX32","C","M",1.479,1.574,64,163542.77,163382.21,0.0449,"L",NA,NA
"fd2020","shepherd","mark","200","UT","federal:house","UT01","O","M",0.834,0.898,145,58613.24,58613.24,NA,"L",NA,NA
"fd2020","parry","darren","100","UT","federal:house","UT01","O","M",-0.762,-0.762,258,44801.24,44486.63,0.5093,"W",30.43,"L"
"fd2020","gibson","kerry","200","UT","federal:house","UT01","O","U",1.123,1.2,171,260505.99,260505.99,0.2364,"L",NA,NA
"fd2020","jarvis","joseph","328","UT","federal:house","UT02","C","M",0.1,0.122,22,28589,28589,NA,NA,NA,NA
"fd2020","jolin","ashley","100","UT","federal:house","UT02","C","F",-0.987,-0.992,44,10396.42,8870.01,NA,NA,NA,NA
"fd2020","owens","burgess","200","UT","federal:house","UT04","C","M",1.473,NA,29995,5149325.14,5068995.95,0.00435152922957801,"W",47.7,"W"
"fd2020","beckstrand","daniel","100","UT","federal:house","UT04","C","M",-1.19,NA,36,8363.61,8792.28,NA,"L",NA,NA
"fd2020","loyola","benito","200","VA","federal:house","VA02","C","M",1.21,1.244,388,256328.05,256328.05,0.2935,"L",NA,NA
"fd2020","benjamin","leon","200","VA","federal:house","VA04","C","M",1.412,1.486,1401,546613.56,524688.86,1,"W",38.23,"L"
"fd2020","good","robert","200","VA","federal:house","VA05","C","M",1.446,1.541,2419,1379028.99,1328692.64,1,"W",52.44,"W"
"fd2020","russo","claire","100","VA","federal:house","VA05","C","F",-0.816,NA,1636,729948.46,729948.46,0.1819,"L",NA,NA
"fd2020","freitas","nick","200","VA","federal:house","VA07","C","M",1.451,NA,7503,3670266.03,3640943.04,1,"W",49,"L"
"fd2020","jordan","jeff","200","VA","federal:house","VA08","C","M",1.534,1.609,267,103259.95,103259.95,1,"W",23.98,"L"
"fd2020","andrews","aliscia","200","VA","federal:house","VA10","C","F",1.493,NA,5480,1574329.92,1419877.44,1,"W",43.37,"L"
"fd2020","truong","matthew","200","VA","federal:house","VA10","C","M",1.553,1.57,128,121406.09,114563.15,NA,"L",NA,NA
"fd2020","parson","rebecca","100","WA","federal:house","WA06","C","F",-1.115,-1.103,4270,313328.47,311141.84,0.1348,"L",NA,NA
"fd2020","wilson","dave","100","WA","federal:house","WA05","C","M",-1.05,-0.633,290,112782.51,112782.51,0.2427,"L",38.51,"L"
"fd2020","strickland","marilyn","100","WA","federal:house","WA10","O","F",-0.799,-0.792,5782,1834687.52,1802661.97,0.2035,"W",49.33,"W"
"fd2020","ingrim","rian","200","WA","federal:house","WA10","O","M",1.637,1.642,9,9005,9005,0.1137,"L",NA,NA
"fd2020","gardner","phil","100","WA","federal:house","WA10","O","M",-0.926,-0.926,631,203814.27,203465.13,0.0234,"L",NA,NA
"fd2020","lemay","eric","100","WA","federal:house","WA10","C","M",0.576,NA,10,11903.5,12551.12,0.0136,"L",NA,NA
"fd2020","maynard","jackson","200","WA","federal:house","WA10","O","M",1.034,1.268,114,68702.77,68149.96,0.082,"L",NA,NA
"fd2020","polack","roger","100","WI","federal:house","WI01","C","M",-0.99,-0.993,2880,547347.46,537550.56,0.5808,"W",40.61,"L"
"fd2020","garske","john","200","WI","federal:house","WI03","C","M",1.477,1.571,30,121475.79,121475.79,NA,NA,NA,NA
"fd2020","king","jessica","100","WI","federal:house","WI06","C","F",-1.139,-0.933,11485,295057.07,252835.16,0.7589,"W",40.72,"L"
"fd2020","opela","michael","200","WI","federal:house","WI07","C","M",1.312,NA,5,6971,6714,NA,NA,NA,NA
"fd2020","washburn","amy","100","WI","federal:house","WI06","C","F",-1.092,-1.097,456,15484.06,6492.96,NA,NA,NA,NA
"fd2020","zunker","tricia","100","WI","federal:house","WI07","C","F",-1.033,NA,3810,1276509.66,1247242.62,0.999,"W",39.21,"L"
"fd2020","beach","carl","100","WY","federal:house","WY01","C","M",-1.109,NA,55,8591.85,8591.85,0.1742,"L",NA,NA
"fd2020","hahn","matthew","200","WV","federal:house","WV02","C","M",-1.415,-1.305,21,17795,17082.56,0.2827,"L",NA,NA
"fd2020","wallack","howard","200","UT","federal:house","UT01","O","M",0.383,0.557,149,113442.39,113442.39,NA,"L",NA,NA
"fd2020","davis","bruce","100","NC","federal:house","NC06","O","M",-0.128,-0.074,392,55393.57,85955.52,0.1503,"L",NA,NA
"fd2020","quinn","christine","200","FL","federal:house","FL14","C","F",1.378,1.489,95,242249.39,241291.87,0.6449,"W",39.74,"L"
"fd2020","mckinley","douglas","100","WA","federal:house","WA04","C","M",-1.103,-0.882,293,61816.45,58325.87,0.2625,"L",33.63,"L"
"fd2020","cunningham","william","100","NJ","federal:house","NJ02","C","M",-0.944,NA,1387,184857.96,184852.88,0.1279,"L",NA,NA
"fd2020","montoya","harry","200","NM","federal:house","NM03","O","M",-0.358,0.194,582,22620.08,22620.08,0.3542,"L",NA,NA
"fd2020","blankenship","don","328","00","federal:president","PRES","C","M",1.172,1.114,7,83880.2,83880.2,NA,NA,NA,NA
"fd2020","theron","daniel","200","WI","federal:house","WI02","C","M",1.594,1.383,128,47898.2,46122.41,0.9973,"W",30.25,"L"
"fd2020","bloomberg","michael","100","00","federal:president","PRES","C","M",-0.873,-0.472,128,1124592944.73,1121170037.27,NA,NA,NA,NA
"fd2020","matern","matthew","200","00","federal:president","PRES","C","M",-0.994,-0.944,34,1027067.96,1027067.96,NA,NA,NA,NA
"fd2020","tanniru","joseph","328","00","federal:president","PRES","C","M",-0.995,NA,21,25816.42,25738.18,NA,NA,NA,NA
"fd2020","gray","jim","328","00","federal:president","PRES","C","M",1.198,NA,3,6146,6146,NA,NA,NA,NA
"fd2020","whitfield","daniel","328","AR","federal:senate","ARS20","C","M",-0.989,-1.102,390,71805.93,51496.77,NA,NA,NA,NA
"fd2020","johnson shealey","tamara","100","GA","federal:senate","GAS20","C","F",-1.295,-1.325,122,60708.99,64645.45,NA,NA,NA,NA
"fd2020","demartino","james","200","DE","federal:senate","DES20","C","M",1.572,1.602,127,55943.47,28916.43,0.4311,"L",NA,NA
"fd2020","scarane","jessica","100","DE","federal:senate","DES20","C","F",-1.142,-0.99,4138,384242.82,365199.01,0.2715,"L",NA,NA
"fd2020","loeffler","kelly","200","GA","federal:senate","GAS20","I","F",1.56,1.352,418037,92213280.74,70957315.59,NA,NA,NA,NA
"fd2020","johnson","arthur","200","GA","federal:senate","GAS20","C","M",1.549,1.439,137,152275,148087.52,NA,NA,NA,NA
"fd2020","winfield","richard","100","GA","federal:senate","GAS20","C","M",-1.074,-1.061,531,61019.99,55517.2,NA,NA,NA,NA
"fd2020","collins","douglas","200","GA","federal:senate","GAS20","C","M",1.322,1.393,13162,7331207.13,7310435.63,NA,NA,NA,NA
"fd2020","tarver","edward","100","GA","federal:senate","GAS20","C","M",-0.815,-0.47,988,285832.19,283432.29,NA,NA,NA,NA
"fd2020","grayson","derrick","200","GA","federal:senate","GAS20","C","M",1.475,1.567,32,18060.84,13201.93,NA,NA,NA,NA
"fd2020","stovall","valencia","328","GA","federal:senate","GAS20","C","F",0.691,0.151,14,23107.37,23107.37,NA,NA,NA,NA
"fd2020","jordan","paulette","100","ID","federal:senate","IDS20","C","F",-1.056,NA,7093,1124856.87,1109703.93,0.857,"W",33.25,"L"
"fd2020","matlock","brian","200","KS","federal:senate","KSS20","O","M",0.411,0.256,14,21738.08,20411.98,0.017,"L",NA,NA
"fd2020","malouf","daniel","328","IL","federal:senate","ILS20","C","M",1.157,1.245,9,25071.98,24358.98,0.001,"W",1.27,"L"
"fd2020","booker","charles","100","KY","federal:senate","KYS20","C","M",-1.086,-1.067,139853,0,0,0.4262,"L",NA,NA
"fd2020","pierce","antoine","100","LA","federal:senate","LAS20","C","M",-1.023,-0.571,1012,100626.6,54892.44,NA,"L",2.69,"L"
"fd2020","oconnor","kevin","200","MA","federal:senate","MAS20","C","M",0.894,NA,1849,947013.91,884050.83,0.5971,"W",33.04,"L"
"fd2020","neumann","cora","100","MT","federal:senate","MTS20","C","F",-0.96,-0.942,7052,644229.48,550287.11,NA,NA,NA,NA
"fd2020","shelton","alisha","100","NE","federal:senate","NES20","C","F",-0.993,-1.03,2597,54275.36,38266.86,0.2275,"L",NA,NA
"fd2020","hamm","lawrence","100","NJ","federal:senate","NJS20","C","M",-1.082,-1.068,683,100795.97,100112.81,0.1241,"L",NA,NA
"fd2020","sanchez","louie","200","NM","federal:senate","NMS20","O","M",1.368,1.461,81,162470.6,158684.66,NA,NA,NA,NA
"fd2020","broyles","abby","100","OK","federal:senate","OKS20","C","F",-0.832,-0.799,11007,2089401.41,2062803.89,0.6045,"W",32.75,"L"
"fd2020","ahlers","dan","100","SD","federal:senate","SDS20","C","M",-0.994,-0.897,1158,273832.8,253114.09,1,"W",34.26,"L"
"fd2020","waters","allen","200","RI","federal:senate","RIS20","C","M",1.258,1.323,286,29725.75,22367.71,1,"W",33.35,"L"
"fd2020","bush","byron","200","TN","federal:senate","TNS20","O","M",2.102,2.134,12,441099.06,404309.27,0.0083,"L",NA,NA
"fd2020","presley","johnny","200","TN","federal:senate","TNS20","O","M",1.494,1.272,12,40465,17780.03,NA,NA,NA,NA
"fd2020","kimbrough","robin","100","TN","federal:senate","TNS20","O","F",-1.011,-0.897,238,28868.57,27122.05,0.3941,"L",NA,NA
"fd2020","pickrell","mark","100","TN","federal:senate","TNS20","O","M",-1.427,-1.339,4,43677.09,51170.71,0.5075,"W",62.2,"W"
"fd2020","osborne","john","200","TN","federal:senate","TNS20","O","M",1.338,1.262,90,101489.05,101489.05,0.0029,"L",NA,NA
"fd2020","bell","robert","100","TX","federal:senate","TXS20","C","M",-0.532,-0.519,683,399244.98,396922.71,0.0855,"L",NA,NA
"fd2020","dunn","blaine","200","VA","federal:senate","VAS20","C","M",1.967,1.922,7,21400.01,21400.01,NA,NA,NA,NA
"fd2020","garcia","anne","100","TX","federal:senate","TXS20","C","F",-1.183,-1.129,41,82008.43,82008.43,0.1027,"L",NA,NA
"fd2020","short","robert","200","WY","federal:senate","WYS20","O","M",1.455,1.551,60,374858.71,375568.38,0.1266,"L",NA,NA
"fd2020","perkins","jo","200","OR","federal:senate","ORS20","C","F",1.505,1.576,1218,285847.2,234491.94,0.4922,"W",39.32,"L"
"fd2020","buckley","allen","328","GA","federal:senate","GAS20","C","M",1.062,1.182,53,23597.62,23597.62,NA,NA,NA,NA
"fd2020","underwood","erik","100","CO","federal:senate","COS20","C","M",2.231,2.255,6,22488.06,22000,NA,NA,NA,NA
"fd2020","trauner","gary","100","WY","federal:senate","WYS18","C","M",-1.014,NA,1453,0,0,NA,NA,NA,NA
"fd2020","jenkins","evan","200","WV","federal:senate","WVS18","C","M",1.281,0.997,3790,650,3176.55,NA,NA,NA,NA
"fd2020","vukmir","leah","200","WI","federal:senate","WIS18","C","F",NA,1.409,6823,2907.61,44675.67,NA,NA,NA,NA
"fd2020","waters","matt","328","VA","federal:senate","VAS18","C","M",1.648,1.565,43,11978.63,14096.12,NA,NA,NA,NA
"fd2020","stewart","corey","200","VA","federal:senate","VAS18","C","M",1.731,1.593,3115,22753.05,52448.19,NA,NA,NA,NA
"fd2020","singer","james","100","UT","federal:senate","UTS18","O","M",-1.033,NA,163,0,0,NA,NA,NA,NA
"fd2020","dikeman","neal","328","TX","federal:senate","TXS18","C","M",0.389,1.079,31,457.3,790.71,NA,NA,NA,NA
"fd2020","bredesen","philip","100","TN","federal:senate","TNS18","O","M",-1.286,-0.735,35163,658.63,160654.46,NA,NA,NA,NA
"fd2020","barletta","lou","200","PA","federal:senate","PAS18","C","M",1.011,0.771,9693,26858.53,71214.88,NA,NA,NA,NA
"fd2020","renacci","james","200","OH","federal:senate","OHS18","C","M",1.278,1.241,6573,18800.21,19839.84,NA,NA,NA,NA
"fd2020","rich","mick","200","NM","federal:senate","NMS20","C","M",1.246,1.298,477,265940.67,267219.12,NA,NA,NA,NA
"fd2020","hugin","robert","200","NJ","federal:senate","NJS18","C","M",0.94,0.952,1709,180106.92,303079.88,NA,NA,NA,NA
"fd2020","raybould","jane","100","NE","federal:senate","NES18","C","F",-1.039,-0.838,4826,7165.63,8631.79,NA,NA,NA,NA
"fd2020","downing","troy","200","MT","federal:senate","MTS18","C","M",NA,1.419,9069,0,416.43,NA,NA,NA,NA
"fd2020","espy","michael","100","MS","federal:senate","MSS20","C","M",-0.949,-0.527,158249,12320919.34,12439496.96,0.9312,"W",44.13,"L"
"fd2020","trooien","jerry","328","MN","federal:senate","MNS18","C","M",0.766,0.833,6,6357.9,7042.22,NA,NA,NA,NA
"fd2020","ellison","brian","328","MI","federal:senate","MIS18","C","M",NA,1.317,15,0,0,NA,NA,NA,NA
"fd2020","ringelstein","zackary","100","ME","federal:senate","MES18","C","M",-1.116,-1.098,429,713.73,3876.68,NA,NA,NA,NA
"fd2020","manning","chelsea","100","MD","federal:senate","MDS18","C","F",NA,-0.901,865,60,60,NA,NA,NA,NA
"fd2020","takami","andrew","200","IN","federal:senate","INS18","C","M",1.594,1.448,82,743.75,1692.57,NA,NA,NA,NA
"fd2020","truono","eugene","200","DE","federal:senate","DES18","C","M",1.181,1.12,87,12379,12452.5,NA,NA,NA,NA
"fd2020","corey","matthew","200","CT","federal:senate","CTS18","C","M",1.462,1.267,833,600,17967.96,NA,NA,NA,NA
"fd2020","cruz","erin","200","CA","federal:senate","CAS18","C","F",1.514,1.302,46,1240.39,1932.97,NA,NA,NA,NA
"fd2020","deleon","kevin","100","CA","federal:senate","CAS18","C","M",-0.894,NA,5920,7676.63,45963.7,NA,NA,NA,NA
"fd2020","sinema","kyrsten","100","AZ","federal:senate","AZS24","C","F",-0.611,-0.752,73123,3625299.95,1341085.36,NA,NA,NA,NA
"fd2020","hatch","orrin","200","UT","federal:senate","UTS18","C","M",NA,1.207,16147,1190,905379.28,NA,NA,NA,NA
"fd2020","harris","kamala","100","CA","federal:senate","CAS22","I","F",-1.033,-0.878,391398,521161.53,1836891.67,NA,NA,NA,NA
"fd2020","sessions","jefferson","200","AL","federal:senate","ALS20","C","M",1.309,1.362,12643,2363736.53,4859196.4,0.3164,"L",NA,NA
"fd2020","leahy","patrick","100","VT","federal:senate","VTS22","I","M",-0.807,-0.483,29484,418415.39,588615.68,NA,NA,NA,NA
"fd2020","scott","timothy","200","SC","federal:senate","SCS22","I","M",1.386,1.101,264750,9283406.87,5514650.75,NA,NA,NA,NA
"fd2020","mcdaniel","christopher","200","MS","federal:senate","MSS18","O","M",1.747,1.417,2617,1165.96,9009.95,NA,NA,NA,NA
"fd2020","schatz","brian","100","HI","federal:senate","HIS22","I","M",-0.621,-0.651,13502,1188435.33,736025.64,NA,NA,NA,NA
"fd2020","heller","dean","200","NV","federal:senate","NVS18","C","M",NA,1.282,10999,271371.29,214036.68,NA,NA,NA,NA
"fd2020","king","angus","100","ME","federal:senate","MES24","C","M",-0.371,-0.524,9478,330324.36,327348.95,NA,NA,NA,NA
"fd2020","lee","mike","200","UT","federal:senate","UTS22","I","M",1.28,1.121,95982,1140180.24,831284.3,NA,NA,NA,NA
"fd2020","hoeven","john","200","ND","federal:senate","NDS22","I","M",1.066,1.26,7188,745918.47,402834.02,NA,NA,NA,NA
"fd2020","leitzel","dustin","100","CO","federal:senate","COS20","C","M",-0.899,-0.97,80,0,1957.13,NA,NA,NA,NA
"fd2020","castro","julian","100","00","federal:president","PRES","C","M",-1.04,NA,144051,10693815.1,10713402.14,NA,NA,NA,NA
"fd2020","nwadike","kenneth","100","00","federal:president","PRES","C","M",-1.125,NA,12,0,0,NA,NA,NA,NA
"fd2020","stanley","blake","200","WY","federal:house","WY01","C","M",NA,1.892,9,5064.38,5622.99,0.2612,"L",NA,NA
"fd2020","ojeda","richard","100","WV","federal:house","WV03","O","M",-1.026,-0.946,9805,15865.49,22788.67,NA,NA,NA,NA
"fd2020","scheinberg","aaron","100","WV","federal:house","WV02","C","M",NA,-0.821,708,4000,65767.35,NA,NA,NA,NA
"fd2020","liegeois","beau","100","WI","federal:house","WI08","C","M",-1.008,-0.971,940,4944.65,19438.45,NA,NA,NA,NA
"fd2020","kohl","dan","100","WI","federal:house","WI06","C","M",-0.913,NA,2845,2106.6,3139.54,NA,NA,NA,NA
"fd2020","polce","nick","200","WI","federal:house","WI01","O","M",2.172,2.02,95,11286,15321,NA,NA,NA,NA
"fd2020","bryce","randy","100","WI","federal:house","WI01","O","M",-1.062,-1.029,74949,82797.5,72977,NA,NA,NA,NA
"fd2020","slotnick","nancy","328","WA","federal:house","WA10","C","F",1.44,1.643,28,56599,55882.81,0.0673,"L",NA,NA
"fd2020","hader","shannon","100","WA","federal:house","WA08","O","F",NA,-0.979,1185,3073.18,20607.63,NA,NA,NA,NA
"fd2020","brown","christine","100","WA","federal:house","WA04","C","F",-1.222,-0.97,594,12.7,7138.04,NA,NA,NA,NA
"fd2020","beeler","jeffrey","200","WA","federal:house","WA01","C","M",1.429,1.379,73,61969.54,62279.24,0.3213,"L",41.33,"L"
"fd2020","dove","jeffery","200","VA","federal:house","VA10","C","M",1.543,1.569,903,529296.19,549262.89,NA,"L",NA,NA
"fd2020","flaccavento","anthony","100","VA","federal:house","VA09","C","M",-1.137,-0.995,1518,0,0,NA,NA,NA,NA
"fd2020","spanberger","abigail","100","VA","federal:house","VA07","I","F",-0.95,-0.92,40060,8494947.77,7959480.65,1,"W",50.82,"W"
"fd2020","lewis","jennifer","100","VA","federal:house","VA06","O","F",-1.07,-1.061,1871,0,0,NA,NA,NA,NA
"fd2020","cockburn","leslie","100","VA","federal:house","VA05","O","F",-1.014,-0.918,4478,60649.38,68060.81,NA,NA,NA,NA
"fd2020","mcadams","ryan","200","VA","federal:house","VA04","C","M",1.355,1.488,189,1500,1958.38,NA,NA,NA,NA
"fd2020","ghorbani","shireen","100","UT","federal:house","UT02","C","F",-1.056,-0.93,1485,0,17870.02,NA,NA,NA,NA
"fd2020","steele","dayna","100","TX","federal:house","TX36","C","F",-1.019,-0.978,1707,0,0,NA,NA,NA,NA
"fd2020","billups","willie","200","TX","federal:house","TX33","C","M",1.877,1.726,41,3300,2764.16,NA,NA,NA,NA
"fd2020","mann","christine","100","TX","federal:house","TX31","C","F",-1.068,-1.09,1997,387965.58,373178.47,0.347,"L",NA,NA
"fd2020","holguin","eric","100","TX","state:lower","TX27","C","M",-1.082,-0.953,15244,0,2250,NA,NA,NA,NA
"fd2020","oliver","julie","100","TX","federal:house","TX25","C","F",-1.013,-1.044,11379,2228218.18,2214190.51,0.6961,"W",42.11,"L"
"fd2020","canales","judith","100","TX","federal:house","TX23","C","F",-0.894,-0.825,107,0,3850,NA,NA,NA,NA
"fd2020","jones","gina","100","TX","federal:house","TX23","C","F",-0.939,-0.939,19825,6918062.11,7005280.05,0.6641,"W",46.6,"L"
"fd2020","nguyen","danny","200","TX","federal:house","TX22","C","M",NA,-0.547,40,800,820.06,NA,NA,NA,NA
"fd2020","krause","ryan","200","TX","federal:house","TX21","O","M",1.372,1.572,36,51590.11,51730.36,NA,NA,NA,NA
"fd2020","negley","william","200","TX","federal:house","TX21","O","M",1.24,1.16,159,2300,2312,NA,NA,NA,NA
"fd2020","levario","miguel","100","TX","federal:house","TX19","C","M",-0.917,-0.899,260,0,0,NA,NA,NA,NA
"fd2020","kennedy","richard","100","TX","federal:house","TX17","C","M",-0.994,-1.001,1067,216825.56,218253.3,0.4793,"W",40.92,"L"
"fd2020","bell","adrienne","100","TX","federal:house","TX14","C","F",-1.028,-1.024,2148,248995.11,245174.73,0.6183,"W",38.36,"L"
"fd2020","leeder","virginia","100","TX","federal:house","TX21","C","F",-1.039,NA,326,55341.13,55479,0.1375,"L",NA,NA
"fd2020","rogers","lakesha","328","TX","federal:house","TX09","C","F",NA,-0.416,63,485.18,1221.65,NA,NA,NA,NA
"fd2020","david","steven","100","TX","federal:house","TX08","C","M",-1.16,NA,162,0,3565.07,NA,NA,NA,NA
"fd2020","sanchez","jana","100","TX","federal:house","TX06","O","F",-1.119,-0.967,2045,0,0,NA,NA,NA,NA
"fd2020","krantz","catherine","100","TX","federal:house","TX04","C","F",-1.107,-1.09,118,0,0,NA,NA,NA,NA
"fd2020","litton","todd","100","TX","federal:house","TX02","O","M",-0.917,-0.834,1858,3548.51,24580.84,NA,NA,NA,NA
"fd2020","boatner","john","100","TN","federal:house","TN08","C","M",-1.055,-0.923,141,0,0,NA,NA,NA,NA
"fd2020","barlow","dawn","100","TN","federal:house","TN06","O","F",-0.924,-0.794,65,0,0,NA,NA,NA,NA
"fd2020","phillips","mariah","100","TN","state:lower","TN04","C","F",-1.001,-0.935,1755,112.94,7936.71,NA,NA,NA,NA
"fd2020","emert","jason","200","TN","federal:house","TN02","O","M",1.372,1.314,228,4934.1,4933.5,NA,NA,NA,NA
"fd2020","duncan","john","200","TN","federal:house","TN02","I","M",NA,1.177,3179,27993.17,162217.63,NA,NA,NA,NA
"fd2020","hendrickson","george","328","SD","federal:house","SD01","O","M",1.469,1.513,6,0,0,NA,NA,NA,NA
"fd2020","williams","robert","100","SC","federal:house","SC07","C","M",0.149,-0.373,32,0,0,0.413,"L",NA,NA
"fd2020","gressmann","gerhard","200","SC","federal:house","SC06","C","M",2.024,1.928,7,0,7296.99,NA,NA,NA,NA
"fd2020","connelly","chad","200","SC","federal:house","SC05","O","M",NA,NA,194,0,0,NA,NA,NA,NA
"fd2020","brown","brandon","100","SC","federal:house","SC04","O","M",-0.995,-0.585,192,0,193.66,NA,NA,NA,NA
"fd2020","carrigan","sean","100","SC","federal:house","SC02","C","M",-1.039,-0.978,546,0,0,NA,NA,NA,NA
"fd2020","lamb","conor","100","PA","federal:house","PA17","I","M",-0.811,-0.868,85022,4116059.9,3528796.6,0.985,"W",51.1,"W"
"fd2020","nothstein","marty","200","PA","federal:house","PA07","O","M",NA,1.254,530,0,26769.98,NA,NA,NA,NA
"fd2020","boerio","bibiana","100","PA","federal:house","PA14","C","F",-1.08,-0.905,419,85.8,23722.69,NA,NA,NA,NA
"fd2020","wolff","denny","100","PA","federal:house","PA09","O","M",-1.012,-0.653,513,0,34028,NA,NA,NA,NA
"fd2020","quick","laura","100","PA","federal:house","PA09","O","F",-1.207,-1.069,116,6505.88,4005.84,0.4889,"L",NA,NA
"fd2020","eichelberger","john","200","PA","federal:house","PA13","C","M",1.13,1.038,772,49122.3,50272.3,NA,NA,NA,NA
"fd2020","houlahan","chrissy","100","PA","federal:house","PA06","I","F",-0.882,-0.882,12365,3577000.89,1419800.16,0.9957,"W",55.99,"W"
"fd2020","kim","pearl","200","PA","federal:house","PA05","C","F",0.696,0.601,243,0,0,NA,NA,NA,NA
"fd2020","dean","madeleine","100","PA","federal:house","PA04","I","F",-0.798,-0.812,5944,1577146.54,1147078.84,0.9999,"W",59.47,"W"
"fd2020","scott","george","100","PA","federal:house","PA10","C","M",-1.031,-0.935,4560,5333.43,23093.99,NA,NA,NA,NA
"fd2020","gilpin","tim","100","OK","federal:house","OK01","O","M",-1.012,-0.59,444,1340,5329.68,NA,NA,NA,NA
"fd2020","hagan","christina","200","OH","federal:house","OH13","O","F",1.466,1.401,1610,871622.95,830559.7,0.6577,"W",44.94,"L"
"fd2020","neal","rick","100","OH","federal:house","OH15","C","M",-0.97,-0.833,2123,1130,2558.07,NA,NA,NA,NA
"fd2020","lyras","louis","328","OH","federal:house","OH13","C","M",-0.496,-0.532,79,122915.31,127805.19,0.1185,"L",NA,NA
"fd2020","kane","tim","200","OH","federal:house","OH12","O","M",1.054,0.974,161,1500,1500,NA,NA,NA,NA
"fd2020","gasper","theresa","100","OH","federal:house","OH10","C","F",-1.002,-0.897,2006,7060.76,23665.48,NA,NA,NA,NA
"fd2020","enoch","vanessa","100","OH","federal:house","OH08","C","F",-1.029,-0.928,683,56011.36,43542.85,0.7949,"W",31.01,"L"
"fd2020","harbaugh","kenneth","100","OH","federal:house","OH07","C","M",-0.909,-0.874,4481,1639.98,21206.05,NA,NA,NA,NA
"fd2020","schiller","jill","100","OH","federal:house","OH02","C","F",-0.911,-0.889,1041,1429.15,19419.28,NA,NA,NA,NA
"fd2020","mcmurray","nathan","100","NY","federal:house","NY27","O","M",-0.961,-0.983,6638,1146889,1135150.12,1,"W",35.66,"L"
"fd2020","wilt","robin","100","NY","federal:house","NY25","O","F",-1.123,-1.049,535,162165.29,160580.66,0.3184,"L",NA,NA
"fd2020","mitrano","tracy","100","NY","federal:house","NY23","C","F",-1.075,-1.041,6393,1548077.87,1563883.63,1,"W",36.98,"L"
"fd2020","ryan","patrick","100","NY","federal:house","NY19","C","M",NA,-0.832,19707,11390.58,16344.15,NA,NA,NA,NA
"fd2020","rhodes","gareth","100","NY","federal:house","NY19","C","M",-0.937,-0.892,2169,0,0,NA,NA,NA,NA
"fd2020","ocasio cortez","alexandria","100","NY","federal:house","NY14","I","F",-1.173,-1.172,519006,21166404.22,17506284.55,0.7443,"W",71.57,"W"
"fd2020","rabin","eliot","200","NY","federal:house","NY12","C","M",0.674,0.605,13,64.91,658.32,NA,NA,NA,NA
"fd2020","patel","suraj","100","NY","federal:house","NY12","C","M",-0.431,-0.49,3364,1261620.55,1259469.06,0.3928,"L",NA,NA
"fd2020","levin","naomi","200","NY","federal:house","NY10","C","F",1.219,1.082,54,2885.49,1850.49,NA,NA,NA,NA
"fd2020","grechen shirley","liubov","100","NY","federal:house","NY02","C","U",-1.018,-0.88,6173,1523.09,20317.87,NA,NA,NA,NA
"fd2020","gershon","perry","100","NY","federal:house","NY01","C","M",-0.816,-0.734,4370,1784959.8,1781181.74,0.3469,"L",NA,NA
"fd2020","vilela","amy","100","NV","federal:house","NV04","O","F",-1.14,-1.118,6755,4612.4,1884.47,NA,NA,NA,NA
"fd2020","koble","clint","100","NV","federal:house","NV02","C","M",-1.033,-1.018,630,142419.53,142863.32,0.228,"L",NA,NA
"fd2020","pringle","david","100","NJ","federal:house","NJ07","C","M",NA,NA,157,0,0,NA,NA,NA,NA
"fd2020","mccann","john","200","NJ","federal:house","NJ05","C","M",1.139,0.981,341,227678.37,224415.48,0.3244,"L",NA,NA
"fd2020","grossman","seth","200","NJ","federal:house","NJ02","O","M",1.548,NA,269,10129.65,15403.84,NA,NA,NA,NA
"fd2020","blankenbeker","lynne","200","NH","federal:house","NH02","C","F",1.388,1.494,178,134454.03,134999.46,0.3849,"L",NA,NA
"fd2020","messmer","mindi","100","NH","federal:house","NH01","O","F",-1.08,-1.044,617,4615.38,10575.19,NA,NA,NA,NA
"fd2020","theobald","paul","100","NE","federal:house","NE03","C","M",-1.078,-0.94,173,0,6524.26,NA,NA,NA,NA
"fd2020","schneider","mac","100","ND","federal:house","ND01","O","M",-1.036,NA,1219,0,0,NA,NA,NA,NA
"fd2020","woodsmall","steve","100","NC","federal:house","NC11","C","M",-1.04,-0.979,760,71476.53,70249.73,0.0754,"L",NA,NA
"fd2020","collias","gina","200","NC","federal:house","NC11","C","F",-1.15,-1.052,271,59903.66,59708.46,0.2268,"L",NA,NA
"fd2020","tiegel","marc","100","NC","federal:house","NC08","C","M",-1.093,NA,78,2650,2662.4,NA,NA,NA,NA
"fd2020","mcneill","frank","100","NC","federal:house","NC08","C","M",-0.874,-0.653,900,0,0,NA,NA,NA,NA
"fd2020","watts","ryan","100","NC","federal:house","NC06","C","M",-1.121,-1.128,359,165.25,20536.46,NA,NA,NA,NA
"fd2020","dacey","scott","200","NC","federal:house","NC03","C","M",1.31,1.032,341,7700,12471.71,NA,NA,NA,NA
"fd2020","coleman","linda","100","NC","federal:house","NC02","C","F",-1.065,-0.891,7803,1278.53,43751,NA,NA,NA,NA
"fd2020","gianforte","greg","200","MT","federal:house","MT01","I","M",0.969,1.347,10746,380484.74,365986.37,NA,NA,NA,NA
"fd2020","wadkins","randy","100","MS","federal:house","MS01","C","M",-1.214,-0.989,1150,0,0,NA,NA,NA,NA
"fd2020","schoolcraft","jamie","100","MO","federal:house","MO07","C","F",-1.007,NA,218,539.58,0,NA,NA,NA,NA
"fd2020","hoagenson","suzanne","100","MO","federal:house","MO04","C","F",-1.058,-0.991,1703,41.23,8018.5,NA,NA,NA,NA
"fd2020","radinovich","joseph","100","MN","federal:house","MN08","O","M",-1.006,NA,4346,986.9,40045.46,NA,NA,NA,NA
"fd2020","paulsen","erik","200","MN","federal:house","MN03","I","M",1.351,NA,8106,4306.37,287907.04,NA,NA,NA,NA
"fd2020","feehan","daniel","100","MN","federal:house","MN01","O","M",-0.903,-0.935,13545,4883182.35,4885366.36,1,"W",45.52,"L"
"fd2020","wild","william","100","MI","federal:house","MI13","O","M",0.869,NA,368,67974.91,70974.43,NA,NA,NA,NA
"fd2020","greimel","tim","100","MI","federal:house","MI11","O","M",-0.508,-0.723,1846,412,3045.75,NA,NA,NA,NA
"fd2020","saad","fayrouz","100","MI","federal:house","MI11","O","U",-1.169,-0.919,1299,225,5100,NA,NA,NA,NA
"fd2020","bizon","kimberly","100","MI","federal:house","MI10","C","F",-1.074,-1.081,398,41438.35,41245.65,0.5373,"W",33.72,"L"
"fd2020","davidson","robert","100","MI","federal:house","MI02","C","M",-1.059,-1.006,2707,5477.47,9774.25,NA,NA,NA,NA
"fd2020","st clair","lucas","100","ME","federal:house","ME02","C","M",-0.772,-0.76,1324,41810.41,44851.6,NA,NA,NA,NA
"fd2020","miller","aruna","100","MD","federal:house","MD06","O","F",NA,-0.75,3228,68,1889.55,NA,NA,NA,NA
"fd2020","galbraith","allison","100","MD","federal:house","MD01","C","F",-1.038,-0.918,1129,41482.7,40726.83,0.3719,"L",NA,NA
"fd2020","tedeschi","peter","200","MA","federal:house","MA09","C","M",0.784,0.704,469,222.8,422.43,NA,NA,NA,NA
"fd2020","pressley","ayanna","100","MA","federal:house","MA07","I","F",-1.095,-0.776,30730,2190613.26,1775675.78,0.9863,"W",86.62,"W"
"fd2020","schneider","joseph","200","MA","federal:house","MA06","C","M",-0.784,0.981,146,150.6,150.6,NA,NA,NA,NA
"fd2020","gifford","rufus","100","MA","federal:house","MA03","O","M",-0.874,NA,2059,0,7072.7,NA,NA,NA,NA
"fd2020","trahan","lori","100","MA","federal:house","MA03","I","F",-0.633,-0.514,4598,1716428.08,1499562.05,0.9924,"W",97.74,"W"
"fd2020","lovvorn","tracy","200","MA","federal:house","MA02","C","F",1.488,1.583,35,26310.78,22318.6,0.991,"W",34.57,"L"
"fd2020","dewitt","justin","100","LA","federal:house","LA06","C","M",-0.918,-0.465,172,0,0,NA,NA,NA,NA
"fd2020","trundle","ryan","100","LA","federal:house","LA04","C","M",-0.978,NA,330,18008.38,14901.61,NA,"L",7.77,"L"
"fd2020","anderson","robert","100","LA","federal:house","LA03","C","M",-1.092,-0.682,6281,63616.76,48015.16,NA,"L",11.59,"L"
"fd2020","francis","jim","100","LA","federal:house","LA01","C","M",-0.967,-0.918,113,0,0,NA,NA,NA,NA
"fd2020","gray","james","100","KY","federal:house","KY06","C","M",NA,-0.38,1553,2234.71,2234.71,NA,NA,NA,NA
"fd2020","hall","seth","100","KY","federal:house","KY04","C","M",-1.145,-0.996,51,10120,1165.32,NA,NA,NA,NA
"fd2020","linderman","hank","100","KY","federal:house","KY02","C","M",-0.926,-0.9,482,93387.97,71121.97,1,"W",26.26,"L"
"fd2020","thompson","james","100","KS","federal:house","KS04","C","M",-1.038,-0.964,16845,218,218,NA,NA,NA,NA
"fd2020","niermann","tom","100","KS","federal:house","KS03","C","M",-0.992,-0.908,1183,6267.08,6520.75,NA,NA,NA,NA
"fd2020","jones","kevin","200","KS","federal:house","KS02","O","M",NA,1.595,262,0,0.01,NA,NA,NA,NA
"fd2020","watson","liz","100","IN","federal:house","IN09","C","F",-1.054,-0.977,6163,0,6809.95,NA,NA,NA,NA
"fd2020","lake","jeannine","100","IN","federal:house","IN06","O","F",-1.063,-1.062,2704,150670.82,152897.64,0.7032,"W",27.76,"L"
"fd2020","mackey","joseph","100","IN","federal:house","IN04","O","M",-1.03,-0.916,238,45152.53,43780.07,0.5394,"W",33.38,"L"
"fd2020","tritch","courtney","100","IN","federal:house","IN03","C","F",-0.998,-0.9,1670,0,7630.2,NA,NA,NA,NA
"fd2020","hall","mel","100","IN","federal:house","IN02","C","M",-1.026,NA,1072,40129.43,42567.57,NA,NA,NA,NA
"fd2020","dady","sara","100","IL","federal:house","IL16","C","F",-1.183,-0.971,662,2080,339.9,NA,NA,NA,NA
"fd2020","londrigan","betsy","100","IL","federal:house","IL13","C","F",-0.91,-0.897,11229,5358994.51,5343867.56,0.7646,"W",45.54,"L"
"fd2020","bennett","douglas","200","IL","federal:house","IL10","C","M",1.419,1.295,111,4598.21,5009.97,NA,NA,NA,NA
"fd2020","mazeski","kelly","100","IL","federal:house","IL06","C","F",-0.958,-0.901,1724,200,764.49,NA,NA,NA,NA
"fd2020","mcneil","ana","100","ID","federal:house","ID01","O","F",-1.122,-1.049,52,34.16,816,NA,NA,NA,NA
"fd2020","mauro","eddie","100","IA","federal:house","IA03","C","M",-0.877,-0.875,2438,24287.3,52512.37,NA,NA,NA,NA
"fd2020","axne","cindy","100","IA","federal:house","IA03","I","F",-0.958,-0.937,19388,6294903.05,6294921.24,0.9919,"W",48.94,"W"
"fd2020","chin","doug","100","HI","federal:house","HI01","O","M",NA,-0.513,631,1794.26,8751.8,NA,NA,NA,NA
"fd2020","johnson","francys","100","GA","federal:house","GA12","C","F",-1.082,-0.967,456,0,0,NA,NA,41.6192893237321,"L"
"fd2020","johnson green","tabitha","100","GA","federal:house","GA10","C","F",-1.153,-1.126,532,15057.96,12463.57,0.6574,"W",37.69,"L"
"fd2020","griffin","steven","100","GA","federal:house","GA06","C","M",-1.479,-1.549,14,377.16,678.34,NA,NA,NA,NA
"fd2020","ossoff","t jonathan","100","GA","federal:house","GA06","O","M",-1.086,-1.06,1464349,343746.08,728359.35,NA,NA,NA,NA
"fd2020","oliver","melvin","100","GA","federal:house","GA03","C","M",-1.117,-1.054,99,0,0,NA,NA,NA,NA
"fd2020","ferrer","gabriel","200","FL","federal:house","FL27","O","M",2.323,2.376,5,329,340,NA,NA,NA,NA
"fd2020","richardson","david","100","FL","federal:house","FL27","O","M",-1.109,-0.726,12135,792.45,2096.6,NA,NA,NA,NA
"fd2020","barreiro","bruno","200","FL","state:lower","FL27","C","M",1.238,0.957,2123,1537.29,103742.15,NA,NA,NA,NA
"fd2020","fandl","jeff","100","FL","federal:house","FL22","C","M",-1.358,NA,4,552.36,16203.17,NA,NA,NA,NA
"fd2020","cherfilus mccormick","sheila","100","FL","federal:house","FL20","C","F",-0.466,-0.386,1001,69835.47,29874.56,0.3072,"L",NA,NA
"fd2020","shapiro","m david","100","FL","federal:house","FL16","C","M",-0.933,0.869,2643,324,2557.63,NA,NA,NA,NA
"fd2020","hunter","christopher","100","FL","federal:house","FL12","C","M",-0.863,-0.892,1174,612.14,10317.44,NA,NA,NA,NA
"fd2020","francois","vennia","200","FL","federal:house","FL10","C","U",1.385,1.336,423,335843.07,333214.95,0.6514,"W",36.37,"L"
"fd2020","richardson","chardo","100","FL","federal:house","FL07","C","U",-1.241,-1.145,231,76.11,3041.11,NA,NA,NA,NA
"fd2020","soderberg","nancy","100","FL","federal:house","FL06","O","F",-1.011,-0.722,4213,700,4770.73,NA,NA,NA,NA
"fd2020","selmont","george","100","FL","federal:house","FL04","C","M",-1.018,-0.993,170,325,524.61,NA,NA,NA,NA
"fd2020","hinson","yvonne","100","FL","state:lower","FL03","O","F",-1.124,-0.872,635,0,2447.97,NA,NA,NA,NA
"fd2020","rackleff","robert","100","FL","federal:house","FL02","C","M",-0.889,-0.806,425,0,0,NA,NA,NA,NA
"fd2020","murphy","lee","200","DE","federal:house","DE01","C","M",1.336,1.162,1022,131393.78,131862.44,0.7381,"W",40.22,"L"
"fd2020","santos","manny","200","CT","federal:house","CT05","O","M",1.388,1.145,54,260.13,344.31,NA,NA,NA,NA
"fd2020","crow","jason","100","CO","federal:house","CO06","I","M",-0.963,NA,23269,4216908.97,2973214.66,1,"W",57.09,"W"
"fd2020","spaulding","stephany","100","CO","federal:house","CO05","C","F",-1.077,-1.037,1623,0,41183.98,NA,NA,NA,NA
"fd2020","kohne","steven","100","CO","federal:house","CO04","C","M",NA,-1.185,90,37500,35711.56,NA,NA,NA,NA
"fd2020","barris","roger","328","CO","federal:house","CO02","O","M",1.823,1.766,2,8196.66,0,NA,NA,NA,NA
"fd2020","hunter","duncan","200","CA","federal:house","CA50","I","M",1.42,1.142,3350,1715885.12,1783926.14,NA,NA,NA,NA
"fd2020","maryott","brian","200","CA","federal:house","CA49","O","M",1.352,1.385,5258,3446386.04,3444349.84,0.4342,"L",46.87,"L"
"fd2020","harkey","diane","200","CA","federal:house","CA49","O","F",NA,1.216,2634,77100,80949.55,NA,NA,NA,NA
"fd2020","levin","mike","100","CA","federal:house","CA49","I","M",-0.987,-1.012,25406,3904057.8,2959855.97,0.5658,"W",53.13,"W"
"fd2020","siddiqui","omar","100","CA","federal:house","CA48","C","M",-0.952,-0.902,250,12000,12000,NA,NA,NA,NA
"fd2020","rouda","harley","100","CA","federal:house","CA48","I","M",-0.946,-0.895,21044,6259589.71,6465174.21,0.4673,"W",48.94,"L"
"fd2020","forde","brian","100","CA","federal:house","CA45","C","M",-0.869,-0.92,1337,954,5468.71,NA,NA,NA,NA
"fd2020","brown","aja","100","CA","federal:house","CA44","C","F",-0.717,NA,16,2500,3359.74,NA,NA,NA,NA
"fd2020","cortes barragan","rodolfo","328","CA","federal:house","CA40","C","M",-1.268,NA,21,5818.71,5853.64,0.0728,"L",NA,NA
"fd2020","cisneros","gilbert","100","CA","federal:house","CA39","I","M",-0.899,-0.843,9345,4523137.53,4503468.14,0.4688,"L",49.4,"L"
"fd2020","janowicz","phil","100","CA","federal:house","CA39","O","M",-1.058,NA,551,177769.45,180801.91,NA,NA,NA,NA
"fd2020","pelzer","kimberlin","200","CA","federal:house","CA36","C","F",1.228,NA,563,1953,4238.42,NA,NA,NA,NA
"fd2020","scott","joshua","200","CA","federal:house","CA32","C","M",1.509,1.455,124,23624.37,14247.84,0.2816,"L",33.42,"L"
"fd2020","nalbandian","johnny","200","CA","federal:house","CA28","C","M",1.525,1.616,271,39595.21,39170.47,NA,NA,NA,NA
"fd2020","hill","katherine","100","CA","federal:house","CA25","I","F",-1.061,NA,21675,2346614.32,1927460.36,NA,NA,NA,NA
"fd2020","barro","mary","100","CA","federal:house","CA23","C","F",-1.302,-1.142,5,1720.32,1790.89,NA,NA,NA,NA
"fd2020","franco","ricardo","100","CA","federal:house","CA22","C","M",-1.109,-1.067,292,2645.82,4761.53,NA,NA,NA,NA
"fd2020","nunes","devin","200","CA","federal:house","CA22","I","M",1.41,1.347,87656,26871171.4,20201844.61,0.561,"W",54.23,"W"
"fd2020","heng","elizabeth","200","CA","federal:house","CA16","C","F",0.724,1.258,1100,24725.56,31110,NA,NA,NA,NA
"fd2020","jaffe","stephen","100","CA","federal:house","CA12","C","M",-1.149,-1.002,1309,287,260.48,NA,NA,NA,NA
"fd2020","madueno","virginia","100","CA","federal:house","CA10","C","F",NA,-0.773,695,0,0,NA,NA,NA,NA
"fd2020","harder","josh","100","CA","federal:house","CA10","I","M",-1.007,-1.057,37655,7540661.34,4091139.47,0.4407,"W",55.16,"W"
"fd2020","livengood","marla","200","CA","federal:house","CA09","C","F",NA,1.229,142,1000,4750,NA,NA,NA,NA
"fd2020","morse","jessica","100","CA","federal:house","CA04","C","F",-1.052,-1.097,12443,192754.77,58696.8,NA,NA,NA,NA
"fd2020","stanton","greg","100","AZ","federal:house","AZ09","I","M",-0.573,-0.839,9289,2020240.34,1019971.13,1,"W",61.63,"W"
"fd2020","lesko","debbie","200","AZ","federal:house","AZ08","I","F",1.437,1.407,6536,1614574.2,996781.94,1,"W",59.56,"W"
"fd2020","malik","anita","100","AZ","federal:house","AZ06","C","F",-1.04,-0.939,1996,260453.04,266206.92,0.3652,"L",NA,NA
"fd2020","disanto","delina","100","AZ","federal:house","AZ04","C","F",-1.087,-1.079,3771,77167.5,79757.81,0.7435,"W",30.23,"L"
"fd2020","martin","brandon","200","AZ","federal:house","AZ02","O","M",1.516,1.624,271,387348.15,387527.04,NA,NA,NA,NA
"fd2020","shamel","hayden","100","AR","federal:house","AR04","C","M",-1.074,-0.962,326,1506.23,3311.33,NA,NA,NA,NA
"fd2020","tucker","everett","100","AR","federal:house","AR02","C","M",-0.938,-0.779,3979,99.99,4219.51,NA,NA,NA,NA
"fd2020","hinchman","robert","200","AL","federal:house","AL05","O","M",NA,1.056,155,1033.08,0,NA,NA,NA,NA
"fd2020","winfrey","adia","100","AL","federal:house","AL03","C","F",-1.068,-1.04,318,50523.2,41221.09,1,"W",32.46,"L"
"fd2020","isner","tabitha","100","AL","federal:house","AL02","C","F",-1.104,-0.97,672,0,0,NA,NA,NA,NA
"fd2020","kennedy","robert","100","AL","federal:house","AL01","C","M",-1.001,-0.85,238,0,0,NA,NA,NA,NA
"fd2020","cheney","elizabeth","200","WY","federal:house","WY01","I","F",1.298,0.83,21149,3010251.47,3066534.91,0.7346,"W",68.56,"W"
"fd2020","clark","mike","100","TX","federal:house","TX31","C","M",-1.081,-1.12,150,1466.21,1667.18,NA,NA,NA,NA
"fd2020","woolridge","ruby","100","TX","federal:house","TX06","O","F",-1.023,-1.185,199,0,0,NA,NA,NA,NA
"fd2020","wegman","gary","100","PA","federal:house","PA09","O","M",-0.833,-0.774,363,215078.64,213639.61,0.5086,"W",33.63,"L"
"fd2020","jackson","jarrin","200","OK","federal:house","OK02","C","M",1.239,1.663,1117,8.26,0,NA,NA,NA,NA
"fd2020","brown","sakima","200","NY","federal:house","NY18","C","U",1.362,1.554,169,30.12,9974.84,NA,NA,NA,NA
"fd2020","rosen","jacky","100","NV","federal:house","NV03","I","F",-0.999,-0.864,306694,2537921.76,1054415.87,NA,NA,NA,NA
"fd2020","shepherd","rick","100","NV","federal:house","NV02","C","M",-1.475,-1.65,18,4725.75,15138.68,0.074,"L",NA,NA
"fd2020","shea porter","carol","100","NH","federal:house","NH01","I","F",-1.154,-0.932,7271,28156.22,94245.64,NA,NA,NA,NA
"fd2020","ryan","gregory","200","MN","federal:house","MN04","C","M",NA,1.565,21,139.5,5845.57,NA,NA,NA,NA
"fd2020","trone","david","100","MD","federal:house","MD06","I","M",-0.087,-0.641,4812,2965203.83,2980058.01,0.7239,"W",58.82,"W"
"fd2020","brown","anthony","100","MD","federal:house","MD04","I","M",-0.482,-0.765,17459,1455776.69,855967.78,0.7762,"W",79.58,"W"
"fd2020","sarbanes","john","100","MD","federal:house","MD03","I","M",-0.883,-0.655,5113,578602.48,692302.65,0.8249,"W",69.76,"W"
"fd2020","rodriguez","junius","100","IL","federal:house","IL18","C","M",-1.024,-1.048,378,0,4905.41,NA,NA,NA,NA
"fd2020","peters","christopher","200","IA","federal:house","IA02","C","M",-0.767,1.364,420,353.59,613.11,NA,NA,NA,NA
"fd2020","canova","timothy","100","FL","federal:house","FL23","C","M",-1.13,-1.119,59287,16664.03,30501.08,NA,NA,NA,NA
"fd2020","spalding","carla","328","FL","federal:house","FL18","C","F",NA,1.611,471,947208.87,931190.64,NA,NA,NA,NA
"fd2020","gaetz","matt","200","FL","federal:house","FL01","I","M",1.462,1.235,22151,6066373.26,4602509.17,0.8093,"W",64.61,"W"
"fd2020","lamborn","douglas","200","CO","federal:house","CO05","I","M",0.846,1.202,2469,601762.36,390060.58,1,"W",57.59,"W"
"fd2020","degette","diana","100","CO","federal:house","CO01","I","F",-0.79,-0.915,8577,1204483.8,1080588.62,1,"W",73.65,"W"
"fd2020","baugh","scott","200","CA","federal:house","CA48","C","M",1.075,1.158,4303,59503.16,123711.47,NA,NA,NA,NA
"fd2020","barragan","nanette","100","CA","federal:house","CA44","I","F",-0.805,-0.854,4840,1187465.66,727579.45,0.635,"W",67.78,"W"
"fd2020","flynn","sean","200","CA","federal:house","CA31","C","M",NA,1.025,355,69817.63,71028.62,NA,NA,NA,NA
"fd2020","panetta","jimmy","100","CA","federal:house","CA20","I","M",-0.315,-0.999,5488,2013939.46,1596716.42,0.6618,"W",76.78,"W"
"fd2020","ohalleran","tom","100","AZ","federal:house","AZ01","I","M",-0.951,-0.769,14221,3416902.11,3359686.85,0.5861,"W",51.61,"W"
"fd2020","jenkins","evan","200","WV","federal:house","WV03","I","M",1.281,0.997,3790,650,3176.55,NA,NA,NA,NA
"fd2020","comstock","barbara","200","VA","federal:house","VA10","I","F",1.351,1.018,6791,25919.34,44772.75,NA,NA,NA,NA
"fd2020","brat","david","200","VA","federal:house","VA07","I","M",1.34,1.42,3813,8376.75,59149.37,NA,NA,NA,NA
"fd2020","sanford","marshall","200","SC","federal:president","PRES","I","M",0.147,1.238,13410,134151.18,120150.32,NA,NA,NA,NA
"fd2020","garrett","janet","100","OH","federal:house","OH04","C","F",-1.079,-0.995,4469,1930.72,4851.74,NA,NA,NA,NA
"fd2020","macarthur","thomas","200","NJ","federal:house","NJ03","I","M",NA,0.883,2652,13242.05,40805.59,NA,NA,NA,NA
"fd2020","sandman","ray","328","MN","federal:house","MN08","O","M",-1.422,-1.374,9,0,0,NA,NA,NA,NA
"fd2020","moulton","seth","100","MA","federal:house","MA06","I","M",-0.757,-0.759,34617,1318518.23,1830882.51,0.78,"W",65.43,"W"
"fd2020","lapolice","alan","100","KS","federal:house","KS01","C","M",-0.822,-0.227,423,0,0,NA,NA,NA,NA
"fd2020","young","david","200","IA","federal:house","IA03","I","M",1.323,1.318,5351,3215369.8,3139878.92,0.6954,"W",47.55,"L"
"fd2020","curbelo","carlos","200","FL","federal:house","FL26","I","M",1.08,0.831,5575,22379.23,112277.69,NA,NA,NA,NA
"fd2020","lieu","ted","100","CA","federal:house","CA33","I","M",-0.749,-0.788,11115,1680669.1,1601806.11,0.6047,"W",67.58,"W"
"fd2020","knight","steve","200","CA","federal:house","CA25","I","M",1.182,1.126,2621,271421.41,304885.24,0.1894,"L",NA,NA
"fd2020","khanna","rohit","100","CA","federal:house","CA17","I","M",-0.897,-0.777,30345,3917727.13,2535202.22,0.6865,"W",71.35,"W"
"fd2020","westerman","bruce","200","AR","federal:house","AR04","I","M",1.114,1.189,3947,1428508.39,1123311.93,1,"W",69.67,"W"
"fd2020","palmer","gary","200","AL","federal:house","AL06","I","M",1.246,1.233,2196,919678.33,921541.75,1,"W",97.13,"W"
"fd2020","castro","joaquin","100","TX","federal:house","TX20","I","M",-0.941,-0.591,10244,705568.45,718441.75,0.9211,"W",64.67,"W"
"fd2020","orourke","robert","100","TX","federal:house","TX16","I","M",-0.917,-0.815,893893,701417.43,986233.2,NA,NA,NA,NA
"fd2020","mckellar","shirley","100","TX","federal:house","TX01","C","F",-1.124,-1.051,266,0,0,NA,NA,NA,NA
"fd2020","wieczorek","ronald","328","SD","federal:house","SD01","O","M",-0.038,-0.174,69,765,790,NA,NA,NA,NA
"fd2020","shuster","william","200","PA","federal:house","PA09","I","M",NA,0.949,6204,434.07,656761.84,NA,NA,NA,NA
"fd2020","lobiondo","frank","200","NJ","federal:house","NJ02","I","M",0.561,0.575,6038,22230.11,62722.24,NA,NA,NA,NA
"fd2020","bentivolio","kerry","200","MI","federal:house","MI11","O","M",1.458,1.364,780,134789.74,135443.57,0.2162,"L",NA,NA
"fd2020","hoyer","steny","100","MD","federal:house","MD05","I","M",-0.456,-0.668,13409,4608825.11,4363890.74,0.6441,"W",68.75,"W"
"fd2020","bustos","cheri","100","IL","federal:house","IL17","I","F",-0.863,-0.79,30048,5063556.19,6479373.11,0.9967,"W",52.02,"W"
"fd2020","king","steve","200","IA","federal:house","IA04","I","M",1.562,1.501,6549,391616.03,409757.27,0.3583,"L",NA,NA
"fd2020","kaufman","joseph","200","FL","federal:house","FL23","C","M",1.305,1.493,1276,0.2,943.25,NA,NA,NA,NA
"fd2020","schneider","jan","100","FL","federal:house","FL16","C","F",-0.961,-0.876,861,2300,0,NA,NA,NA,NA
"fd2020","yoho","theodore","200","FL","federal:house","FL03","I","M",0.897,1.325,1721,93238.61,304518.22,NA,NA,NA,NA
"fd2020","courtney","joseph","100","CT","federal:house","CT02","I","M",-0.808,-0.769,7955,967876.68,1002505.23,0.001,"W",56.43,"W"
"fd2020","vargas","juan","100","CA","federal:house","CA51","I","M",-0.209,-0.23,4978,799734.22,801670.85,0.7136,"W",68.3,"W"
"fd2020","takano","mark","100","CA","federal:house","CA41","I","M",-0.932,-0.875,12174,1033949.78,962988.6,0.5076,"W",64.03,"W"
"fd2020","roybal allard","lucille","100","CA","federal:house","CA40","I","F",-0.684,-0.672,2427,749181.71,750770.04,0.5072,"W",72.74,"W"
"fd2020","aguilar","pete","100","CA","federal:house","CA31","I","M",-0.888,-0.871,33500,2529487.62,1915174.22,0.6215,"W",61.29,"W"
"fd2020","swalwell","eric","100","CA","federal:house","CA15","I","M",-0.876,-0.415,28554,2942935.7,4113000.86,0.5904,"W",70.9,"W"
"fd2020","cook","paul","200","CA","federal:house","CA08","I","M",0.132,0.455,1976,347752.66,484891.11,NA,NA,NA,NA
"fd2020","huffman","jared","100","CA","federal:house","CA02","I","M",-0.946,-0.931,5120,923478.05,821812.64,0.6769,"W",75.74,"W"
"fd2020","lamalfa","doug","200","CA","federal:house","CA01","I","M",1.098,1.098,4379,1243064.68,1179453.85,0.5464,"W",56.99,"W"
"fd2020","rogers","wendy","200","AZ","federal:house","AZ01","C","F",1.302,1.521,47391,49935,51637.07,NA,NA,NA,NA
"fd2020","mcsally","martha","200","AZ","federal:house","AZ02","I","F",1.495,1.548,231787,0,66813.25,NA,NA,NA,NA
"fd2020","duerr","james","200","TX","federal:house","TX27","C","M",NA,1.219,71,0,0,NA,NA,NA,NA
"fd2020","costello","ryan","200","PA","federal:house","PA06","I","M",NA,1.073,2510,526599.11,677717.57,NA,NA,NA,NA
"fd2020","robinson","art","200","OR","federal:house","OR04","O","M",1.504,1.428,1934,58442.97,103904.72,NA,NA,NA,NA
"fd2020","renacci","james","200","OH","federal:house","OH16","I","M",1.278,1.241,6573,18800.21,19839.84,NA,NA,NA,NA
"fd2020","huizenga","william","200","MI","federal:house","MI02","I","M",1.207,1.234,5457,2211927.61,1920126.16,1,"W",59.2,"W"
"fd2020","barr","garland","200","KY","federal:house","KY06","I","M",1.041,1.05,13109,4611245.23,4391220.43,0.9074,"W",57.33,"W"
"fd2020","kinzinger","adam","200","IL","federal:house","IL16","I","M",0.879,0.98,7833,2115266.99,1598081.23,1,"W",64.71,"W"
"fd2020","deutch","theodore","100","FL","federal:house","FL22","I","M",-0.371,-0.522,5568,1382551.43,1283607.07,1,"W",58.6,"W"
"fd2020","webster","daniel","200","FL","federal:house","FL11","I","M",1.296,1.211,5221,692898.61,588603.55,1,"W",66.72,"W"
"fd2020","norton","eleanor","100","DC","federal:house","DC01","I","F",-0.711,-0.734,2480,387488.98,359424.69,0.9802,"W",86.3,"W"
"fd2020","issa","darrell","200","CA","federal:house","CA49","I","M",1.39,1.19,8885,16813993.53,16521430.27,NA,NA,NA,NA
"fd2020","desaulnier","mark","100","CA","federal:house","CA11","I","M",-0.857,-0.86,4233,612404.28,442546.73,0.712,"W",72.99,"W"
"fd2020","frame","sean","100","CA","federal:house","CA04","C","M",-1.098,-1.083,14114,158712.89,154873.61,NA,NA,NA,NA
"fd2020","crawford","eric","200","AR","federal:house","AR01","I","M",1.022,NA,3387,966801.25,1095517.53,1,"W",100,"W"
"fd2020","sewell","terri","100","AL","federal:house","AL07","I","F",-0.327,-0.667,7848,2171039.72,1498831.85,1,"W",97.16,"W"
"fd2020","green","raymond","100","TX","federal:house","TX29","I","M",-0.586,-0.556,3575,9355.35,573287.63,NA,NA,NA,NA
"fd2020","diaz balart","mario","200","FL","federal:house","FL25","I","M",0.637,1.346,7178,1597458.73,811378.83,1,"W",NA,"W"
"fd2020","udall","tom","100","NM","federal:senate","NMS20","I","M",-1.004,-0.78,23865,59531.7,372585.86,NA,NA,NA,NA
"fd2020","crapo","michael","200","ID","federal:senate","IDS22","I","M",0.776,1.255,20571,1060061.74,534770.84,NA,NA,NA,NA
"fd2020","corker","robert","200","TN","federal:senate","TNS18","C","M",NA,1.256,14174,811784.87,272888.52,NA,NA,NA,NA
"fd2020","klobuchar","amy","100","MN","federal:senate","MNS24","C","F",-1.004,-0.873,95711,3381082.5,6064891.38,NA,NA,NA,NA
"fd2020","toomey","patrick","200","PA","federal:senate","PAS22","I","M",1.204,1.335,41018,4310881.72,4050669.29,NA,NA,NA,NA
"fd2020","murkowski","lisa","200","AK","federal:senate","AKS22","I","F",0.454,1.047,14400,1032216.66,489160.85,NA,NA,NA,NA
"fd2020","thune","john","200","SD","federal:senate","SDS22","I","M",1.188,1.141,27799,3088318.78,1266167.3,NA,NA,NA,NA
"fd2020","moran","jerry","200","KS","federal:senate","KSS22","I","M",1.068,1.239,10005,1342185.2,343029.5,NA,NA,NA,NA
"fd2020","bennet","michael","100","CO","federal:senate","COS22","I","M",-0.948,-0.86,95262,756117.67,1757841.82,NA,NA,NA,NA
"fd2020","capuano","michael","100","MA","federal:house","MA07","I","M",NA,-0.691,6317,11266.92,24202.46,NA,NA,NA,NA
"fd2020","pelosi","nancy","100","CA","federal:house","CA12","I","F",-0.968,-0.68,512817,27976365.38,22681809.86,0.7403,"W",77.63,"W"
"fd2020","conyers","john","100","MI","federal:house","MI13","I","M",NA,-0.756,4324,5000,1190.54,NA,NA,NA,NA
"fd2020","waters","maxine","100","CA","federal:house","CA43","I","F",-0.8,-0.78,7005,2126589.58,2186540.55,0.7813,"W",71.68,"W"
"fd2020","costa","jim","100","CA","federal:house","CA16","I","M",-0.109,-0.621,5917,2146774.73,1846494.42,0.3754,"W",59.38,"W"
"fd2020","gutierrez","luis","100","IL","federal:house","IL04","I","M",-0.882,-0.687,3047,2186.62,14711.1,NA,NA,NA,NA
"fd2020","sanchez","linda","100","CA","federal:house","CA38","I","F",-0.701,-0.725,5904,1263616.56,1157773.49,0.777,"W",74.34,"W"
"fd2020","mccollum","betty","100","MN","federal:house","MN04","I","F",-0.891,-0.904,6608,1178717.48,1001041.41,0.8403,"W",63.17,"W"
"fd2020","schiff","adam","100","CA","federal:house","CA28","I","M",-0.992,-0.887,513637,19598362.66,10404171.36,0.5957,"W",72.66,"W"
"fd2020","romney","willard","200","UT","federal:senate","UTS24","I","M",-0.297,1.013,114172,891538.6,547982.12,NA,NA,NA,NA
"fd2020","carper","thomas","100","DE","federal:senate","DES24","C","M",-0.56,-0.657,9548,688511.18,744805.33,NA,NA,NA,NA
"fd2020","brooks","mo","200","AL","federal:senate","ALS18","C","M",1.137,1.358,9510,669026.33,223706.66,0.7488,"W",95.81,"W"
"fd2020","enzi","michael","200","WY","federal:senate","WYS20","I","M",1.241,1.123,4666,141784.99,369883.72,NA,NA,NA,NA
"fd2020","whitehouse","sheldon","100","RI","federal:senate","RIS24","C","M",-0.911,-0.766,44749,353724.81,603041.8,NA,NA,NA,NA
"fd2020","duckworth","l tammy","100","IL","federal:senate","ILS22","I","F",-1.071,-0.987,133294,4171421,2635315.82,NA,NA,NA,NA
"fd2020","shelby","richard","200","AL","federal:senate","ALS22","I","M",1.572,0.663,13195,169143.99,246457.05,NA,NA,NA,NA
"fd2020","lankford","james","200","OK","federal:senate","OKS22","I","M",1.128,1.146,8786,822043.87,541522.98,NA,NA,NA,NA
"fd2020","booker","cory","100","NJ","federal:senate","NJS20","I","M",-0.884,-0.696,142399,8290750.95,6539134.14,0.8759,"W",57.23,"W"
"fd2020","tillis","thom","200","NC","federal:senate","NCS20","I","M",1.264,1.716,68295,23280646.68,24471182.55,0.7808,"W",48.69,"W"
"fd2020","cassidy","william","200","LA","federal:senate","LAS20","I","M",0.945,0.836,19475,7447725.9,8576103.29,1,"W",59.32,"W"
"fd2020","gardner","cory","200","CO","federal:senate","COS20","I","M",1.307,1.355,67421,26161851.26,26813944.62,1,"W",44.18,"L"
"fd2020","cotton","thomas","200","AR","federal:senate","ARS20","I","M",1.306,1.044,54080,9141301.91,4843700.46,1,"W",66.53,"W"
"fd2020","kaine","timothy","100","VA","federal:senate","VAS24","C","M",-0.745,-0.782,128187,1314338.39,1318100.48,NA,NA,NA,NA
"fd2020","cruz","rafael","200","TX","federal:senate","TXS24","C","M",1.497,1.476,505655,13659655.01,9222612.12,NA,NA,NA,NA
"fd2020","daines","steven","200","MT","federal:senate","MTS20","I","M",1.349,1.319,152328,31883793.77,33226187.14,0.8802,"W",55.01,"W"
"fd2020","mcconnell","mitch","200","KY","federal:senate","KYS20","I","M",1.133,1.171,311730,68094902.86,64878657.61,0.828,"W",57.76,"W"
"fd2020","hirono","mazie","100","HI","federal:senate","HIS24","C","F",-0.967,-0.775,28855,797442.02,950475.6,NA,NA,NA,NA
"fd2020","murphy","christopher","100","CT","federal:senate","CTS24","C","M",-1.092,-0.899,138177,1671376.73,1688410.97,NA,NA,NA,NA
"fd2020","manchin","joe","100","WV","federal:senate","WVS24","I","M",-0.156,-0.372,26715,744354.86,575122.37,NA,NA,NA,NA
"fd2020","graham","lindsey","200","SC","federal:senate","SCS20","I","M",1.132,1.248,571115,107747533.78,98457035.23,0.6769,"W",54.44,"W"
"fd2020","gillibrand","kirsten","100","NY","federal:senate","NYS24","C","F",-1.046,-0.782,215348,1767104.89,10340080.93,NA,NA,NA,NA
"fd2020","coons","christopher","100","DE","federal:senate","DES20","I","M",-0.589,-0.702,21178,6081414.85,4746086.79,0.7285,"W",59.44,"W"
"fd2020","jones","doug","100","AL","federal:senate","ALS20","I","M",-0.933,-0.711,362705,31053566.07,32710698.97,1,"W",39.74,"L"
"fd2020","kokesh","adam","328","00","federal:president","PRES","C","M",0.806,0.878,42,48144.09,48058.74,NA,NA,NA,NA
"fd2020","howze","ted","200","CA","federal:house","CA10","C","M",1.292,1.28,1266,1582899.41,1878228.79,0.3389,"L",44.84,"L"
"fd2020","franken","al","100","MN","federal:senate","MNS20","C","M",NA,-0.944,91657,39001.93,72586.13,NA,NA,NA,NA
"fd2020","brown","sherrod","100","OH","federal:senate","OHS24","C","M",-0.767,-0.597,497956,2479979.82,1687581.11,NA,NA,NA,NA
"fd2020","roberts","pat","200","KS","federal:senate","KSS20","I","M",1.139,1.133,8438,11502.07,228594.39,NA,NA,NA,NA
"fd2020","blunt","roy","200","MO","federal:senate","MOS22","I","M",1.089,NA,16043,2044175.33,945800.27,NA,NA,NA,NA
"fd2020","gale","neal","328","PA","federal:senate","PAS18","C","M",-1.195,-1.231,24,0,15,NA,NA,NA,NA
"fd2020","hyde smith","cindy","200","MS","federal:senate","MSS20","I","F",1.233,1.431,12488,3407099.27,3292470.82,1,"W",54.11,"W"
"fd2020","smith","tina","100","MN","federal:senate","MNS20","C","F",-0.971,-0.935,58873,16468404.53,16100431.77,0.8714,"W",48.74,"W"
"fd2020","weeks","james","328","MI","federal:senate","MIS18","C","M",1.386,0.845,6,0,0,NA,NA,NA,NA
"fd2020","braun","mike","200","IN","federal:senate","INS24","I","M",1.274,1.319,5315,975720.41,496631.05,NA,NA,NA,NA
"fd2020","bradley","james","200","CA","federal:senate","CAS22","C","M",1.582,1.549,1138,7087.53,3434.37,NA,NA,NA,NA
"fd2020","casey","robert","100","PA","federal:senate","PAS24","I","M",-0.713,-0.669,325924,2212851.86,1449624.23,NA,NA,NA,NA
"fd2020","jones","lateresa","200","FL","federal:senate","FLS18","C","F",1.115,NA,18,5096.95,4306.49,NA,NA,NA,NA
"fd2020","stovall","dwayne","200","TX","federal:senate","TXS20","C","M",1.57,1.591,233,101864,103456.09,0.1195,"L",NA,NA
"fd2020","steele","michael","100","ND","federal:senate","NDS22","C","M",-1.292,-1.226,7,1199.49,992.6,NA,NA,NA,NA
"fd2020","ocegueda","adrian","100","TX","federal:senate","TXS20","C","M",-1.964,-1.749,6,5777.22,5777.22,0.0222,"L",NA,NA
"fd2020","mccormick","lisa","100","NJ","federal:senate","NJS20","C","F",-0.771,NA,124,0,0,NA,NA,NA,NA
"fd2020","smith","sandy","200","NC","federal:senate","NCS20","C","F",1.471,1.565,2288,3407337.9,3366197.82,NA,NA,NA,NA
"fd2020","lee","eva","100","NC","federal:senate","NCS20","C","F",-1.034,NA,11,0,0,NA,NA,NA,NA
"fd2020","smith","adam","100","KS","federal:senate","KSS20","C","M",-0.548,NA,2,0,0,NA,NA,NA,NA
"fd2020","hubbard","peggy","200","IL","federal:senate","ILS20","C","F",1.462,NA,121,200781.77,195582.11,0.2286,"L",NA,NA
"fd2020","harris","nancy","100","ID","federal:senate","IDS20","C","F",-1.142,-1.089,107,23982.83,23982.83,NA,NA,NA,NA
"fd2020","kombo","danielle","100","CO","federal:senate","COS20","C","F",-1.042,NA,5,0,0,NA,NA,NA,NA
"fd2020","zornio","patricia","100","CO","federal:senate","COS20","C","F",-1.094,-1.059,1370,132273.07,119084.53,NA,NA,NA,NA
"fd2020","kelly","mark","100","AZ","federal:senate","AZS20","C","M",-1.08,-0.766,825602,101106583.88,99704060.42,0.9993,"W",51.16,"W"
"fd2020","klobuchar","amy","100","00","federal:president","PRES","C","F",-0.897,NA,212410,54569266.3,54521519.52,NA,NA,NA,NA
"fd2020","mercer","lee","100","00","federal:president","PRES","C","M",-2.001,-2.045,6,3.84e+08,3.84e+08,NA,NA,NA,NA
"fd2020","sanders","bernard","100","00","federal:president","PRES","C","M",-1.17,-0.889,2610036,218907026.62,221001358.61,NA,NA,NA,NA
"fd2020","pierce","mark","100","00","federal:president","PRES","C","M",-1.609,-1.632,4,17756.75,10950.66,NA,NA,NA,NA
"fd2020","inslee","jay","100","00","federal:president","PRES","C","M",-1.008,NA,80901,6942808.55,6903950.21,NA,NA,NA,NA
"fd2020","hunter","dario","328","00","federal:president","PRES","C","M",-1.327,-1.342,249,33967.89,31630.99,NA,NA,NA,NA
"fd2020","williamson","marianne","100","00","federal:president","PRES","C","F",-0.949,-0.954,105198,8403835.7,8296619.65,NA,NA,NA,NA
"fd2020","warren","elizabeth","100","00","federal:president","PRES","C","F",-1.084,-1.021,758890,131368111.75,131189612.62,NA,NA,NA,NA
"fd2020","harris","kamala","100","00","federal:president","PRES","C","F",-1.033,-0.878,391398,43088972.4,42943584.81,NA,NA,NA,NA
"fd2020","gabbard","tulsi","100","00","federal:president","PRES","C","F",-0.597,-0.66,137231,0,0,NA,NA,NA,NA
"fd2020","ojeda","richard","100","00","federal:president","PRES","C","M",-1.002,NA,986,20347.63,32720.58,NA,NA,NA,NA
"fd2020","bradford","daphne","100","00","federal:president","PRES","C","F",-1.474,-1.762,12,118,0,NA,NA,NA,NA
"fd2020","vonbevern","ryan","100","00","federal:president","PRES","C","M",-0.794,NA,8,2160.74,2287.72,NA,NA,NA,NA
"fd2020","benzel","julianne","200","00","federal:president","PRES","C","F",1.913,1.848,36,241215.72,210198.78,NA,NA,NA,NA
"fd2020","lee","robert","328","00","federal:president","PRES","C","M",-0.053,NA,88,0,0,NA,NA,NA,NA
"fd2020","wiand","fred","100","00","federal:president","PRES","C","M",-0.998,NA,7,15040.27,12583.27,NA,NA,NA,NA
"fd2020","keller","fred","200","PA","federal:house","PA12","C","M",1.241,1.2,1558,1563479.87,1087700.69,NA,NA,70.8438897934951,"W"
"fd2020","miller","carol","200","WV","federal:house","WV03","I","F",1.063,1.161,2857,912210.75,763796.42,0.7026,"W",71.34,"W"
"fd2020","porter","stevan","328","VA","federal:house","VA11","C","M",0.917,0.92,12,532.77,1316.13,NA,NA,NA,NA
"fd2020","wexton","jennifer","100","VA","federal:house","VA10","I","F",-0.948,-0.912,19908,3984992.26,1901911.61,1,"W",56.51,"W"
"fd2020","cline","benjamin","200","VA","federal:house","VA06","I","M",1.238,1.314,1970,900313.05,680286.14,1,"W",64.59,"W"
"fd2020","williams","lavangelene","100","VA","federal:house","VA01","C","U",-1.062,-1.059,1820,142480.8,141180.79,0.4746,"L",NA,NA
"fd2020","mcadams","ben","100","UT","federal:house","UT04","I","M",-0.678,NA,12580,5638024.49,5580074.1,1,"W",46.7,"L"
"fd2020","curtis","john","200","UT","federal:house","UT03","I","M",0.873,0.719,3252,905501.13,718455.03,1,"W",68.73,"W"
"fd2020","garcia","sylvia","100","TX","federal:house","TX29","I","F",-0.646,-0.68,3202,856155.61,795553,1,"W",71.13,"W"
"fd2020","fisher","william","100","TX","federal:house","TX24","C","M",-1.116,-1.098,444,2243.66,13217.99,NA,NA,NA,NA
"fd2020","escobar","veronica","100","TX","federal:house","TX16","I","F",-0.429,-0.95,4089,1137105.39,1089249.97,1,"W",64.72,"W"
"fd2020","sagan","gregory","100","TX","federal:house","TX13","C","M",-0.855,-0.779,204,12265.32,14881.63,0.3472,"L",NA,NA
"fd2020","wright","ron","200","TX","federal:house","TX06","I","M",1.361,1.471,772,923531.7,919091.38,1,"W",52.8,"W"
"fd2020","burch","lorie","100","TX","federal:house","TX03","C","F",-1.097,-1.129,973,46595.57,45990.43,NA,NA,NA,NA
"fd2020","beal","brent","100","TX","federal:house","TX01","C","M",-1.16,-1.037,313,211.83,942.27,NA,NA,NA,NA
"fd2020","rose","john","200","TN","federal:house","TN06","I","M",1.141,1.388,5672,1582985.81,1158244.39,1,"W",73.68,"W"
"fd2020","burchett","tim","200","TN","federal:house","TN02","I","M",1.12,NA,3981,1347006.19,889218.07,1,"W",67.64,"W"
"fd2020","johnson","dusty","200","SD","federal:house","SD01","I","M",1.176,1.254,3523,1694504.29,700356.1,0.7665,"W",80.96,"W"
"fd2020","ali","mark","100","SC","federal:house","SC05","C","M",-1.106,NA,13,0,0,NA,NA,NA,NA
"fd2020","timmons","william","200","SC","federal:house","SC04","I","M",0.966,1.228,2177,1363583.92,1368033.07,1,"W",61.61,"W"
"fd2020","wysocki","frederick","200","RI","federal:house","RI01","C","M",2.288,2.292,3,13066.94,13398.25,NA,"L",15.84,"L"
"fd2020","reschenthaler","guy","200","PA","federal:house","PA14","I","M",0.914,1.071,22837,2264455.66,1594661.35,0.9987,"W",64.62,"W"
"fd2020","wild","susan","100","PA","federal:house","PA07","I","F",-0.91,-0.802,31543,4644289.9,4591501.23,1,"W",51.79,"W"
"fd2020","boyle","daniel","100","PA","federal:house","PA05","O","M",-0.505,NA,7,0,0,NA,NA,NA,NA
"fd2020","billie","joseph","200","PA","federal:house","PA05","O","M",1.375,NA,6,3112.26,0,NA,NA,NA,NA
"fd2020","nations","joey","200","OR","federal:house","OR05","C","M",1.637,1.59,127,66282.87,66283.21,0.1741,"L",NA,NA
"fd2020","horn","kendra","100","OK","federal:house","OK05","I","F",-0.783,-0.578,14501,5980141.93,5976536.82,0.8569,"W",47.94,"L"
"fd2020","robbins","frankie","100","OK","federal:house","OK03","C","M",-1.125,-1.022,20,0,0,NA,NA,NA,NA
"fd2020","gonzalez","anthony","200","OH","federal:house","OH16","I","M",0.81,0.842,2238,2393596.6,1895208.47,1,"W",63.19,"W"
"fd2020","stivers","steve","200","OH","federal:house","OH15","I","M",0.798,0.939,6893,3017019.07,2305320.33,0.8812,"W",63.41,"W"
"fd2020","weaver","laura","100","OH","federal:house","OH01","C","F",-1.455,-1.323,19,3119,4370.38,NA,NA,NA,NA
"fd2020","collins","christopher","200","NY","federal:house","NY27","I","M",1.033,0.94,2666,517605.63,722021.83,NA,NA,NA,NA
"fd2020","brindisi","anthony","100","NY","federal:house","NY22","I","M",-0.923,-0.75,13789,6149102.8,5901341.91,1,"W",43.45,"L"
"fd2020","delgado","antonio","100","NY","federal:house","NY19","I","M",-0.962,-0.961,22589,6020522.04,3034333.02,1,"W",47.7,"W"
"fd2020","rose","max","100","NY","federal:house","NY11","I","M",-0.787,-0.805,20872,9323126.22,9537934.79,1,"W",45.9,"L"
"fd2020","meeks","gregory","100","NY","federal:house","NY05","I","M",-0.448,-0.652,5773,2126017.21,1495899.66,0.7563,"W",99.33,"W"
"fd2020","sax","mike","100","NY","federal:house","NY02","C","M",-1.203,NA,8,0,0,NA,NA,NA,NA
"fd2020","lujan","ben","100","NM","federal:house","NM03","I","M",-0.891,-0.809,59012,18591155.2,19193926.82,NA,NA,NA,NA
"fd2020","herrell","stella","200","NM","federal:house","NM02","C","F",1.429,1.478,9949,2868121.64,2984195.58,0.4461,"W",53.7,"W"
"fd2020","sherrill","mikie","100","NJ","federal:house","NJ11","I","F",-0.881,-0.891,31923,6494469.85,3807868.3,1,"W",53.3,"W"
"fd2020","kim","andy","100","NJ","federal:house","NJ03","I","M",-0.963,-0.76,71164,7358014.54,6869993.74,1,"W",53.23,"W"
"fd2020","vandrew","jeff","200","NJ","federal:house","NJ02","I","M",1.192,NA,42519,4326538.52,4138860.95,0.8235,"W",51.93,"W"
"fd2020","eastman","kara","100","NE","federal:house","NE02","C","F",-1.036,-0.998,25454,4524583.42,4578198.75,0.6216,"W",46.21,"L"
"fd2020","ortiz","gabriel","100","NC","federal:house","NC12","C","M",-0.899,NA,253,0,0,NA,NA,NA,NA
"fd2020","law","philip","200","NC","federal:house","NC03","C","M",1.761,1.777,82,78070,78963.32,NA,NA,NA,NA
"fd2020","bush","cori","100","MO","federal:house","MO01","C","F",-1.139,-1.143,47192,1429836.58,1345333.87,0.4852,"W",78.78,"W"
"fd2020","stauber","peter","200","MN","federal:house","MN08","I","M",1.166,1.344,4975,2602490.35,2618059.12,0.9375,"W",56.75,"W"
"fd2020","sherman","jayesun","200","MN","federal:house","MN07","C","U",1.519,1.438,12,9093.1,11438.99,0.0169,"L",NA,NA
"fd2020","phillips","dean","100","MN","federal:house","MN03","I","M",-0.778,-0.898,12337,2391906.46,2215321.52,0.9075,"W",55.61,"W"
"fd2020","stevens","haley","100","MI","federal:house","MI11","I","F",-0.827,-0.959,17746,5884928.62,5815452.57,1,"W",50.2,"W"
"fd2020","gray","aida","100","MI","federal:house","MI06","C","F",NA,-1.102,8,2698.6,0,NA,NA,NA,NA
"fd2020","golden","jared","100","ME","federal:house","ME02","I","M",-0.961,-0.867,29452,5382793.11,5344641.06,1,"W",53.04,"W"
"fd2020","pretot","jake","100","MD","federal:house","MD02","C","M",-1.182,-1.14,8,610,24.11,0.0872,"L",NA,NA
"fd2020","richmond","cedric","100","LA","federal:house","LA02","I","M",-0.324,-0.488,4409,1630814.25,1304604.99,1,"W",63.61,"W"
"fd2020","guthrie","s brett","200","KY","federal:house","KY02","I","M",0.956,1.062,4760,1425219.6,1579044.63,0.8863,"W",70.96,"W"
"fd2020","estes","ron","200","KS","federal:house","KS04","C","M",1.14,1.056,3611,0,0,NA,NA,63.6524634071552,"W"
"fd2020","harmon","wayne","200","IN","federal:house","IN07","C","M",NA,1.483,29,0,0,NA,NA,NA,NA
"fd2020","baird","james","200","IN","federal:house","IN04","I","M",1.223,1.352,1202,371674,233207.62,1,"W",66.62,"W"
"fd2020","underwood","lauren","100","IL","federal:house","IL14","I","F",-1.038,-1.001,41684,7862452.21,7360376.83,1,"W",50.67,"W"
"fd2020","clark","anthony","100","IL","federal:house","IL07","C","M",-1.134,-1.132,2043,145516.16,145516.16,0.1298,"L",NA,NA
"fd2020","garcia","jesus","100","IL","federal:house","IL04","I","M",-0.74,-0.789,5500,838108.77,726422.03,1,"W",84.05,"W"
"fd2020","newman","marie","100","IL","federal:house","IL03","C","F",-1.019,-0.981,26597,2835512.46,2732742.44,0.4726,"W",56.38,"W"
"fd2020","smith","michael","100","ID","federal:house","ID01","O","M",-1.193,NA,18,0,0,NA,NA,NA,NA
"fd2020","cowen","martin","328","GA","federal:house","GA13","C","M",1.468,1.473,14,17992.96,17996.74,0.001,"W",0.02,"L"
"fd2020","cooper","james","328","GA","federal:house","GA08","C","M",-1.292,-1.249,6,8542.09,8527.85,0.001,"W",0.02,"L"
"fd2020","bourdeaux","carolyn","100","GA","federal:house","GA07","C","F",-0.948,-0.952,14592,5303913.83,5331899.54,0.5278,"W",51.39,"W"
"fd2020","mcbath","lucia","100","GA","federal:house","GA06","I","F",-0.992,NA,51944,8678503.63,8757258.96,1,"W",54.59,"W"
"fd2020","ring","lisa","100","GA","federal:house","GA01","C","F",-1.143,-1.09,1055,79075.81,73597.99,0.4601,"L",NA,NA
"fd2020","steube","greg","200","FL","federal:house","FL17","I","M",1.223,1.284,5343,768470.93,629762.91,1,"W",64.63,"W"
"fd2020","spano","vincent","200","FL","federal:house","FL15","I","M",1.342,1.307,2244,1130466.71,1108389.75,0.4877,"L",NA,NA
"fd2020","buck","george","200","FL","federal:house","FL13","C","M",1.503,1.598,890,1136065.13,1133626.17,0.2579,"L",NA,NA
"fd2020","waltz","michael","200","FL","federal:house","FL06","I","M",1.231,1.374,11480,2869733.18,2036834.48,1,"W",60.61,"W"
"fd2020","peters","brandon","100","FL","federal:house","FL03","C","M",-0.601,-0.801,966,218,4522.53,NA,NA,NA,NA
"fd2020","routledge","root","100","CO","federal:house","CO03","C","U",-1.071,-1.056,22,7429.1,7432.95,NA,NA,NA,NA
"fd2020","campa najjar","ammar","100","CA","federal:house","CA50","C","M",-1.057,-1.058,56540,6429130.92,6428682.95,0.3647,"W",46.05,"L"
"fd2020","mendoza","sandra","100","CA","federal:house","CA34","C","F",-0.761,-0.94,179,840.12,845.5,NA,NA,NA,NA
"fd2020","lutz","mary","100","CA","federal:house","CA32","C","F",-1.189,-1.002,233,34769.22,154520.92,NA,NA,NA,NA
"fd2020","denney","audrey","100","CA","federal:house","CA01","C","F",-1.097,-1.066,10421,2479555.32,2475446.47,0.3936,"L",43.01,"L"
"fd2020","musselwhite","robert","100","AZ","federal:house","AZ08","C","M",-1.059,-0.969,30,19678.28,20226.68,0.1449,"L",NA,NA
"fd2020","smith","d adam","100","WA","federal:house","WA09","I","M",-0.467,-0.754,5754,1327196.11,933144.97,0.7359,"W",74.14,"W"
"fd2020","mceachin","aston","100","VA","federal:house","VA04","I","M",-0.748,-0.777,4123,986394.45,988770.9,0.7995,"W",61.62,"W"
"fd2020","scott","robert","100","VA","federal:house","VA03","I","M",-0.692,-0.835,3482,875926.24,837219.09,1,"W",68.35,"W"
"fd2020","arrington","jodey","200","TX","federal:house","TX19","I","M",1.254,1.304,3909,2535447.58,1970964.11,0.8944,"W",74.78,"W"
"fd2020","gonzalez","vicente","100","TX","federal:house","TX15","I","M",-0.194,-0.224,5692,1257881.45,907999.77,1,"W",50.5,"W"
"fd2020","cohen","stephen","100","TN","federal:house","TN09","I","M",-0.321,-0.539,3303,608930.06,458671.14,0.8402,"W",77.37,"W"
"fd2020","roe","david","200","TN","federal:house","TN01","I","M",1.162,1.167,1771,141221,252398.52,NA,NA,NA,NA
"fd2020","fitzpatrick","brian","200","PA","federal:house","PA01","I","M",0.55,0.485,7856,4240717.33,4309027.55,0.6315,"W",56.43,"W"
"fd2020","evans","dwight","100","PA","federal:house","PA03","I","M",-0.725,-0.564,7753,947183.81,786062.98,1,"W",90.9,"W"
"fd2020","walden","gregory","200","OR","federal:house","OR02","I","M",0.826,1.048,8384,1642609.97,1874515.89,NA,NA,NA,NA
"fd2020","jordan","james","200","OH","federal:house","OH04","I","M",1.525,1.606,113765,18637124.6,13268968.45,1,"W",67.85,"W"
"fd2020","suozzi","thomas","100","NY","federal:house","NY03","I","M",-0.344,-0.802,38202,2960576.85,2350850.41,0.6638,"W",52.59,"W"
"fd2020","pascrell","william","100","NJ","federal:house","NJ09","I","M",-0.498,-0.628,8581,1607398.33,1842258.71,0.8063,"W",65.8,"W"
"fd2020","bacon","donald","200","NE","federal:house","NE02","I","M",1.052,1.336,9516,3790454.61,3755143.73,0.9061,"W",50.77,"W"
"fd2020","cano","fernando","100","NC","federal:house","NC09","C","M",-1.247,-1.164,179,8137.5,8121.18,NA,NA,NA,NA
"fd2020","craig","angela","100","MN","federal:house","MN02","I","F",-0.93,-0.911,29575,5676522.49,4731913.51,1,"W",48.18,"W"
"fd2020","bergman","john","200","MI","federal:house","MI01","I","M",1.079,1.224,3650,1985526.54,1850480.65,1,"W",61.65,"W"
"fd2020","johnson","james","200","LA","federal:house","LA04","I","M",1.22,1.497,84642,1323911.12,1063517.39,1,"W",60.43,"W"
"fd2020","higgins","clay","200","LA","federal:house","LA03","I","M",1.301,NA,2451,767293.29,736218.6,0.001,"W",67.76,"W"
"fd2020","stepp","kenneth","100","KY","federal:house","KY05","C","M",-0.989,-0.858,35,173,173,NA,NA,NA,NA
"fd2020","marshall","roger","200","KS","federal:house","KS01","I","M",1.252,1.214,11646,13522287.1,14318941.1,NA,NA,NA,NA
"fd2020","krishnamoorthi","s raja","100","IL","federal:house","IL08","I","M",-0.781,-0.824,46113,6411078.44,2259903.3,0.7994,"W",73.16,"W"
"fd2020","johnson","henry","100","GA","federal:house","GA04","I","M",-0.858,-0.609,4390,636162.75,498219.43,0.6841,"W",80.08,"W"
"fd2020","rooney","francis","200","FL","federal:house","FL19","I","M",1.357,1.26,708,6797.35,644134.84,NA,NA,NA,NA
"fd2020","walker","kimberly","100","FL","federal:house","FL12","C","F",-1.181,-1.14,558,42802.1,33543.84,1,"W",37.12,"L"
"fd2020","bilirakis","gus","200","FL","federal:house","FL12","I","M",0.861,1.031,8848,1609445.83,1553942.14,1,"W",62.88,"W"
"fd2020","murphy","stephanie","100","FL","federal:house","FL07","I","F",-0.473,-0.609,6363,3154665.17,1828521.74,1,"W",55.34,"W"
"fd2020","mills","ralph","200","FL","federal:house","FL01","C","M",2.606,2.688,5,27049.12,26543.58,0.0961,"L",NA,NA
"fd2020","cohen","ronald","200","CA","federal:house","CA17","C","M",1.644,1.563,4,0,0,NA,NA,NA,NA
"fd2020","biggs","andy","200","AZ","federal:house","AZ05","I","M",1.387,1.494,8205,1704233.12,1338431.77,0.9956,"W",58.88,"W"
"fd2020","grothman","glenn","200","WI","federal:house","WI06","I","M",1.435,1.432,6354,1829916.45,1750819.12,0.9971,"W",59.23,"W"
"fd2020","moore","gwen","100","WI","federal:house","WI04","I","F",-0.744,-0.921,4197,1199156.96,1181900.52,0.9943,"W",74.65,"W"
"fd2020","mcmorris rodgers","cathy","200","WA","federal:house","WA05","I","F",1.247,1.196,17186,4419970.26,3503094.11,0.5273,"W",61.29,"W"
"fd2020","lee","sheila","100","TX","federal:house","TX18","I","F",-0.493,-0.778,5219,1068464.88,874961.29,0.7708,"W",73.29,"W"
"fd2020","boyle","brendan","100","PA","federal:house","PA02","I","M",-0.41,-0.638,4306,1560584.3,760250.39,1,"W",72.47,"W"
"fd2020","higgins","brian","100","NY","federal:house","NY26","I","M",-0.314,-0.302,4956,1128729.72,988667.46,1,"W",63.26,"W"
"fd2020","stefanik","elise","200","NY","federal:house","NY21","I","F",1.322,1.196,127189,13349928.94,11718616.84,1,"W",52.9,"W"
"fd2020","rice","kathleen","100","NY","federal:house","NY04","I","F",-0.543,-0.856,7119,1124280.24,1228432.21,1,"W",56.13,"W"
"fd2020","coleman","bonnie","100","NJ","federal:house","NJ12","I","F",-0.904,-0.882,5858,806729.36,848941.86,0.8919,"W",65.64,"W"
"fd2020","wildes","michael","100","NJ","federal:house","NJ09","C","M",-0.064,-0.715,510,83674.49,5372.26,NA,NA,NA,NA
"fd2020","fortenberry","jeffrey","200","NE","federal:house","NE01","I","M",1.144,1.251,3579,1479931.94,2465446.06,1,"W",59.52,"W"
"fd2020","walker","bradley","200","NC","federal:house","NC06","I","M",1.225,1.386,3426,893357.37,788986.24,NA,NA,NA,NA
"fd2020","thompson","bennie","100","MS","federal:house","MS02","I","M",-0.464,-0.91,5495,1379891.97,1099404.11,0.9399,"W",66.02,"W"
"fd2020","smith","jason","200","MO","federal:house","MO08","I","M",1.124,1.238,15941,1902371.34,1516929.93,1,"W",76.86,"W"
"fd2020","dingell","debbie","100","MI","federal:house","MI12","I","F",-0.605,-0.83,7235,1633275.73,1692360.02,0.8093,"W",66.43,"W"
"fd2020","moolenaar","john","200","MI","federal:house","MI04","I","M",1.048,1.139,5265,1534896.16,1042443.69,1,"W",65,"W"
"fd2020","ferguson","dana","100","MI","federal:house","MI01","C","F",-1.041,-1.005,1968,0,0,NA,NA,NA,NA
"fd2020","mcgovern","james","100","MA","federal:house","MA02","I","M",-0.87,-0.752,11071,1056341.59,1093204.78,0.9944,"W",65.33,"W"
"fd2020","graves","garret","200","LA","federal:house","LA06","I","M",0.865,1.045,5023,1782976.83,1240249.26,0.001,"W",71.05,"W"
"fd2020","visclosky","peter","100","IN","federal:house","IN01","I","M",-0.28,-0.264,5190,627572.46,995347.47,NA,NA,NA,NA
"fd2020","bost","michael","200","IL","federal:house","IL12","I","M",0.757,1.16,6146,1948780.91,1540312.3,1,"W",60.43,"W"
"fd2020","loudermilk","barry","200","GA","federal:house","GA11","I","M",1.324,1.313,2548,899982.15,723065.86,1,"W",60.43,"W"
"fd2020","mensing","dale","200","CA","federal:house","CA02","C","M",1.694,1.808,5,5959.5,2235.73,0.1885,"L",24.26,"L"
"fd2020","amata","aumua","200","AS","federal:house","AS01","I","F",0.988,0.983,431,75727.21,76126.16,0.001,"W",83.33,"W"
"fd2020","hill","james","200","AR","federal:house","AR02","I","M",1.032,1.071,5209,3423234.37,3059235.64,1,"W",55.37,"W"
"fd2020","pocan","mark","100","WI","federal:house","WI02","I","M",-0.987,-0.886,15161,1293769.38,1017815.48,0.996,"W",69.67,"W"
"fd2020","stewart","chris","200","UT","federal:house","UT02","I","M",1.014,1.115,2311,951886.52,929210.17,1,"W",59,"W"
"fd2020","veasey","marc","100","TX","federal:house","TX33","I","M",-0.584,-0.87,4547,1639811.54,1631328.46,0.6357,"W",66.82,"W"
"fd2020","williams","roger","200","TX","federal:house","TX25","I","M",1.291,1.235,5028,2446005.09,3358150.96,0.8757,"W",55.93,"W"
"fd2020","vela","filemon","100","TX","federal:house","TX34","I","M",-0.292,-0.246,2018,993228.15,1034382.25,0.7506,"W",55.43,"W"
"fd2020","sessions","pete","200","TX","federal:house","TX17","C","M",1.197,1.308,10383,1485908.61,1696588.07,0.3161,"W",55.85,"W"
"fd2020","cooper","james","100","TN","federal:house","TN05","I","M",-0.485,-0.571,7932,939747.01,1335308.99,0.5709,"W",99.99,"W"
"fd2020","wilson","joe","200","SC","federal:house","SC02","I","M",1.124,1.24,8207,1686288.77,1762180.03,0.7412,"W",55.66,"W"
"fd2020","clyburn","james","100","SC","federal:house","SC06","I","M",-0.509,-0.676,15136,3447751.06,2372934.32,1,"W",68.18,"W"
"fd2020","perry","scott","200","PA","federal:house","PA10","I","M",1.32,1.341,9368,4020493.92,3905339.93,0.9954,"W",53.24,"W"
"fd2020","cole","tom","200","OK","federal:house","OK04","I","M",0.781,1.124,7102,1816062.45,1757230.27,0.7633,"W",67.79,"W"
"fd2020","ryan","timothy","100","OH","federal:house","OH13","I","M",-0.452,-0.638,308859,1991087.32,2089544.91,1,"W",52.49,"W"
"fd2020","joyce","david","200","OH","federal:house","OH14","I","M",0.715,0.918,4747,2942391.5,2526144.67,0.8312,"W",59.59,"W"
"fd2020","beatty","joyce","100","OH","federal:house","OH03","I","F",-0.427,-0.633,6602,2238648.69,2551301.54,0.6812,"W",70.83,"W"
"fd2020","maloney","carolyn","100","NY","federal:house","NY12","I","F",-0.627,-0.583,13679,3069723.16,3061751.82,0.4272,"W",82.09,"W"
"fd2020","king","pete","200","NY","federal:house","NY02","I","M",0.521,0.921,5753,616672.45,712496.37,NA,NA,NA,NA
"fd2020","horsford","steven","100","NV","federal:house","NV04","I","M",-0.719,-0.727,12889,3516730.34,3048784.98,0.7506,"W",50.67,"W"
"fd2020","payne","donald","100","NJ","federal:house","NJ10","I","M",-0.661,-0.674,2257,593734.97,464776.89,0.8845,"W",83.28,"W"
"fd2020","holding","george","200","NC","federal:house","NC02","I","M",1.085,1.192,3337,994848.24,898835.33,NA,NA,NA,NA
"fd2020","pittenger","robert","200","NC","federal:house","NC09","C","M",1.192,1.287,4247,505.7,2294.49,NA,NA,NA,NA
"fd2020","rouzer","david","200","NC","federal:house","NC07","I","M",1.213,1.093,4231,1642500.38,1052924.78,1,"W",60.25,"W"
"fd2020","wagner","ann","200","MO","federal:house","MO02","I","F",1.276,1.253,25128,5653505.76,6568319.89,1,"W",51.89,"W"
"fd2020","lawrence","brenda","100","MI","federal:house","MI14","I","F",-0.49,-0.87,2702,1087214.74,792122.01,0.932,"W",79.28,"W"
"fd2020","kildee","daniel","100","MI","federal:house","MI05","I","M",-0.695,-0.739,12244,1677147.06,1511290.07,1,"W",54.45,"W"
"fd2020","lynch","stephen","100","MA","federal:house","MA08","I","M",-0.5,-0.588,8649,911202.1,1140250.06,0.664,"W",80.68,"W"
"fd2020","massie","thomas","200","KY","federal:house","KY04","I","M",1.392,1.315,4065,1464744.63,1570704.21,0.81,"W",67.09,"W"
"fd2020","brooks","susan","200","IN","federal:house","IN05","I","F",1.196,1.1,3013,231563.52,633755.68,NA,NA,NA,NA
"fd2020","davis","rodney","200","IL","federal:house","IL13","I","M",1.02,1.105,10330,5011860.29,4891001.05,1,"W",54.46,"W"
"fd2020","gabbard","tulsi","100","HI","federal:house","HI02","I","F",-0.597,-0.66,137231,737136.68,2624858.61,NA,NA,NA,NA
"fd2020","collins","douglas","200","GA","federal:house","GA09","I","M",1.322,1.393,13162,1858809.75,2706291.12,NA,NA,NA,NA
"fd2020","brownley","julia","100","CA","federal:house","CA26","I","F",-1.007,-1.008,21610,2013696.47,1351678.67,0.5585,"W",60.58,"W"
"fd2020","barkley","michael","100","CA","federal:house","CA10","C","M",-1.12,-1.038,564,7792.19,10159.26,0.0352,"L",NA,NA
"fd2020","duffy","sean","200","WI","federal:house","WI07","I","M",1.411,1.39,5632,1181751.43,922786.62,NA,NA,NA,NA
"fd2020","herrera beutler","jaime","200","WA","federal:house","WA03","I","F",1.234,1.154,12222,4623991.32,4586793.79,0.5624,"W",56.37,"W"
"fd2020","heck","dennis","100","WA","federal:house","WA10","I","M",-0.554,-0.755,4498,492416.82,666965.16,NA,NA,NA,NA
"fd2020","griffith","h morgan","200","VA","federal:house","VA09","I","M",1.163,1.228,3967,877151.28,467455.47,1,"W",93.98,"W"
"fd2020","kadir","omar","100","TX","federal:house","TX31","C","M",-1.168,-1.065,4,235.3,235.3,NA,NA,NA,NA
"fd2020","pruneda","mateo","100","TX","federal:house","TX26","C","M",-1.128,-1.139,88,33256.45,21500.16,0.2801,"L",NA,NA
"fd2020","kuzmich","stephen","328","TX","federal:house","TX24","C","M",0.308,0.507,45,175504.46,201331.76,NA,"L",1.23,"L"
"fd2020","hurd","william","200","TX","federal:house","TX23","I","M",1.098,1.245,4687,1277366.69,1229303.74,NA,NA,NA,NA
"fd2020","walz","thaddeus","200","TX","federal:house","TX22","C","M",2.39,2.516,7,54951.82,49447.63,0.0142,"L",NA,NA
"fd2020","flores","bill","200","TX","federal:house","TX17","I","M",1.077,1.276,3171,415115.87,587871.65,NA,NA,NA,NA
"fd2020","khan","imran","100","TX","federal:house","TX06","C","M",-0.911,NA,40,0,0,NA,NA,NA,NA
"fd2020","cardnell","elisa","100","TX","federal:house","TX02","C","F",-0.953,-0.92,2644,388780.87,388780.87,0.3102,"L",NA,NA
"fd2020","fleischmann","charles","200","TN","federal:house","TN03","I","M",1.102,1.173,3750,1057453.39,387211.2,1,"W",67.3,"W"
"fd2020","spawn","ellee","100","SD","federal:house","SD01","C","F",-1.247,-0.977,20,0,0,NA,NA,NA,NA
"fd2020","covert","michael","200","SC","federal:house","SC01","C","M",1.453,NA,102,176002.01,176002.01,NA,NA,NA,NA
"fd2020","brier","thomas","100","PA","federal:house","PA10","C","M",-0.623,-0.752,1483,670965.37,669223.23,0.425,"L",NA,NA
"fd2020","hendricks","darryl","100","PA","federal:house","PA07","C","M",1.247,1.198,7318,3740779.05,3661738.3,0.5212,"W",48.07,"L"
"fd2020","gibbs","robert","200","OH","federal:house","OH07","I","M",0.753,1.156,3398,791888.23,453928.25,1,"W",67.5,"W"
"fd2020","whitmer","duane","328","NY","federal:house","NY27","C","M",1.108,1.183,14,36056.18,36056.18,0.746,"W",1.27,"L"
"fd2020","serrano","jose","100","NY","federal:house","NY15","I","M",-0.678,-0.489,2031,17751,47068.35,NA,NA,NA,NA
"fd2020","ortiz","jonathan","100","NY","federal:house","NY15","C","M",-1.069,-1.054,50,9505.55,9502.56,NA,NA,NA,NA
"fd2020","malliotakis","nicole","200","NY","federal:house","NY11","C","F",1.002,0.894,17542,3506503.67,3483560.24,0.6868,"W",48.9,"W"
"fd2020","weinstock","michael","100","NY","federal:house","NY03","C","M",-0.47,-0.423,179,88588,89287.46,0.0772,"L",NA,NA
"fd2020","mathys","chris","200","NM","federal:house","NM02","C","M",1.271,1.361,15,316132,316032,0.2378,"L",NA,NA
"fd2020","kuster","ann","100","NH","federal:house","NH02","I","F",-0.996,-0.869,33396,3045110.35,3055351.43,0.9259,"W",53.9,"W"
"fd2020","ashford","ann","100","NE","federal:house","NE02","C","F",-0.511,-0.43,772,511333.55,511256.01,0.3119,"L",NA,NA
"fd2020","sobie","curtis","100","NC","federal:house","NC04","C","M",-1.234,-1.207,35,4173.19,3253.45,NA,NA,NA,NA
"fd2020","thomas","allen","100","NC","federal:house","NC03","C","M",-0.583,-0.797,343,623737.88,623586.75,NA,NA,NA,NA
"fd2020","perry","joan","200","NC","federal:house","NC03","C","F",1.08,1.159,342,504760.05,504760.05,NA,NA,NA,NA
"fd2020","cairns","celeste","200","NC","federal:house","NC03","C","F",1.309,1.408,178,133966.25,133966.25,NA,NA,NA,NA
"fd2020","murphy","gregory","200","NC","federal:house","NC03","C","M",1.229,1.31,3760,1874948.63,1612717.53,1,"W",63.38,"W"
"fd2020","speciale","michael","200","NC","federal:house","NC03","C","M",1.62,1.525,333,16702.45,16702.45,NA,NA,NA,NA
"fd2020","nix","michele","200","NC","federal:house","NC01","C","F",1.438,NA,63,59694.5,59694.5,0.0989,"L",NA,NA
"fd2020","carter","deandre","100","NC","federal:house","NC01","C","M",-1.181,-1.172,19,0,0,NA,NA,NA,NA
"fd2020","palazzo","steven","200","MS","federal:house","MS04","I","M",1.14,1.274,2661,827661.5,758749.1,0.6682,"W",100,"W"
"fd2020","abundis","vic","100","MO","state:lower","MO06","O","M",-0.903,-0.91,155,21748.67,15614.5,NA,NA,NA,NA
"fd2020","sandbeck","david","100","MN","federal:house","MN04","C","M",-1.369,-1.354,27,16181,15300,0.036,"L",NA,NA
"fd2020","noland","kelly","100","MI","federal:house","MI10","C","F",-1.05,-0.997,22,0,0,0.4627,"L",NA,NA
"fd2020","rafi","emily","100","MI","federal:house","MI03","C","F",-0.677,-0.66,15,26586,26586,0.0368,"L",NA,NA
"fd2020","parrott","neil","200","MD","federal:house","MD06","C","M",1.291,1.348,6033,316822.29,261468.42,0.652,"W",39.19,"L"
"fd2020","dar","mohammad","100","MA","federal:house","MA08","C","M",-0.942,-0.977,553,192106.13,191627.13,NA,NA,NA,NA
"fd2020","bucshon","larry","200","IN","federal:house","IN08","I","M",1.124,1.179,2950,1056939.69,1084250.52,1,"W",66.95,"W"
"fd2020","malouf","daniel","200","IL","federal:house","IL14","C","M",1.157,1.245,9,25071.98,24358.98,NA,NA,NA,NA
"fd2020","emmons","robert","100","IL","federal:house","IL01","C","M",-1.043,-0.978,795,0,0,0.1027,"L",NA,NA
"fd2020","taylor","jeremy","200","IA","federal:house","IA04","C","M",1.413,1.389,818,170532.92,170532.92,0.0783,"L",NA,NA
"fd2020","kahele","kaiali","100","HI","federal:house","HI02","C","M",-0.711,-0.851,6787,1253138.86,1059752.97,0.7647,"W",63.03,"W"
"fd2020","stephens","key","100","GA","federal:house","GA09","C","U",-1.08,NA,931,0,0,NA,NA,NA,NA
"fd2020","scott","james","200","GA","federal:house","GA08","I","M",1.214,1.298,3595,836255.71,730669.43,0.8981,"W",64.51,"W"
"fd2020","eaves","john","100","GA","federal:house","GA07","C","M",-0.698,-0.748,642,171494.53,172134.5,0.0773,"L",NA,NA
"fd2020","cole","marqus","100","GA","federal:house","GA07","O","M",-1,NA,202,60717.88,60717.88,NA,NA,NA,NA
"fd2020","hice","jody","200","GA","federal:house","GA10","I","M",1.478,1.57,1365,600996.55,462698.35,1,"W",62.31,"W"
"fd2020","jones","lateresa","200","FL","federal:house","FL20","C","F",1.115,NA,18,5096.95,4306.49,NA,NA,NA,NA
"fd2020","chester","albert","100","FL","federal:house","FL05","C","M",-0.783,-0.776,434,77748.85,46372.76,0.2593,"L",NA,NA
"fd2020","lawson","alfred","100","FL","federal:house","FL05","I","M",-0.094,-0.295,4805,884597.08,731877.75,0.5573,"W",65.13,"W"
"fd2020","rodriguez","ruben","200","CT","federal:house","CT05","C","M",1.512,0.78,10,3782.54,3782.54,NA,"L",NA,NA
"fd2020","winters","charlie","100","CO","federal:house","CO01","C","M",-1.175,NA,13,0,0,NA,NA,NA,NA
"fd2020","wilske","larry","200","CA","federal:house","CA50","C","M",1.441,1.523,236,476219.87,472128.32,NA,NA,NA,NA
"fd2020","williams","grace","100","CA","federal:house","CA41","C","F",-0.107,-0.308,63,40696.28,40455.26,0.1619,"L",NA,NA
"fd2020","bradley","james","200","CA","federal:house","CA33","C","M",1.38,NA,181,100849.8,100974.8,0.1745,"L",32.42,"L"
"fd2020","omara","william","100","CA","federal:house","CA42","C","M",-1.108,-1.115,947,131355.03,130072.24,0.2294,"L",42.87,"L"
"fd2020","gonzales","emanuel","100","CA","federal:house","CA32","C","M",-1.14,-1.15,29,5812,5917.26,0.1246,"L",NA,NA
"fd2020","bacelar","agatha","328","CA","federal:house","CA12","C","F",-0.924,-0.964,515,81751.68,79041.03,0.0151,"L",NA,NA
"fd2020","wadsack","justine","200","AZ","federal:house","AZ02","C","F",1.634,1.615,272,17427.68,17329.65,NA,NA,NA,NA
"fd2020","gosar","paul","200","AZ","federal:house","AZ04","I","M",1.381,1.202,4984,651498.66,759239.4,0.6313,"W",69.74,"W"
"fd2020","connolly","gerry","100","VA","federal:house","VA11","I","M",-0.768,-0.826,12175,2019757.38,1832941.47,0.776,"W",71.39,"W"
"fd2020","fudge","marcia","100","OH","federal:house","OH11","I","F",-0.6,-0.814,1975,782503,526535.21,0.9047,"W",80.05,"W"
"fd2020","marchant","kenny","200","TX","federal:house","TX24","I","M",1.212,1.329,2950,809351.41,817406.44,NA,NA,NA,NA
"fd2020","thornberry","william","200","TX","federal:house","TX13","I","M",1.189,0.962,4539,484319.12,609943.28,NA,NA,NA,NA
"fd2020","doyle","michael","100","PA","federal:house","PA18","I","M",-0.539,-0.426,3264,1012481.72,1003462.76,0.6689,"W",69.1,"W"
"fd2020","carter","john","200","TX","federal:house","TX31","I","M",1.295,1.071,6911,2168867.75,2223167.18,0.8228,"W",53.43,"W"
"fd2020","burgess","michael","200","TX","federal:house","TX26","I","M",1.061,1.601,15150,1827226.5,2102029.75,0.736,"W",60.61,"W"
"fd2020","cuellar","roberto","100","TX","federal:house","TX28","I","M",0.385,-0.063,8844,2752019.23,3747550.47,0.5179,"W",58.3,"W"
"fd2020","scott","david","100","GA","federal:house","GA13","I","M",-0.293,-0.102,4309,1228393.21,1142722.37,0.5292,"W",77.39,"W"
"fd2020","cantwell","maria","100","WA","federal:senate","WAS24","I","F",-1.1,-0.834,50414,955976.58,1130261.19,NA,NA,NA,NA
"fd2020","wicker","roger","200","MS","federal:senate","MSS24","I","M",1.07,1.344,13477,603587.64,768389.32,NA,NA,NA,NA
"fd2020","sensenbrenner","f james","200","WI","federal:house","WI05","I","M",1.24,NA,2577,63608.52,170290.47,NA,NA,NA,NA
"fd2020","latta","robert","200","OH","federal:house","OH05","I","M",1.102,1.107,7021,1594841.86,1490979.38,1,"W",68,"W"
"fd2020","lowey","nita","100","NY","federal:house","NY17","I","F",-0.588,-0.719,7976,721946.5,1369302.12,NA,NA,NA,NA
"fd2020","smith","christopher","200","NJ","federal:house","NJ04","I","M",0.648,0.082,5227,1386941.44,1288378.48,0.9476,"W",59.88,"W"
"fd2020","luetkemeyer","w blaine","200","MO","federal:house","MO03","I","M",1.058,1.264,12784,2026937.9,2085423.07,0.7484,"W",69.44,"W"
"fd2020","carson","andre","100","IN","federal:house","IN07","I","M",-0.808,-0.568,4767,1020534.26,882861.6,0.9177,"W",62.44,"W"
"fd2020","posey","bill","200","FL","federal:house","FL08","I","M",1.203,1.085,5770,990772.81,1127338.76,0.6247,"W",61.35,"W"
"fd2020","larson","john","100","CT","federal:house","CT01","I","M",-0.537,-0.473,7903,1390151.56,1336604.38,0.001,"W",60.99,"W"
"fd2020","kirkpatrick","ann","100","AZ","federal:house","AZ02","I","F",-0.958,-0.913,111872,1898759.09,1433662.33,0.7633,"W",55.1,"W"
"fd2020","welch","peter","100","VT","federal:house","VT01","I","M",-1.142,-0.907,24573,852093.62,869590.98,0.9545,"W",67.31,"W"
"fd2020","defazio","peter","100","OR","federal:house","OR04","I","M",-0.773,-0.677,24833,5286362.26,5884593.25,0.8373,"W",51.52,"W"
"fd2020","sires","albio","100","NJ","federal:house","NJ08","I","M",-0.391,-0.636,3323,605810.03,551324.8,0.7033,"W",74.03,"W"
"fd2020","upton","frederick","200","MI","federal:house","MI06","I","M",0.988,1.034,9271,3646564.23,3494801.18,0.6266,"W",55.81,"W"
"fd2020","roskam","peter","200","IL","federal:house","IL06","C","M",1.215,1.324,10270,4428.7,22410.28,NA,NA,NA,NA
"fd2020","castor","kathy","100","FL","federal:house","FL14","I","F",-0.545,-0.654,7206,892192.37,1209194.16,1,"W",60.26,"W"
"fd2020","green","alexander","100","TX","federal:house","TX09","I","M",-0.719,-0.556,1881,476563.73,502385.88,0.8357,"W",75.48,"W"
"fd2020","clarke","yvette","100","NY","federal:house","NY09","I","F",-0.725,-0.674,8115,1215128.7,1205204.66,0.5994,"W",70.61,"W"
"fd2020","butterfield","g","100","NC","federal:house","NC01","I","M",-0.577,-0.814,3604,1040201.15,887752.32,1,"W",54.18,"W"
"fd2020","davis","danny","100","IL","federal:house","IL07","I","M",-0.662,-0.634,4200,549990.33,510806.2,0.6019,"W",80.41,"W"
"fd2020","wasserman schultz","debbie","100","FL","federal:house","FL23","I","F",-0.691,-0.581,24293,2204638,1992619.2,0.7204,"W",58.19,"W"
"fd2020","turner","michael","200","OH","federal:house","OH10","I","M",0.905,0.912,5121,1765007.79,1748901.36,0.8637,"W",58.36,"W"
"fd2020","grijalva","raul","100","AZ","federal:house","AZ03","I","M",-0.874,-0.766,23236,879340.53,691287.6,1,"W",64.57,"W"
"fd2020","quigley","mike","100","IL","federal:house","IL05","I","M",-0.664,-0.704,3107,1172557.2,927704.61,0.751,"W",70.77,"W"
"fd2020","heller","dean","200","NV","federal:house","NV02","C","M",NA,1.282,10999,271371.29,214036.68,NA,NA,NA,NA
"fd2020","hull","stevie","200","NC","federal:house","NC09","O","M",1.109,NA,39,69552.16,69552.16,NA,NA,NA,NA
"fd2020","shubert","fern","200","NC","federal:house","NC09","O","F",1.638,1.445,301,9284.52,9284.52,NA,NA,NA,NA
"fd2020","rushing","stony","200","NC","federal:house","NC09","O","M",1.432,1.637,52,73550.4,73550.4,NA,NA,NA,NA
"fd2020","rouse","eric","200","NC","federal:house","NC03","O","M",1.72,1.519,38,181890,181890,NA,NA,NA,NA
"fd2020","hegar","mary","100","TX","federal:senate","TXS20","C","F",-1.021,-1.025,174779,29597569.83,29558486.93,0.2231,"W",43.87,"L"
"fd2020","reynolds","joseph","200","SC","federal:senate","SCS20","C","M",-0.196,-0.238,17,109544.45,109544.45,0.0917,"L",NA,NA
"fd2020","clarkson","gavin","200","NM","federal:senate","NMS20","C","M",1.345,1.405,964,1302445.08,1295007.79,0.1739,"L",NA,NA
"fd2020","williams","steven","100","NC","federal:senate","NCS20","C","M",-1.119,-0.806,21,0,0,NA,NA,NA,NA
"fd2020","kidman","bre","100","ME","federal:senate","MES20","C","F",-1.346,-1.328,47,23975.68,20168.42,0.0559,"L",NA,NA
"fd2020","burnes","ellen","100","CO","federal:senate","COS20","C","F",-1.014,-0.984,101,122027.52,122027.52,NA,NA,NA,NA
"fd2020","baer","dan","100","CO","federal:senate","COS20","C","M",-0.995,NA,7847,1677280.74,1639675.73,NA,NA,NA,NA
"fd2020","spaulding","stephany","100","CO","federal:senate","COS20","C","F",-1.077,-1.037,1623,191742.54,185123.26,NA,NA,NA,NA
"fd2020","tuberville","thomas","200","AL","federal:senate","ALS20","C","M",1.348,NA,17841,9605815.13,9432335.29,0.3339,"W",60.1,"W"
"fd2020","phillips","john","328","00","federal:president","PRES","C","M",1.018,1.167,3,5343.17,5165.3,NA,NA,NA,NA
"fd2020","swalwell","eric","100","00","federal:president","PRES","C","M",-0.932,NA,9201,2604856.44,2604856.44,NA,NA,NA,NA
"fd2020","weld","william","200","00","federal:president","PRES","C","M",-0.677,-0.692,1484,2104103.63,2103326.33,NA,NA,NA,NA
"fd2020","ruff","kimberly","328","00","federal:president","PRES","C","F",1.076,1.16,12,23408.2,23408.2,NA,NA,NA,NA
"fd2020","orourke","robert","100","00","federal:president","PRES","C","M",-1.025,NA,161874,701417.43,986233.2,NA,NA,NA,NA
"fd2020","woolum","albert","100","TX","federal:house","TX12","C","M",-1.113,-1.171,43,0,0,NA,NA,NA,NA
"fd2020","ellison","allen","100","FL","federal:house","FL17","C","M",-0.992,-1.056,1841,84005.43,78767.35,NA,NA,34.5176056078486,"L"
"fd2020","swank","keith","200","WA","federal:house","WA08","C","M",1.583,1.432,174,30839.75,28565.36,0.1738,"L",NA,NA
"fd2020","collins","joshua","100","WA","federal:house","WA10","C","M",-1.163,-1.15,3233,258992.26,267550.6,0.0118,"L",NA,NA
"fd2020","ramirez","tina","200","VA","federal:house","VA07","C","F",1.279,NA,911,404043.87,404043.87,NA,"L",NA,NA
"fd2020","vasquez","fabian","200","TX","federal:house","TX33","C","M",1.584,1.681,28,36691.69,25584.96,1,"W",25.15,"L"
"fd2020","whitten","sandra","200","TX","federal:house","TX28","C","F",1.467,1.591,225,24833.76,27427.88,1,"W",38.98,"L"
"fd2020","valenzuela","candace","100","TX","federal:house","TX24","C","F",-0.974,-1.049,19521,4945025.58,4933058.54,0.3036,"W",47.48,"L"
"fd2020","fletcher","crystal","100","TX","federal:house","TX24","C","F",-0.59,-0.6,298,127573.21,127573.21,0.0569,"L",NA,NA
"fd2020","orozco","stevens","100","TX","federal:house","TX18","C","M",-1.033,-1.049,110,9083.14,9083.14,0.0338,"L",NA,NA
"fd2020","teague","johnny","200","TX","federal:house","TX09","C","M",1.476,1.557,141,98348.17,88365.87,0.5869,"W",21.64,"L"
"fd2020","hunt","wesley","200","TX","federal:house","TX07","C","M",1.456,NA,55134,7611866.36,7387924.47,0.61,"W",47.45,"L"
"fd2020","boroughs","adair","100","SC","federal:house","SC02","C","F",-0.962,-1.003,21177,2537935.85,2535073.49,1,"W",42.59,"L"
"fd2020","timko","scott","200","PA","state:lower","PA17","C","M",1.346,1.432,55,72934.18,72934.18,NA,NA,NA,NA
"fd2020","siedenbuehl","thomas","200","PA","federal:house","PA06","C","M",1.672,1.662,19,120600.36,120600.36,NA,NA,NA,NA
"fd2020","roman","angela","200","OR","federal:house","OR05","C","F",1.544,NA,24,16549.05,15339.17,0.0792,"L",NA,NA
"fd2020","barajas","ricardo","100","OR","federal:house","OR01","C","M",-1.088,NA,11,0,0,0.0245,"L",NA,NA
"fd2020","bice","stephanie","200","OK","federal:house","OK05","C","F",1.331,1.158,15589,3779470.46,3567879.35,0.2541,"W",52.06,"W"
"fd2020","morgan","kenneth","200","OH","federal:house","OH06","C","M",2.617,2.751,2,1685.63,1685.63,0.1311,"L",NA,NA
"fd2020","misso","roger","100","NY","federal:house","NY24","C","M",-0.901,-0.936,1299,428700.32,428700.32,NA,NA,NA,NA
"fd2020","blake","michael","100","NY","federal:house","NY15","C","M",-0.828,-0.791,4789,1006403.24,1006266.53,0.1803,"L",NA,NA
"fd2020","ramos","tomas","100","NY","federal:house","NY15","C","M",-0.275,-0.765,213,76979,76200.91,0.0242,"L",NA,NA
"fd2020","hernandez","miguel","200","NY","federal:house","NY14","C","M",2.004,2.068,7,25483.99,26064.29,NA,NA,NA,NA
"fd2020","saladino","joseph","200","NY","federal:house","NY11","C","M",1.617,1.716,18,68704.22,63823.3,NA,NA,NA,NA
"fd2020","frankel","amanda","100","NY","federal:house","NY10","C","F",-0.915,-0.935,100,17159.82,17159.82,NA,NA,NA,NA
"fd2020","peters","samuel","200","NV","federal:house","NV04","C","M",1.421,1.457,1389,316136,312599.72,0.2812,"L",NA,NA
"fd2020","leger","teresa","100","NM","federal:house","NM03","C","F",-0.922,-0.861,9600,2305077.63,2143697.14,0.428,"W",58.68,"W"
"fd2020","sanchez","joseph","100","NM","federal:house","NM03","C","M",-0.359,NA,301,204201.55,203249.57,0.1183,"L",NA,NA
"fd2020","kean","thomas","200","NJ","federal:house","NJ07","C","M",0.843,0.767,17804,3934329.98,3840650.57,0.7939,"W",49.39,"L"
"fd2020","applefield","david","100","NJ","federal:house","NJ04","C","M",-0.405,-0.393,144,269673.64,269673.64,0.0744,"L",NA,NA
"fd2020","lockwood","daniel","100","NC","federal:house","NC04","C","M",-1.221,-1.233,52,6115.75,5925.3,0.1332,"L",NA,NA
"fd2020","cooper","scott","100","NC","federal:house","NC02","C","M",-0.84,-0.855,1574,596491.6,506222.3,NA,NA,NA,NA
"fd2020","salazar","maite","100","MO","federal:house","MO05","C","F",-1.117,-1.062,327,27985.93,27421.32,0.1469,"L",NA,NA
"fd2020","norton","thomas","200","MI","federal:house","MI03","C","M",1.505,1.595,146,51835.51,51320.88,0.1583,"L",NA,NA
"fd2020","booth","douglas","100","MI","federal:house","MI03","C","M",-1.09,-0.986,164,15666.63,15666.63,NA,NA,NA,NA
"fd2020","christophe","sandra","100","LA","federal:house","LA05","C","F",-0.803,-0.628,261,99229.8,99229.8,NA,"L",16.41,"L"
"fd2020","sanguinetti","evelyn","200","IL","federal:house","IL06","C","F",0.919,0.995,105,149008.38,149008.38,NA,NA,NA,NA
"fd2020","matthew","abraham","100","IL","federal:house","IL03","C","M",-0.676,-0.805,140,84015.14,70355.69,NA,NA,NA,NA
"fd2020","gonsalves","mark","200","GA","federal:house","GA07","C","M",1.424,1.53,433,495330.4,495330.4,0.5511,"W",48.61,"L"
"fd2020","merritt","daniel","200","GA","federal:house","GA01","C","M",1.229,1.312,79,104618.73,104529.03,0.164,"L",NA,NA
"fd2020","vilarino","irina","200","FL","federal:house","FL26","C","F",0.856,1,295,446090,446090,NA,NA,NA,NA
"fd2020","musselwhite","gregory","200","FL","federal:house","FL20","C","M",1.6,1.7,189,28955.28,27537.64,0.5202,"W",21.32,"L"
"fd2020","troen","kirk","200","FL","federal:house","FL10","C","M",1.172,NA,30,31836.29,31835.77,NA,NA,NA,NA
"fd2020","ortiz","sergio","200","FL","federal:house","FL09","C","M",NA,2.051,18,10830,11012.35,0.0862,"L",NA,NA
"fd2020","gilmer","thomas","200","CT","federal:house","CT02","C","M",1.308,1.353,27,75887.4,36411.7,0.4979,"L",NA,NA
"fd2020","ramon caballero","jose","100","CA","federal:house","CA53","C","M",-1.114,NA,233,22102.05,22102.05,NA,NA,NA,NA
"fd2020","gennawey","ray","200","CA","federal:house","CA45","C","M",1.011,NA,60,77674,77674,NA,NA,NA,NA
"fd2020","motiwalla","frances","100","CA","federal:house","CA34","C","F",-1.076,-1.071,65,120606.01,120606.01,0.1364,"L",NA,NA
"fd2020","underwood jacobs","angela","200","CA","federal:house","CA25","C","F",0.89,1.034,167,262744.65,201395.69,NA,NA,NA,NA
"fd2020","valladares","suzette","200","CA","federal:house","CA25","O","F",1.544,0.527,1357,33457.38,33065.43,NA,NA,NA,NA
"fd2020","gallagher","tom","100","CA","federal:house","CA12","C","M",-1.038,NA,96,15924,9965.8,0.0198,"L",NA,NA
"fd2020","dossett","charles","200","CA","federal:house","CA10","C","M",1.242,NA,15,17362.98,4083.6,NA,NA,NA,NA
"fd2020","muscato","michael","100","AZ","federal:house","AZ08","C","M",-1.039,-1.036,3226,409500.75,399329.13,0.5435,"W",40.43,"L"
"fd2020","rimmer","stephanie","100","AZ","federal:house","AZ06","C","F",-0.83,-0.763,359,190419.39,191113.11,0.0575,"L",NA,NA
"fd2020","hightower","bill","200","AL","federal:house","AL01","C","M",1.335,1.232,1460,1323944.09,1323944.09,0.3748,"L",NA,NA
"fd2020","lambert","douglas","200","AL","federal:house","AL01","C","M",1.179,1.286,25,182564.96,182564.96,0.0312,"L",NA,NA
"fd2020","arredondo lynch","alma","200","TX","federal:house","TX23","C","F",1.856,1.929,42,125770.62,125770.62,0.1315,"L",NA,NA
"fd2020","writz","ray","328","ID","federal:senate","IDS20","C","M",1.011,1.32,11,4190,3311.11,1,"W",1.18,"L"
"fd2020","collins","wilmot","100","MT","federal:senate","MTS20","C","M",-1.007,-0.861,2596,281852.33,281852.33,NA,NA,NA,NA
"fd2020","tomlinson","teresa","100","GA","federal:senate","GAS20","C","F",-0.853,-0.501,9268,2918566.35,2908952.44,0.1579,"L",NA,NA
"fd2020","mahony","joshua","100","AR","federal:senate","ARS20","C","M",-0.984,-0.813,2334,372735.13,372735.13,NA,NA,NA,NA
"fd2020","moulton","seth","100","00","federal:president","PRES","C","M",-0.751,-0.759,8537,2516794.74,2515834.58,NA,NA,NA,NA
"fd2020","horowitz","ami","100","00","federal:president","PRES","C","F",1.222,NA,5,56859.22,56859.22,NA,NA,NA,NA
"fd2020","vogel walcutt","jennifer","100","00","federal:president","PRES","C","F",-0.497,-0.504,77,45763,45763,NA,NA,NA,NA
"fd2020","watson","eugene","100","WV","federal:house","WV03","C","M",-0.954,NA,166,160,0,0.2931,"L",NA,NA
"fd2020","durrance","neil","100","TX","federal:house","TX26","C","M",-1.036,-0.952,96,0,0,0.1664,"L",NA,NA
"fd2020","barnes","sanjanetta","100","TX","federal:house","TX14","C","U",-1.26,-1.246,15,23609.82,13927.02,0.106,"L",NA,NA
"fd2020","noren","scott","100","NY","federal:house","NY23","C","M",-0.872,-0.921,10,77145.39,68291.59,NA,NA,NA,NA
"fd2020","hubbard","alexander","100","NY","federal:house","NY09","C","M",-1.409,-1.419,53,20474.8,19932.65,NA,NA,NA,NA
"fd2020","serna","marco","100","NM","federal:house","NM03","C","M",-0.363,-0.55,520,723723.15,719074.01,0.0798,"L",NA,NA
"fd2020","pallotta","frank","200","NJ","federal:house","NJ05","C","M",0.908,0.936,1199,2100505.21,2077177.03,0.5167,"W",45.64,"L"
"fd2020","beaumont","paul","200","NC","federal:house","NC03","C","M",1.224,1.216,10,11644.88,9711.98,NA,NA,NA,NA
"fd2020","leckey","ihssane","100","MA","federal:house","MA04","C","U",-1.05,-1.042,2825,2159987.81,2130518.07,0.1111,"L",NA,NA
"fd2020","raborn","theresa","200","IL","federal:house","IL02","C","F",1.699,NA,3,0,0,1,"W",21.19,"L"
"fd2020","bullock","benjamin","200","GA","federal:house","GA14","C","M",1.275,NA,302,375371.25,375371.25,0.0357,"L",NA,NA
"fd2020","nietmann","elaine","100","GA","federal:house","GA04","C","F",-0.418,-0.399,32,13146.46,13609.16,0.1832,"L",NA,NA
"fd2020","edwards","janet","200","FL","federal:house","FL07","C","F",1.876,1.843,7,15120,15076.15,NA,NA,NA,NA
"fd2020","sparks","lisa","200","CA","federal:house","CA45","C","F",1.151,1.215,385,519919.43,519919.43,0.0398,"L",NA,NA
"fd2020","collins","joe","200","CA","federal:house","CA43","C","M",1.528,1.535,69633,10620815.58,9985292.74,0.1103,"L",28.32,"L"
"fd2020","williams","kim","100","CA","federal:house","CA16","C","F",-0.668,-0.655,306,53242.48,45909.9,0.0588,"L",NA,NA
"fd2020","kennedy","brynne","100","CA","federal:house","CA04","C","F",-0.952,-0.936,6558,3022017.35,3018528.82,0.398,"L",44.05,"L"
"fd2020","charles","mark","328","00","federal:president","PRES","C","M",-1.223,-1.237,143,158715.85,156635.84,NA,NA,NA,NA
"fd2020","phillips","george","200","NY","federal:house","NY22","C","M",1.121,1.035,849,243912.36,243912.36,0.4033,"L",NA,NA
"fd2020","gordon","jacqueline","100","NY","federal:house","NY02","C","F",-0.904,-0.647,12134,4380059.16,4362662.68,0.7228,"W",43.22,"L"
"fd2020","lee","lerah","200","GA","federal:house","GA07","C","F",1.429,1.521,400,0,0,NA,NA,NA,NA
"fd2020","hamilton","tamika","200","CA","federal:house","CA03","C","F",1.43,1.405,4365,397099.11,384583.7,0.2728,"L",45.33,"L"
"fd2020","marshall","robert","200","IL","federal:senate","ILS20","C","M",1.134,0.666,15,150060,87260,0.1526,"L",NA,NA
"fd2020","morgan","clinton","200","KY","federal:senate","KYS20","C","M",1.435,NA,23,288018.08,288018.08,0.0618,"L",NA,NA
"fd2020","graham","kimberly","100","IA","federal:senate","IAS20","C","F",-1.068,NA,2961,294725.45,296301.53,0.1502,"L",NA,NA
"fd2020","armstrong","kenneth","328","00","federal:president","PRES","C","M",0.82,0.928,21,20360.41,17053.92,NA,NA,NA,NA
"fd2020","hutcheson","shannon","100","TX","federal:house","TX10","C","F",-0.823,-0.948,1151,1354728.96,1354728.96,0.2292,"L",NA,NA
"fd2020","armitage","christopher","100","WA","federal:house","WA05","C","M",-1.101,NA,1235,149002.98,120224.17,0.1211,"L",NA,NA
"fd2020","curtis","jon","100","TX","federal:house","TX31","C","M",-1.227,-1.24,15,3119.79,3371.51,NA,NA,NA,NA
"fd2020","canning","doyle","100","OR","federal:house","OR04","C","M",-1.105,-0.993,1574,212499.47,212499.47,0.1543,"L",NA,NA
"fd2020","basora","frangell","100","NY","federal:house","NY15","C","U",-1.086,-1.093,33,11138.08,10673,0.0032,"L",NA,NA
"fd2020","navarro","charles","200","NV","federal:house","NV04","C","M",1.181,1.261,72,125252.78,125252.78,0.0633,"L",NA,NA
"fd2020","freeman","morgann","100","NE","federal:house","NE02","C","F",-1.046,-0.882,91,5209,6235.73,NA,NA,NA,NA
"fd2020","supin","jeanne","100","NC","federal:house","NC05","C","F",-0.849,-0.993,213,29241.73,19358.22,NA,NA,NA,NA
"fd2020","mukherjee","valerie","200","IL","federal:house","IL10","C","F",1.342,1.423,15,1140245,1074784.26,1,"W",36.12,"L"
"fd2020","hansen","thomas","200","IA","federal:house","IA01","C","M",1.736,1.592,5,5646.54,6662.96,0.2189,"L",NA,NA
"fd2020","mccormick","richard","200","GA","federal:house","GA07","C","M",1.329,1.355,4934,2709379.62,2679580.55,NA,NA,NA,NA
"fd2020","rodden","nicole","200","GA","federal:house","GA06","C","F",1.58,1.635,102,186390.33,178590.11,NA,NA,NA,NA
"fd2020","blueming","michael","200","FL","federal:house","FL21","C","M",1.485,NA,14,20937.13,20937.13,NA,NA,NA,NA
"fd2020","kennedy","james","100","FL","federal:house","FL08","C","M",-1.083,-1.088,592,138668.44,138890.25,1,"W",38.65,"L"
"fd2020","rezvani sarabi","amir","100","CA","federal:house","CA22","C","M",-0.985,-0.989,1296,245760.8,245760.8,0.0312,"L",NA,NA
"fd2020","lummis","cynthia","200","WY","federal:senate","WYS20","C","F",1.29,1.232,3845,3003787.92,3037813.16,0.5967,"W",72.58,"W"
"fd2020","sethi","dr","200","TN","federal:senate","TNS20","O","M",1.193,1.3,4542,5940863.76,5940167.77,0.0344,"L",NA,NA
"fd2020","gideon","sara","100","ME","federal:senate","MES20","C","F",-1.014,-0.928,289184,75629137.16,64069682.74,0.7147,"W",42.39,"L"
"fd2020","ausbrooks","jimmy","100","KY","federal:senate","KYS20","C","M",-1.103,-1.2,45,1499.69,1501.39,0.0067,"L",NA,NA
"fd2020","seppelfrick","dean","200","IL","federal:senate","ILS20","C","U",-0.723,NA,23,0,0,NA,NA,NA,NA
"fd2020","mcinnis","charleta","100","00","federal:president","PRES","C","F",-0.642,-0.674,24,20262.39,17449.55,NA,NA,NA,NA
"fd2020","walker","javahn","100","NJ","federal:house","NJ06","C","U",-1.117,NA,30,0,0,NA,NA,NA,NA
"fd2020","stapleton","corey","200","MT","federal:house","MT01","C","M",1.483,1.426,1853,219453.72,219453.72,0.3321,"L",NA,NA
"fd2020","holcomb","murray","100","TX","federal:house","TX31","C","M",-0.642,-0.77,154,86610.98,86610.98,NA,NA,NA,NA
"fd2020","fleming","richard","100","TX","federal:house","TX24","C","M",-0.933,-0.944,25,18539.27,18532.53,0.0505,"L",NA,NA
"fd2020","landing","katherine","200","SC","federal:house","SC01","C","F",1.389,1.417,256,645778.75,645778.75,0.2592,"L",NA,NA
"fd2020","ghebreghiorgis","andom","100","NY","federal:house","NY16","C","U",-1.113,-1.001,4108,214728.14,125140.87,0.0085,"L",NA,NA
"fd2020","tucker","antoine","200","NY","federal:house","NY14","C","M",1.522,NA,849,200298.65,201994.09,NA,NA,NA,NA
"fd2020","hsu","john","100","NJ","federal:house","NJ06","C","M",-0.968,-1.002,50,5396,1767.8,NA,NA,NA,NA
"fd2020","stella","danielle","200","MN","federal:house","MN05","C","F",1.376,NA,74,139968.54,139968.54,0.1865,"L",NA,NA
"fd2020","bryant","shelia","100","MD","federal:house","MD04","C","F",-1.051,-1.019,223,71524.67,57010.67,0.1883,"L",NA,NA
"fd2020","owensby","alexandra","100","KY","federal:house","KY04","C","F",-1.015,-0.865,1637,166562.61,155997.49,0.5842,"W",32.91,"L"
"fd2020","fricilone","mike","200","IL","federal:house","IL03","C","M",1.299,NA,137,128457.99,127979.6,0.5748,"W",43.62,"L"
"fd2020","babbage","lisa","200","GA","federal:house","GA07","O","F",1.608,1.61,25,9726.52,7101.51,0.0521,"L",NA,NA
"fd2020","hicks","antonio","100","GA","federal:house","GA04","C","M",-1.246,-1.444,38,1764.25,2082.78,NA,NA,NA,NA
"fd2020","thibodeau","mike","200","FL","federal:house","FL07","C","M",1.437,1.528,6,12051,12051,NA,NA,NA,NA
"fd2020","fortin","mara","200","CA","federal:house","CA49","C","F",1.404,1.423,26,54828.01,54828.01,NA,NA,NA,NA
"fd2020","mangone","kim","100","CA","federal:house","CA23","C","F",-1.074,-1.034,26882,1688876.58,1683148.6,0.3351,"L",37.86,"L"
"fd2020","torres","ivan","100","CA","federal:house","CA19","C","U",-1.249,NA,3,272.87,0,0.1136,"L",NA,NA
"fd2020","lorraine","deanna","200","CA","federal:house","CA12","C","F",1.506,NA,160,263697.75,262194.71,0.018,"L",NA,NA
"fd2020","averhart","james","100","AL","federal:house","AL01","O","M",-0.237,-0.361,60,80094.95,78973.24,0.4035,"W",35.54,"L"
"fd2020","lindstrom","david","200","KS","federal:senate","KSS20","O","M",1.171,1.252,363,731753.03,731753.03,0.0659,"L",NA,NA
"fd2020","mace","nancy","200","SC","federal:house","SC01","C","F",1.394,1.41,21965,5873153.58,5813666.36,0.5748,"W",50.58,"W"
"fd2020","flora","john","100","NJ","federal:house","NJ10","C","M",0.318,0.375,187,14897.47,14839.99,0.0449,"L",NA,NA
"fd2020","tzintzun ramirez","cristina","100","TX","federal:senate","TXS20","C","F",-0.978,NA,3990,1218354.08,1160039.42,0.1319,"L",NA,NA
"fd2020","adkins","gary","200","VA","federal:senate","VAS20","C","M",1.525,1.384,3,14045,13939.41,NA,NA,NA,NA
"fd2020","yancey","mark","200","TX","federal:senate","TXS20","C","M",1.594,1.579,25,86543.09,86543.09,0.0646,"L",NA,NA
"fd2020","edwards","amanda","100","TX","federal:senate","TXS20","C","F",-0.6,-0.687,3407,1013503.56,1012744.62,0.1014,"L",NA,NA
"fd2020","billings","dylan","100","OK","federal:senate","OKS20","C","M",-1.066,-1.057,69,4568.33,4471.32,NA,NA,NA,NA
"fd2020","messner","bryant","200","NH","federal:senate","NHS20","C","M",1.304,NA,2116,7150052.78,7091752.65,0.5017,"W",40.99,"L"
"fd2020","obrien","william","200","NH","federal:senate","NHS20","C","M",1.481,1.529,75,105956.54,105956.54,NA,NA,NA,NA
"fd2020","ballard","jack","100","MT","federal:senate","MTS20","C","M",-0.972,-0.969,802,30575,30435.64,NA,NA,NA,NA
"fd2020","treacy","jonathan","100","ME","federal:senate","MES20","C","M",-1.099,-1.107,29,36393.54,36393.54,NA,NA,NA,NA
"fd2020","smith","bennie","100","KY","federal:senate","KYS20","C","M",-0.983,-1.014,34,0,0,0.0093,"L",NA,NA
"fd2020","broihier","michael","100","KY","federal:senate","KYS20","C","M",-1.022,-0.986,5756,620196.93,620196.93,0.0499,"L",NA,NA
"fd2020","kobach","kris","200","KS","federal:senate","KSS20","O","U",1.426,1.472,9722,1149414.57,1138692.58,0.261,"L",NA,NA
"fd2020","boyda","nancy","100","KS","federal:senate","KSS20","O","F",-0.882,-0.855,76,15995.6,15438.63,NA,NA,NA,NA
"fd2020","terry","edward","100","GA","federal:senate","GAS20","C","M",-1.052,-0.836,1834,140274.36,116592.3,NA,NA,NA,NA
"fd2020","warren","michelle","100","CO","federal:senate","COS20","C","F",-1.004,-0.998,254,104120.74,104120.53,NA,NA,NA,NA
"fd2020","gross","al","328","AK","federal:senate","AKS20","C","M",-1.001,-0.779,61943,19572461.76,19545630.9,0.8555,"W",41.19,"L"
"fd2020","moyowasifza curry","sedinam","328","00","federal:president","PRES","C","",-0.206,NA,3,7129.76,2744.51,NA,NA,NA,NA
"fd2020","sestak","joseph","100","00","federal:president","PRES","C","M",-0.799,-0.904,1916,449344.58,445767.92,NA,NA,NA,NA
"fd2020","fitzherbert","brian","200","NJ","federal:house","NJ02","C","M",0.98,1.075,90,37862.2,37862.2,NA,NA,NA,NA
"fd2020","hepburn","michael","100","FL","federal:house","FL27","C","M",-1.238,-1.117,286,10300,10300,NA,NA,NA,NA
"fd2020","greenwald","peter","200","VA","federal:house","VA07","C","M",1.771,1.083,17,16095.84,13242.72,NA,"L",NA,NA
"fd2020","dodds","philip","100","FL","federal:house","FL03","C","M",-1.128,-1.114,191,59966.81,59966.81,0.323,"L",NA,NA
"fd2020","stuck","amanda","100","WI","federal:house","WI08","C","F",-1.089,-0.98,3026,424558.24,407495.73,0.9993,"W",35.79,"L"
"fd2020","bonner","justin","100","WI","federal:house","WI03","C","M",-0.987,-1.071,16,691.76,691.76,NA,NA,NA,NA
"fd2020","tirman","matthew","100","WA","federal:house","WA06","C","M",-0.919,NA,8,0,0,NA,NA,NA,NA
"fd2020","jones","rob","200","VA","federal:house","VA10","C","M",1.271,NA,909,531380.87,531380.87,NA,"L",NA,NA
"fd2020","webb","bryant","100","VA","federal:house","VA05","C","M",-0.975,-0.979,27367,5787797.38,5782803.89,0.6654,"W",47.3,"L"
"fd2020","coleman","kim","200","UT","federal:house","UT04","C","F",1.502,1.464,436,678088.6,678088.6,0.00242626614577834,"L",NA,NA
"fd2020","anderson","kathleen","200","UT","federal:house","UT04","C","F",1.359,1.276,69,308254.26,308254.26,NA,"L",NA,NA
"fd2020","boatman","r","200","TX","federal:house","TX36","C","U",1.655,1.735,66,190580.08,190388.45,0.1044,"L",NA,NA
"fd2020","collins","genevieve","200","TX","federal:house","TX32","C","F",1.328,1.286,5542,6014678.85,6006854.31,0.5288,"W",45.93,"L"
"fd2020","bravo","jeremy","100","TX","federal:house","TX31","C","M",-0.136,-0.106,21,9470,9470,NA,NA,NA,NA
"fd2020","imam","donna","100","TX","federal:house","TX31","C","F",-1.044,-1.059,7514,1242168.22,1242218.22,0.3069,"W",44.29,"L"
"fd2020","sloan","heidi","100","TX","federal:house","TX25","C","F",-1.125,NA,1307,215919.23,215418.24,0.3039,"L",NA,NA
"fd2020","fegan","david","200","TX","federal:house","TX24","C","M",1.495,1.588,39,88702.02,88702.02,0.2065,"L",NA,NA
"fd2020","reed","derrick","100","TX","federal:house","TX22","C","M",-0.791,-0.789,385,161328.25,161328.25,0.2469,"L",NA,NA
"fd2020","lecea","justin","100","TX","federal:house","TX20","C","M",-1.142,NA,13,0,0,0.0454,"L",NA,NA
"fd2020","armendariz jackson","irene","200","TX","federal:house","TX16","C","F",1.559,1.575,2187,171496.53,156171,0.2543,"W",35.28,"L"
"fd2020","espinoza","maria","200","TX","federal:house","TX07","C","F",1.532,1.578,39,244794.15,244794.15,0.059,"L",NA,NA
"fd2020","daniel","stephen","100","TX","federal:house","TX06","C","M",-0.913,-1.019,1724,681820.75,678986.91,1,"W",43.98,"L"
"fd2020","robertson","al","100","TX","federal:house","TX03","C","M",-1.083,NA,195,5611.23,4143.88,NA,NA,NA,NA
"fd2020","raver","whitney","100","SD","federal:house","SD01","C","F",-0.946,NA,87,15193.2,7694.35,NA,NA,NA,NA
"fd2020","cox","chris","200","SC","federal:house","SC01","C","M",1.422,NA,101,121314.84,120790.74,0.0971,"L",NA,NA
"fd2020","depasquale","eugene","100","PA","federal:house","PA10","C","M",-0.965,-0.813,12296,4546246.6,4538350.26,0.5739,"W",46.63,"L"
"fd2020","lanni","lou","100","PA","federal:house","PA05","C","F",NA,-0.959,4,8000,8000,NA,NA,NA,NA
"fd2020","meehan","andrew","200","PA","federal:house","PA01","C","M",0.925,0.994,42,61740.39,59049.92,0.3668,"L",NA,NA
"fd2020","reiss","judi","100","PA","federal:house","PA01","C","F",-0.901,NA,299,171764.14,171764.14,NA,NA,NA,NA
"fd2020","kilgore","daniel","100","OH","federal:house","OH15","C","M",-1.014,-0.991,49,0,0,0.3435,"L",NA,NA
"fd2020","freshour","shannon","100","OH","federal:house","OH04","C","F",-1.039,-1.054,23189,0,0,0.475,"W",29.31,"L"
"fd2020","harper","morgan","100","OH","federal:house","OH03","C","U",-1.063,-1.042,9435,858170.46,858170.46,0.3188,"L",NA,NA
"fd2020","foster","nikki","100","OH","federal:house","OH01","C","F",-0.936,-0.932,2497,585484.73,585484.73,0.3239,"L",NA,NA
"fd2020","parlato","beth","200","NY","federal:house","NY27","C","F",1.15,1.232,415,680174.77,680174.77,0.2162,"L",NA,NA
"fd2020","cornwell","stephen","200","NY","federal:house","NY22","C","M",0.91,1.019,38,105561,105561,NA,NA,NA,NA
"fd2020","hawatmeh","ola","200","NY","federal:house","NY19","C","F",1.066,NA,192,305779.82,107118.3,0.4228,"L",NA,NA
"fd2020","ravelo","samuel","100","NY","federal:house","NY16","C","M",-0.628,-0.612,91,49690.45,49690.45,0.0128,"L",NA,NA
"fd2020","mark viverito","melissa","100","NY","federal:house","NY15","C","F",-0.772,-0.888,743,390930.29,368871.99,0.0431,"L",NA,NA
"fd2020","cummings","john","200","NY","federal:house","NY14","C","M",1.407,NA,8116,11208556.71,11015378.43,1,"W",24.59,"L"
"fd2020","harrison","peter","100","NY","federal:house","NY12","C","M",-1.23,-1.163,365,51739.99,44951.56,0.0423,"L",NA,NA
"fd2020","nigro","jeanne","200","NY","federal:house","NY10","C","F",1.646,NA,30,34752.78,28243.69,NA,NA,NA,NA
"fd2020","choi","sandra","100","NY","federal:house","NY06","C","F",-1.132,-1.141,67,22166.79,18944.44,0.1434,"L",NA,NA
"fd2020","goroff","nancy","100","NY","federal:house","NY01","C","F",-0.924,-0.932,15052,7941633.19,7936371.58,0.3603,"W",42.91,"L"
"fd2020","reed","randi","200","NV","federal:house","NV04","C","F",1.124,1.203,202,162020.08,162020.08,0.0226,"L",NA,NA
"fd2020","sutton","lisa","200","NV","federal:house","NV04","C","F",1.372,1.463,1754,426001.85,406862.97,0.1509,"L",NA,NA
"fd2020","schwartz","dan","200","NV","federal:house","NV03","C","M",1.175,1.002,202,774285.6,774285.6,0.2708,"L",NA,NA
"fd2020","tisdel","kyle","100","NM","federal:house","NM03","C","M",-0.997,-0.94,251,73455.82,73455.82,0.0209,"L",NA,NA
"fd2020","montoya","laura","100","NM","federal:house","NM03","O","F",-0.78,-0.808,757,55093,55093,0.0614,"L",NA,NA
"fd2020","becchi","rosemary","200","NJ","federal:house","NJ11","C","F",0.95,1.04,1622,1698564.62,1697769.2,1,"W",46.7,"L"
"fd2020","ghassali","mike","200","NJ","federal:house","NJ05","C","M",0.437,0.539,208,948734.15,948734.15,NA,NA,NA,NA
"fd2020","kaszuba","tiffany","100","NJ","federal:house","NJ04","C","F",-0.628,NA,60,20939.72,20939.72,NA,NA,NA,NA
"fd2020","patterson","robert","200","NJ","federal:house","NJ02","C","M",1.268,1.302,172,305804.83,305804.83,0.1765,"L",NA,NA
"fd2020","judson","mark","100","NC","federal:house","NC07","C","M",-1.101,-1.046,117,0,0,0.3635,"L",NA,NA
"fd2020","butler","jason","100","NC","federal:house","NC02","C","M",-0.958,NA,120,42436.01,42072.56,NA,NA,NA,NA
"fd2020","arvidson","erich","100","MO","federal:house","MO04","C","M",-1.069,-1.006,63,6014.95,6014.95,NA,NA,NA,NA
"fd2020","johnson","lacy","200","MN","federal:house","MN05","C","F",1.537,1.631,94111,12195123.85,12145455.75,0.7662,"W",25.83,"L"
"fd2020","williams","whittney","200","MI","federal:house","MI11","C","F",0.812,0.905,96,129736.85,129736.85,0.1179,"L",NA,NA
"fd2020","langlois","joel","200","MI","federal:house","MI03","C","M",1.185,1.211,54,463311,463311,NA,NA,NA,NA
"fd2020","meijer","peter","200","MI","federal:house","MI03","C","M",1.181,0.737,4015,3501196.66,3412997.79,0.5019,"W",52.96,"W"
"fd2020","berghoef","bryan","100","MI","federal:house","MI02","C","M",-1.031,-1.04,2784,751623.64,669911.7,1,"W",38.22,"L"
"fd2020","brakey","eric","200","ME","federal:house","ME02","C","M",1.46,1.483,1207,855398.9,849725.83,0.2278,"L",NA,NA
"fd2020","brown","carole","100","MD","federal:house","MD03","C","F",-0.736,-0.894,17,36779.19,36779.19,NA,NA,NA,NA
"fd2020","fazenbaker","tim","200","MD","state:lower","MD02","C","M",1.785,1.374,52,29182,25407.1,NA,NA,NA,NA
"fd2020","mulcahy","dnathaniel","100","MA","federal:house","MA06","C","M",-1.141,NA,34,10278.11,1648.75,NA,NA,NA,NA
"fd2020","morse","alex","100","MA","federal:house","MA01","C","M",-1.064,-0.833,21089,2213933.62,2129499.83,0.4122,"L",NA,NA
"fd2020","hodgson","abbie","100","KS","federal:house","KS02","C","F",-1.057,NA,727,76752.53,76752.53,NA,NA,NA,NA
"fd2020","jacobs","andrew","100","IN","federal:house","IN05","O","M",-0.948,-0.506,23,13359.45,5239.37,0.1328,"L",NA,NA
"fd2020","magiera","chris","200","IN","federal:house","IN03","C","M",1.467,1.397,2,289895,289895,0.1478,"L",NA,NA
"fd2020","hursey","john","100","IL","federal:house","IL15","C","M",-1.083,NA,15,0,0,0.0655,"L",NA,NA
"fd2020","funk","joel","100","IL","federal:house","IL12","C","M",-0.869,NA,225,80761.14,80726.37,0.4966,"L",NA,NA
"fd2020","ventura","rachel","100","IL","federal:house","IL11","C","F",-1.133,-1.089,477,81262.24,82612.31,0.4128,"L",NA,NA
"fd2020","tarnasiewicz heldut","andrew","100","IL","federal:house","IL09","C","M",-1.446,-1.458,12,26852.34,26852.34,NA,NA,NA,NA
"fd2020","ives","jeanne","200","IL","federal:house","IL06","C","F",1.389,1.406,5842,3266599.58,3244293.04,0.708,"W",45.43,"L"
"fd2020","schilling","robert","200","IA","federal:house","IA02","O","M",1.269,1.429,140,157617.97,156688.06,0.3632,"L",NA,NA
"fd2020","elrod","clyde","100","GA","federal:house","GA10","C","M",-1.069,NA,7,0,0,NA,NA,NA,NA
"fd2020","tseng","amida","200","GA","federal:house","GA07","O","F",1.923,2.017,6,32613.67,32613.67,NA,NA,NA,NA
"fd2020","perelman","jennifer","100","FL","federal:house","FL23","C","F",-1.037,-1.091,10742,392382.24,390355.17,0.2796,"L",NA,NA
"fd2020","scanlan","aaron","200","FL","federal:house","FL21","C","M",1.273,1.359,36,93194.52,93176.72,0.0943,"L",NA,NA
"fd2020","hattersley","adam","100","FL","federal:house","FL15","C","M",-0.923,-0.808,3725,743209.55,742620.96,0.33,"L",NA,NA
"fd2020","castillo","jose","200","FL","federal:house","FL09","C","M",1.45,1.621,972,37568.85,37563.67,0.2013,"L",NA,NA
"fd2020","riddle","jonathan","200","CT","federal:house","CT04","C","M",0.983,1.056,23,31591.47,17385.2,1,"W",36.21,"L"
"fd2020","stockham","casper","200","CO","federal:house","CO07","C","M",1.462,NA,131,147959.35,147959.35,1,"W",37.6,"L"
"fd2020","ramos","famela","200","CA","federal:house","CA53","C","U",0.69,0.954,47,52926.11,52926.11,0.075,"L",NA,NA
"fd2020","edick","david","328","CA","federal:house","CA50","C","M",-1.33,-1.282,2,2180.13,1941.13,NA,NA,NA,NA
"fd2020","west","amy","200","CA","federal:house","CA47","C","F",1.557,1.658,40,65175.15,44710.79,0.1445,"L",NA,NA
"fd2020","pai","aditya","100","CA","federal:house","CA45","C","M",-0.009,-0.328,258,34823.2,34823.2,NA,NA,NA,NA
"fd2020","kim","david","100","CA","federal:house","CA34","C","M",-0.999,-0.794,6746,187704.76,186898.66,0.2103,"L",47.02,"L"
"fd2020","early","eric","200","CA","federal:house","CA28","C","M",1.44,1.132,11364,4134769.7,3839474.24,0.1256,"L",27.34,"L"
"fd2020","caldwell","james","200","CA","federal:house","CA24","C","M",1.329,NA,1428,1323490.16,1288902.84,0.3821,"L",41.34,"L"
"fd2020","cookingham","kevin","200","CA","federal:house","CA16","C","M",1.356,1.346,264,270292.35,270292.35,0.352,"L",40.62,"L"
"fd2020","patterson","robert","200","CA","federal:house","CA07","C","M",1.533,1.655,379,81731.71,67330.19,0.3357,"L",43.38,"L"
"fd2020","stautz","shay","200","AZ","federal:house","AZ02","C","U",0.912,0.471,110,245212.74,238623.51,NA,NA,NA,NA
"fd2020","williams","celeste","100","AR","federal:house","AR03","C","F",-1.005,-0.842,2044,356059.69,356059.69,1,"W",31.81,"L"
"fd2020","dismukes","will","200","AL","federal:house","AL02","C","M",1.524,1.201,109,15043,14291.33,NA,NA,NA,NA
"fd2020","smith","erica","100","NC","federal:senate","NCS20","C","F",-1.067,-1.012,7062,239739.84,220408.77,0.3481,"L",NA,NA
"fd2020","keith","james","100","NY","federal:house","NY13","C","M",-1.006,-0.972,593,101908.54,101715.45,0.2533,"L",NA,NA
"fd2020","gade","daniel","200","VA","federal:senate","VAS20","C","M",1.472,NA,10873,4925967.31,4918185.91,0.6738,"W",43.91,"L"
"fd2020","hagerty","bill","200","TN","federal:senate","TNS20","O","M",1.141,1.243,33316,15772577.38,15717518.79,0.0124,"L",NA,NA
"fd2020","innis","matt","200","NE","federal:senate","NES20","C","M",1.488,1.581,59,70824.11,70824.11,0.2479,"L",NA,NA
"fd2020","kennedy","joseph","100","MA","federal:senate","MAS20","C","M",-0.78,-0.723,41086,22801668.9,31122046.42,0.4451,"L",NA,NA
"fd2020","jones","matt","100","KY","federal:senate","KYS20","C","M",-0.915,-0.917,5,49894.53,49894.53,NA,NA,NA,NA
"fd2020","jordan lawlor","marilyn","100","IL","federal:senate","ILS20","C","F",-0.116,NA,11,4310,4310,NA,NA,NA,NA
"fd2020","oler","travis","100","ID","state:lower","IDS20","C","M",-1.1,-1.023,185,0,0,NA,NA,NA,NA
"fd2020","woods","cal","100","IA","federal:senate","IAS20","C","M",-1.663,-1.544,8,55834.5,58081.57,0.0122,"L",NA,NA
"fd2020","hickenlooper","john","100","CO","federal:senate","COS20","C","M",-0.985,-0.893,172203,44246118.41,42604035.39,0.5865,"W",53.5,"W"
"fd2020","roberts","clifton","328","00","federal:president","PRES","C","M",-1.509,NA,7,4705,498.77,NA,NA,NA,NA
"fd2020","whitney","ellerton","328","00","federal:president","PRES","C","M",1.039,1.128,3,100230.99,40339.44,NA,NA,NA,NA
"fd2020","walsh","joe","200","00","federal:president","PRES","C","M",-0.334,0.366,3586,619490.52,619490.52,NA,NA,NA,NA
"fd2020","hopkins","randy","100","UT","federal:house","UT02","C","M",-1.254,-1.212,14,7729.54,7609.08,NA,"L",NA,NA
"fd2020","kemph","daniel","100","KY","federal:house","KY06","C","M",-1.241,-1.202,17,52095.6,67413.54,0.2764,"L",NA,NA
"fd2020","harris hoss","felicia","200","TX","federal:house","TX22","C","F",1.26,1.163,364,232546.86,67900.42,NA,NA,NA,NA
"fd2020","tiffany","tom","200","WI","federal:house","WI07","C","M",1.526,1.446,7975,2652454.74,2529735.4,0.9972,"W",60.73,"W"
"fd2020","neumann","mark","100","WI","federal:house","WI03","C","M",NA,0.464,107,35093.19,34801.41,NA,NA,NA,NA
"fd2020","baan","andy","200","VA","federal:house","VA02","C","M",1.366,1.337,33,25755,7186.74,NA,NA,NA,NA
"fd2020","hemmert","dan","200","UT","federal:house","UT04","C","M",1.192,1.273,169,488618.42,488618.42,NA,NA,NA,NA
"fd2020","janjigian","dan","100","TX","federal:house","TX31","C","M",-0.504,-0.489,234,138293.05,138293.05,0.0355,"L",NA,NA
"fd2020","escuder","jaime","100","TX","federal:house","TX23","C","U",-1.232,-1.203,41,10628.41,7634.7,0.0434,"L",NA,NA
"fd2020","steele","howard","200","TX","federal:house","TX22","C","M",1.186,1.266,11,68481.36,67702.28,0.0039,"L",NA,NA
"fd2020","kegley","anita","200","TX","federal:house","TX20","C","F",1.583,1.432,11,12172,10900.49,0.0953,"L",NA,NA
"fd2020","arrriola","jaime","200","TX","federal:house","TX16","C","M",1.691,NA,7,0,0,0.1297,"L",NA,NA
"fd2020","welch","lisa","100","TX","federal:house","TX12","C","F",-0.966,-0.97,385,122470.75,122387.97,0.8106,"W",33.04,"L"
"fd2020","virdell","wesley","200","TX","federal:house","TX11","C","M",1.59,1.579,133,27016.75,26085.39,0.0714,"L",NA,NA
"fd2020","hogg","jon","100","TX","federal:house","TX11","C","M",-0.745,-0.465,215,138321.63,135733.05,1,"W",18.3,"L"
"fd2020","rawlings","joshua","100","TN","federal:house","TN05","C","M",-0.959,-0.78,134,20023,16526.41,0.0302,"L",NA,NA
"fd2020","courser","amy","200","OR","federal:house","OR05","C","F",1.378,1.454,295,232124.96,221541.97,0.5328,"W",45.15,"L"
"fd2020","siebe","amanda","100","OR","federal:house","OR01","C","F",-1.136,NA,109,8794.7,8965.84,0.0668,"L",NA,NA
"fd2020","bell","jennifer","100","OH","federal:house","OH12","C","F",-1.077,NA,110,9317.38,9283.94,0.4157,"L",NA,NA
"fd2020","rodimer","dan","200","NV","federal:house","NV03","C","M",1.489,1.414,19255,3152055.95,3131213.48,0.4982,"W",45.77,"L"
"fd2020","bedonie","karen","200","NM","federal:house","NM03","O","F",1.454,NA,23,42144.28,42376.67,0.2776,"L",NA,NA
"fd2020","oseguera","hector","100","NJ","federal:house","NJ08","C","M",-1.05,-1.041,823,84623.6,84976.5,0.273,"L",NA,NA
"fd2020","schmid","stephanie","100","NJ","federal:house","NJ04","C","F",-0.851,-0.884,1930,801745.25,760175.5,0.6742,"W",38.27,"L"
"fd2020","lamm","debra","200","MT","federal:house","MT01","C","F",1.643,1.669,278,62216.58,61912.77,0.0668,"L",NA,NA
"fd2020","fischbach","michelle","200","MN","federal:house","MN07","C","F",1.402,1.427,6386,2646134.94,2608185.58,0.5884,"W",53.39,"W"
"fd2020","rajput","solomon","100","MI","federal:house","MI12","C","M",-0.797,-0.929,651,147797.34,141338.73,0.1907,"L",NA,NA
"fd2020","delgado","jorge","200","MD","federal:house","MD01","C","M",0.262,0.403,76,108337.73,108337.73,0.1839,"L",NA,NA
"fd2020","fabert","shannon","100","KY","federal:house","KY04","C","F",-1.025,-0.981,341,35215.93,32479.11,0.4158,"L",NA,NA
"fd2020","weir","sara","200","KS","federal:house","KS03","C","F",1.198,1.276,647,793009.14,783999.64,0.2301,"L",NA,NA
"fd2020","clifford","bill","200","KS","federal:house","KS01","C","M",1.136,1.271,407,1230461.12,1203882.68,0.331,"L",NA,NA
"fd2020","mitchell","kelly","200","IN","federal:house","IN05","O","F",1.272,NA,1093,352242.45,352242.45,0.0534,"L",NA,NA
"fd2020","king","esther","200","IL","federal:house","IL17","C","F",1.272,1.368,6971,2058085.15,2055793.65,0.6513,"W",47.97,"L"
"fd2020","lauf","catalina","200","IL","federal:house","IL14","C","F",1.446,1.573,12891,355047.91,355047.91,0.2006,"L",NA,NA
"fd2020","white","philanise","200","IL","federal:house","IL01","C","U",1.426,1.511,57,6288.6,5047.85,0.9999,"W",26.15,"L"
"fd2020","molina","raymond","200","FL","federal:house","FL27","C","M",0.729,NA,18,32755.1,32680.21,0.1095,"L",NA,NA
"fd2020","melton","jessica","200","FL","federal:house","FL22","C","F",0.235,0.626,1854,216124.07,216124.07,0.2999,"L",NA,NA
"fd2020","paulina luna","anna","200","FL","federal:house","FL13","C","F",1.527,NA,50158,3326715.16,3286006.7,0.3614,"W",46.96,"L"
"fd2020","anderson","willie","100","FL","federal:house","FL02","C","M",-1.016,NA,5,0,0,NA,NA,NA,NA
"fd2020","house","steven","200","CO","federal:house","CO06","C","M",1.34,1.368,1361,1255905.78,1253894.25,1,"W",39.96,"L"
"fd2020","fields","zack","100","CA","federal:house","CA53","O","M",-0.822,-0.821,32,46977.4,45234.97,NA,NA,NA,NA
"fd2020","webber","errol","200","CA","federal:house","CA37","C","M",1.443,1.559,1198,176238.94,176111.56,0.076,"L",14.06,"L"
"fd2020","fricke","brandon","328","CA","federal:house","CA33","C","M",1.43,NA,18,35908.06,35908.06,NA,NA,NA,NA
"fd2020","kennedy","ronda","200","CA","federal:house","CA26","C","F",1.453,1.609,1755,279592.75,134605.11,0.3556,"L",39.42,"L"
"fd2020","feucht","jc","200","CA","federal:house","CA03","C","M",1.461,NA,259,335056.74,324933.89,0.1352,"L",NA,NA
"fd2020","king","troy","200","AL","federal:house","AL02","C","M",0.332,0.661,2584,286727.66,283699.45,0.145,"L",NA,NA
"fd2020","cheek","jamie","100","UT","federal:house","UT01","C","F",-1.037,-0.995,128,30082.42,30082.42,0.4907,"L",NA,NA
"fd2020","mchugh","john","328","PA","federal:house","PA06","C","M",-1.648,-1.505,4,6165.15,4409.8,NA,NA,NA,NA
"fd2020","rodriguez","ydanis","100","NY","federal:house","NY15","C","U",-0.353,NA,215,191779,192095.2,0.1058,"L",NA,NA
"fd2020","cruz","johsira","200","GA","federal:house","GA04","C","F",1.63,NA,9,13454.11,23646.23,1,"W",19.92,"L"
"fd2020","goldbeck","janessa","100","CA","federal:house","CA53","C","F",-0.946,-0.948,1373,327169.41,327169.41,0.0851,"L",NA,NA
"fd2020","earley","billy","200","CA","federal:house","CA44","C","M",1.594,1.667,4,29579.95,29579.95,0.1319,"L",NA,NA
"fd2020","obernolte","jay","200","CA","federal:house","CA08","C","M",1.257,0.936,2640,2028339.32,1958786.11,0.3495,"W",56.06,"W"
"fd2020","chu","judy","100","CA","federal:house","CA27","I","F",-0.696,-0.871,9451,1220538.13,963130.08,0.7093,"W",69.78,"W"
"fd2024","conaway","herb","100","NJ","federal:house","NJ03","C","M",-0.638,NA,3457,1353247.91,1315833.57,NA,NA,NA,NA
"fd2024","romney","willard","200","UT","federal:senate","UTS24","I","M",0.736,1.013,114172,1237434.21,1288557.47,NA,NA,NA,NA
"fd2024","schumer","charles","100","NY","federal:senate","NYS28","I","M",-0.946,-0.688,161049,2790888.71,3349300.81,NA,NA,NA,NA
"fd2024","cramer","kevin","200","ND","federal:senate","NDS24","I","M",1.295,1.39,16932,5562461.74,3614113.14,NA,NA,NA,NA
"fd2024","hyde smith","cindy","200","MS","federal:senate","MSS26","I","F",1.355,1.431,12488,750573.65,593395.67,NA,NA,NA,NA
"fd2024","hawley","joshua","200","MO","federal:senate","MOS24","I","M",1.478,NA,53796,13808806.06,17492872.3,NA,NA,NA,NA
"fd2024","pensler","sandy","200","MI","federal:senate","MIS24","O","F",0.578,0.716,162,4960161.62,4960161.62,NA,NA,NA,NA
"fd2024","risch","james","200","ID","federal:senate","IDS26","I","M",0.872,1.086,6245,632240.45,462251.85,NA,NA,NA,NA
"fd2024","scott","rick","200","FL","federal:senate","FLS24","I","M",1.396,1.44,54755,36696093.1,39942180.08,NA,NA,NA,NA
"fd2024","corey","matthew","200","CT","federal:senate","CTS24","C","M",1.265,1.267,833,257655.82,250438.42,NA,NA,NA,NA
"fd2024","sinema","kyrsten","100","AZ","federal:senate","AZS24","I","F",0.333,-0.752,73123,5311800.8,9272137.32,NA,NA,NA,NA
"fd2024","warner","mark","100","VA","federal:senate","VAS26","I","M",-0.585,-0.724,56079,4266868.81,1266750.72,NA,NA,NA,NA
"fd2024","reed","john","100","RI","federal:senate","RIS26","I","M",-0.643,-0.716,10630,566041.68,881811.5,NA,NA,NA,NA
"fd2024","casey","robert","100","PA","federal:senate","PAS24","I","M",-0.864,-0.669,325924,58147601.15,60234443.54,NA,NA,NA,NA
"fd2024","cortez masto","catherine","100","NV","federal:senate","NVS28","I","F",-1.076,-0.905,101959,3231721.21,2726000.51,NA,NA,NA,NA
"fd2024","hassan","margaret","100","NH","federal:senate","NHS28","I","F",-0.936,-0.797,166102,2900607.97,2073973.73,NA,NA,NA,NA
"fd2024","nickel","wiley","100","NC","federal:senate","NCS26","C","M",-0.777,NA,6922,2383094.47,1731102.48,NA,NA,NA,NA
"fd2024","klobuchar","amy","100","MN","federal:senate","MNS24","I","F",-0.944,-0.873,95711,14734556.75,14098386.5,NA,NA,NA,NA
"fd2024","vanhollen","chris","100","MD","federal:senate","MDS28","I","M",-0.634,-0.769,22082,330578.51,607300.29,NA,NA,NA,NA
"fd2024","bennett","douglas","200","IL","federal:senate","ILS26","C","M",1.419,1.295,111,12000,15247.53,NA,NA,NA,NA
"fd2024","durbin","richard","100","IL","federal:senate","ILS26","I","M",-0.921,-0.743,51602,1106383.69,915337.33,NA,NA,NA,NA
"fd2024","box","reagan","200","GA","federal:senate","GAS26","C","U",1.625,NA,28,33606.11,26130.41,NA,NA,NA,NA
"fd2024","elliott","glenn","100","WV","federal:senate","WVS24","O","M",-1.004,NA,10150,855051.42,845941.7,NA,NA,NA,NA
"fd2024","justice","james","200","WV","federal:senate","WVS24","O","M",1.114,NA,5896,4587416.08,3893648.88,NA,NA,NA,NA
"fd2024","rose","christopher","200","WV","federal:senate","WVS24","O","M",1.592,1.73,72,10683.8,13456.52,NA,NA,NA,NA
"fd2024","leager","thomas","328","WI","federal:senate","WIS24","C","M",-1.161,NA,9,23856,23721,NA,NA,NA,NA
"fd2024","raveendran","rejani","200","WI","federal:senate","WIS24","C","U",1.655,NA,66,47354.87,47354.87,NA,NA,NA,NA
"fd2024","anderson","phillip","328","WI","federal:senate","WIS24","C","M",1.556,NA,18,52738.95,52615.37,NA,NA,NA,NA
"fd2024","garcia","dr","200","WA","federal:senate","WAS24","C","M",1.211,NA,911,773708.95,773708.95,NA,NA,NA,NA
"fd2024","cao","hung","200","VA","federal:senate","VAS24","C","M",1.504,NA,67756,9832460.01,9517135.17,NA,NA,NA,NA
"fd2024","parkinson","scott","200","VA","federal:senate","VAS24","C","M",1.304,NA,900,999121.24,992103.9,NA,NA,NA,NA
"fd2024","emord","jonathan","200","VA","federal:senate","VAS24","C","M",1.389,NA,220,893768.61,893768.61,NA,NA,NA,NA
"fd2024","lowe","kimberly","200","VA","federal:senate","VAS24","C","F",1.502,1.605,36,27835.88,34528.87,NA,NA,NA,NA
"fd2024","walton","jason","200","UT","federal:senate","UTS24","O","M",1.27,NA,219,2932944.99,2932944.99,NA,NA,NA,NA
"fd2024","hatch","brent","200","UT","federal:senate","UTS24","O","M",1.14,NA,541,1264246.3,1264246.3,NA,NA,NA,NA
"fd2024","phippen","carolyn","200","UT","federal:senate","UTS24","O","F",1.305,1.384,114,191720.14,191720.14,NA,NA,NA,NA
"fd2024","staggs","trent","200","UT","federal:senate","UTS24","O","M",1.45,NA,2712,1417660.73,1417660.73,NA,NA,NA,NA
"fd2024","brown","theodore","328","TX","federal:senate","TXS24","C","M",1.101,NA,7,13994,13926.12,NA,NA,NA,NA
"fd2024","gonzalez","mark","100","TX","federal:senate","TXS24","C","M",-0.688,NA,84,14967.44,11659.51,NA,NA,NA,NA
"fd2024","gutierrez","roland","100","TX","federal:senate","TXS24","C","M",-1.057,-0.578,17966,1446695.19,1446942.57,NA,NA,NA,NA
"fd2024","tchenko","thierry","100","TX","federal:senate","TXS24","C","M",-0.193,NA,313,142864.34,142864.34,NA,NA,NA,NA
"fd2024","ingalls","josiah","200","TX","federal:senate","TXS24","C","M",1.136,NA,8,4339.28,5256.53,NA,NA,NA,NA
"fd2024","bradshaw","marquita","100","TN","federal:senate","TNS24","C","F",-1.006,-0.983,14603,79455.36,79298.06,NA,NA,NA,NA
"fd2024","johnson","gloria","100","TN","federal:senate","TNS24","C","F",-1.027,-0.836,51981,7585464.44,7442979.73,NA,NA,NA,NA
"fd2024","scott","timothy","200","SC","federal:senate","SCS28","I","M",1.29,1.101,264750,18856383.18,34917284.04,NA,NA,NA,NA
"fd2024","mckay","raymond","200","RI","federal:senate","RIS24","C","M",1.345,1.34,239,154043.57,153705.04,NA,NA,NA,NA
"fd2024","lankford","james","200","OK","federal:senate","OKS28","I","M",1.075,1.146,8786,913857.67,649918.51,NA,NA,NA,NA
"fd2024","larose","frank","200","OH","federal:senate","OHS24","C","M",1.435,0.747,15287,2338457.32,2319907.19,NA,NA,NA,NA
"fd2024","sapraicone","michael","200","NY","federal:senate","NYS24","C","M",0.706,NA,454,2835467.92,2726716.44,NA,NA,NA,NA
"fd2024","eisen","joshua","200","NY","federal:senate","NYS24","C","M",1.331,NA,18,305744,299422.94,NA,NA,NA,NA
"fd2024","bellon","david","200","NY","federal:senate","NYS24","C","M",1.551,NA,64,43916.35,41812.4,NA,NA,NA,NA
"fd2024","gunter","jeff","200","NV","federal:senate","NVS24","C","M",1.517,NA,4664,3468774.36,3461349.96,NA,NA,NA,NA
"fd2024","marchant","jim","200","NV","federal:senate","NVS24","C","M",1.469,1.498,1094,454703.78,454703.78,NA,NA,NA,NA
"fd2024","kennedy","ronda","200","NV","federal:senate","NVS24","C","F",1.568,NA,133,27686.24,27786.24,NA,NA,NA,NA
"fd2024","luna","benjamin","328","NM","federal:senate","NMS24","C","M",1.458,NA,212,8603.48,8603.48,NA,NA,NA,NA
"fd2024","bashaw","curtis","200","NJ","federal:senate","NJS24","C","M",0.839,NA,3061,4249567.71,4181922.87,NA,NA,NA,NA
"fd2024","campos medina","patricia","100","NJ","federal:senate","NJS24","C","F",-0.806,NA,521,477182.36,477182.36,NA,NA,NA,NA
"fd2024","kim","andy","100","NJ","federal:senate","NJS24","C","M",-0.972,-0.76,71164,24882007.24,23963672.26,NA,NA,NA,NA
"fd2024","serrano glassner","christine","200","NJ","federal:senate","NJS24","C","F",1.099,NA,272,516025.08,516025.08,NA,NA,NA,NA
"fd2024","signorello","joseph","100","NJ","federal:senate","NJS24","C","M",-0.831,NA,727,83900.6,139213.81,NA,NA,NA,NA
"fd2024","booker","cory","100","NJ","federal:senate","NJS26","I","M",-0.988,-0.696,142399,7919520.16,4637639.76,NA,NA,NA,NA
"fd2024","love","preston","100","NE","federal:senate","NES24","C","M",-1.012,NA,1757,283232.43,278121.74,NA,NA,NA,NA
"fd2024","osborn","dan","328","NE","federal:senate","NES24","C","M",-1.024,NA,125726,15129327.27,15066161.35,NA,NA,NA,NA
"fd2024","tillis","thom","200","NC","federal:senate","NCS26","I","M",0.805,1.716,68295,2474642.46,971773.72,NA,NA,NA,NA
"fd2024","mygland","jeremy","200","MT","federal:senate","MTS24","C","M",1.728,NA,106,35717.24,71057.05,NA,NA,NA,NA
"fd2024","eubanks","dan","200","MS","federal:senate","MSS24","C","M",0.835,1.104,97,52717.97,52717.97,NA,NA,NA,NA
"fd2024","young","jared","328","MO","federal:senate","MOS24","C","M",0.84,NA,104,1004183.45,1004183.45,NA,NA,NA,NA
"fd2024","harmon","december","100","MO","federal:senate","MOS24","C","F",-1.256,NA,60,18462.5,16759.02,NA,NA,NA,NA
"fd2024","fraser","joseph","200","MN","federal:senate","MNS24","C","M",1.399,NA,360,77212.83,58665.93,NA,NA,NA,NA
"fd2024","amash","justin","200","MI","federal:senate","MIS24","O","M",0.857,1.223,3897,914568.42,1282891.45,NA,NA,NA,NA
"fd2024","wilson","glenn","200","MI","federal:senate","MIS24","O","M",1.316,NA,15,298954.93,298954.93,NA,NA,NA,NA
"fd2024","craig","james","200","MI","federal:senate","MIS24","O","M",1.633,1.63,21164,136670.33,136670.33,NA,NA,NA,NA
"fd2024","savage","sharon","200","MI","federal:senate","MIS24","O","F",2.539,NA,2,100130.61,50956.12,NA,NA,NA,NA
"fd2024","harper","frank","100","MI","federal:senate","MIS24","O","M",-0.906,NA,12819,3149518.74,3149518.74,NA,NA,NA,NA
"fd2024","pugh","pamela","100","MI","federal:senate","MIS24","O","F",-0.983,-0.995,5804,0,0,NA,NA,NA,NA
"fd2024","beydoun","nasser","100","MI","federal:senate","MIS24","O","M",-0.899,NA,5613,981756.15,964975.02,NA,NA,NA,NA
"fd2024","slotkin","elissa","100","MI","federal:senate","MIS24","O","F",-0.992,-0.992,272587,51937060.2,51654344.82,NA,NA,NA,NA
"fd2024","hoover","michael","200","MI","federal:senate","MIS24","O","M",1.668,NA,61,236591.72,234931.13,NA,NA,NA,NA
"fd2024","kouzounas","demi","200","ME","federal:senate","MES24","C","F",1.459,NA,1531,1027791.62,1027791.62,NA,NA,NA,NA
"fd2024","myrick","john","200","MD","federal:senate","MDS24","O","M",1.465,NA,7,8019.23,7359.23,NA,NA,NA,NA
"fd2024","teichert","john","200","MD","federal:senate","MDS24","O","M",1.493,NA,2404,355612.94,355612.94,NA,NA,NA,NA
"fd2024","alsobrooks","angela","100","MD","federal:senate","MDS24","O","F",-0.96,-0.909,119851,31077805.53,31027960.15,NA,NA,NA,NA
"fd2024","jawando","will","100","MD","federal:senate","MDS24","O","M",-0.923,-0.911,2339,761154.89,622689.03,NA,NA,NA,NA
"fd2024","cain","ian","200","MA","federal:senate","MAS24","C","M",1.17,NA,2665,418170.53,418170.53,NA,NA,NA,NA
"fd2024","antonellis","robert","200","MA","federal:senate","MAS24","C","M",1.442,NA,22,41279.47,41910.1,NA,NA,NA,NA
"fd2024","cassidy","william","200","LA","federal:senate","LAS26","I","M",0.654,0.836,19475,4060477.24,681168.21,NA,NA,NA,NA
"fd2024","carmichael","robert","100","IN","federal:senate","INS24","O","M",-0.612,NA,461,119821.39,102015.29,NA,NA,NA,NA
"fd2024","rust","john","200","IN","federal:senate","INS24","O","M",1.604,NA,7,2992413.25,3932844.25,NA,NA,NA,NA
"fd2024","ernst","joni","200","IA","federal:senate","IAS26","I","F",1.394,1.317,121375,2921862.7,1655755.5,NA,NA,NA,NA
"fd2024","schatz","brian","100","HI","federal:senate","HIS28","I","M",-0.581,-0.651,13502,525033.39,979159.32,NA,NA,NA,NA
"fd2024","bonoan","feena","328","FL","federal:senate","FLS24","C","U",0.958,NA,13,19716.9,19716.9,NA,NA,NA,NA
"fd2024","mucarsel powell","debbie","100","FL","federal:senate","FLS24","C","F",-0.961,-0.853,262379,36616416.21,36641693.52,NA,NA,NA,NA
"fd2024","ehr","phillip","100","FL","federal:senate","FLS24","C","M",-0.991,-0.578,42173,2399215.26,2372232.66,NA,NA,NA,NA
"fd2024","horan","donald","100","FL","federal:senate","FLS24","C","M",-0.965,NA,31,73455,73455,NA,NA,NA,NA
"fd2024","hansen","eric","200","DE","federal:senate","DES24","O","M",1.302,NA,350,1015951.4,1015951.4,NA,NA,NA,NA
"fd2024","smith","gerard","200","CT","federal:senate","CTS24","C","M",1.481,NA,223,68292.58,68292.58,NA,NA,NA,NA
"fd2024","bassett","sharleta","200","CA","federal:senate","CAS24","O","U",1.632,NA,35,23079,23079,NA,NA,NA,NA
"fd2024","gilani","sepi","100","CA","federal:senate","CAS24","O","U",-0.655,NA,42,13764,11558.72,NA,NA,NA,NA
"fd2024","garvey","steve","200","CA","federal:senate","CAS24","O","M",1.489,NA,82003,20356132.85,19775163.62,NA,NA,NA,NA
"fd2024","ruzon","mark","328","CA","federal:senate","CAS24","O","M",1.001,NA,8,25489.13,25489.13,NA,NA,NA,NA
"fd2024","reiss","jonathan","200","CA","federal:senate","CAS24","O","M",1.293,NA,50,14156.17,15576.24,NA,NA,NA,NA
"fd2024","rab","aejaz","100","CA","federal:senate","CAS24","O","U",-0.257,-0.537,54,20900,21274.85,NA,NA,NA,NA
"fd2024","schiff","adam","100","CA","federal:senate","CAS24","O","M",-0.962,-0.887,513637,96291793.56,125575660.98,NA,NA,NA,NA
"fd2024","gary pandol","denice","200","CA","federal:senate","CAS24","O","F",1.265,NA,236,101984.99,111045.3,NA,NA,NA,NA
"fd2024","williams","sarah","328","AZ","federal:senate","AZS24","O","F",-1.157,NA,4,14715,14261.37,NA,NA,NA,NA
"fd2024","lamb","mark","200","AZ","federal:senate","AZS24","O","M",1.539,NA,13027,2189531.78,2172907.84,NA,NA,NA,NA
"fd2024","cotton","thomas","200","AR","federal:senate","ARS26","I","M",1.362,1.044,54080,2488964.09,2821992.91,NA,NA,NA,NA
"fd2024","baldwin","tammy","100","WI","federal:senate","WIS24","I","F",-1.127,-0.964,299087,50228545.14,53242337.24,NA,NA,NA,NA
"fd2024","malloy","gerald","200","VT","federal:senate","VTS24","C","M",1.37,1.453,1425,662959.83,642786.47,NA,NA,NA,NA
"fd2024","kaine","timothy","100","VA","federal:senate","VAS24","I","M",-0.951,-0.782,128187,18308453.68,19283453.77,NA,NA,NA,NA
"fd2024","cornyn","john","200","TX","federal:senate","TXS26","I","M",1.335,1.355,99053,3377426.45,851024.74,NA,NA,NA,NA
"fd2024","mccormick","dave","200","PA","federal:senate","PAS24","C","M",1.22,NA,80207,35970836.83,35373179.48,NA,NA,NA,NA
"fd2024","dolan","matt","200","OH","federal:senate","OHS24","C","M",0.75,0.992,4812,12722612.85,12656068.95,NA,NA,NA,NA
"fd2024","sare","diane","328","NY","federal:senate","NYS24","C","F",-0.218,NA,703,508500.31,508775.13,NA,NA,NA,NA
"fd2024","brown","sam","200","NV","federal:senate","NVS24","C","M",1.498,1.595,90893,24063366.48,23799770.21,NA,NA,NA,NA
"fd2024","fischer","debra","200","NE","federal:senate","NES24","I","F",1.059,1.181,17066,6555361.2,7930346.81,NA,NA,NA,NA
"fd2024","budd","theodore","200","NC","federal:senate","NCS28","I","M",1.475,1.46,41986,2111873.54,2101703,NA,NA,NA,NA
"fd2024","daines","steve","200","MT","federal:senate","MTS26","I","M",1.081,1.319,152328,1682254.18,669095.42,NA,NA,NA,NA
"fd2024","schmitt","eric","200","MO","federal:senate","MOS28","I","M",1.445,1.315,9346,1957979.62,1569553.5,NA,NA,NA,NA
"fd2024","king","angus","100","ME","federal:senate","MES24","I","M",-0.764,-0.524,9478,5368767,5443100.77,NA,NA,NA,NA
"fd2024","mcconnell","mitch","200","KY","federal:senate","KYS26","I","M",1.006,1.171,311730,1203839.87,1078988.86,NA,NA,NA,NA
"fd2024","hirono","mazie","100","HI","federal:senate","HIS24","I","F",-0.892,-0.775,28855,3292048.88,2799353.34,NA,NA,NA,NA
"fd2024","hyde","robert","200","CT","federal:senate","CTS24","C","M",1.229,1.024,264,1744.75,1744.75,NA,NA,NA,NA
"fd2024","padilla","alex","100","CA","federal:senate","CAS28","I","M",-0.802,-0.783,16937,754150.94,1564522.58,NA,NA,NA,NA
"fd2024","britt","katie","200","AL","federal:senate","ALS28","I","F",1.36,NA,35835,3907112.1,1506294.88,NA,NA,NA,NA
"fd2024","manchin","joe","100","WV","federal:senate","WVS24","I","M",0.05,-0.372,26715,2997445.59,4062594.56,NA,NA,NA,NA
"fd2024","lee","mike","200","UT","federal:senate","UTS28","I","M",1.483,1.121,95982,5138473.2,5191865.23,NA,NA,NA,NA
"fd2024","hagerty","bill","200","TN","federal:senate","TNS26","I","M",1.358,1.243,33316,4906088.81,3899198.57,NA,NA,NA,NA
"fd2024","gillibrand","kirsten","100","NY","federal:senate","NYS24","I","F",-0.887,-0.782,215348,9798986.57,14135378.85,NA,NA,NA,NA
"fd2024","hoeven","john","200","ND","federal:senate","NDS28","I","M",1.13,1.26,7188,530749.5,484008.75,NA,NA,NA,NA
"fd2024","paul","rand","200","KY","federal:senate","KYS28","I","M",1.429,1.646,120527,8490873.16,7162710.96,NA,NA,NA,NA
"fd2024","warnock","raphael","100","GA","federal:senate","GAS28","I","M",-1.11,-0.903,1911562,4819907.15,5935168.61,NA,NA,NA,NA
"fd2024","coons","christopher","100","DE","federal:senate","DES26","I","M",-0.55,-0.702,21178,1749727.9,1385630.43,NA,NA,NA,NA
"fd2024","hickenlooper","john","100","CO","federal:senate","COS26","I","M",-0.846,-0.893,172203,1160079.25,954664.22,NA,NA,NA,NA
"fd2024","kelly","mark","100","AZ","federal:senate","AZS28","I","M",-1.088,-0.766,825602,10864653.95,7920095.56,NA,NA,NA,NA
"fd2024","tuberville","thomas","200","AL","federal:senate","ALS26","I","M",1.35,NA,17841,2191049.2,1794129.96,NA,NA,NA,NA
"fd2024","carter","willie","100","00","federal:president","PRES","C","M",-2.017,-1.703,9,7431.45,6842.25,NA,NA,NA,NA
"fd2024","christie","chris","200","00","federal:president","PRES","C","M",0.014,0.832,60971,7628084.62,7595353.05,NA,NA,NA,NA
"fd2024","terry","randal","328","00","federal:president","PRES","C","M",1.645,NA,422,596542.73,620244,NA,NA,NA,NA
"fd2024","palmer","jason","100","00","federal:president","PRES","C","M",-0.614,NA,162,953373.39,953373.39,NA,NA,NA,NA
"fd2024","uygur","cenk","100","00","federal:president","PRES","C","",-1.092,NA,7206,547713.67,547713.67,NA,NA,NA,NA
"fd2024","rectenwald","michael","328","00","federal:president","PRES","C","M",1.249,NA,47,85862.87,75198.15,NA,NA,NA,NA
"fd2024","smith","joshua","328","00","federal:president","PRES","C","M",1.309,NA,18,21970.02,21945.02,NA,NA,NA,NA
"fd2024","hurd","william","200","00","federal:president","PRES","C","M",-0.147,NA,2442,1451894.03,1451894.03,NA,NA,NA,NA
"fd2024","sonski","peter","328","00","federal:president","PRES","C","M",0.579,NA,53,87899.72,83645.76,NA,NA,NA,NA
"fd2024","west","cornel","328","00","federal:president","PRES","C","M",-1.287,NA,1033,1398321.09,1396083.06,NA,NA,NA,NA
"fd2024","pence","mike","200","00","federal:president","PRES","C","M",1.192,NA,14904,7150753.11,6921541.28,NA,NA,NA,NA
"fd2024","elder","larry","200","00","federal:president","PRES","C","M",1.504,NA,31439,1376324.53,1375552.52,NA,NA,NA,NA
"fd2024","ayyadurai","shiva","328","00","federal:president","PRES","C","F",0.934,NA,81,169036.35,146413.56,NA,NA,NA,NA
"fd2024","binkley","ryan","200","00","federal:president","PRES","C","M",1.308,NA,1972,11884131.37,11882640.35,NA,NA,NA,NA
"fd2024","kennedy","robert","328","00","federal:president","PRES","C","M",0.125,NA,40778,67278247.27,66539069.36,NA,NA,NA,NA
"fd2024","haley","nikki","200","00","federal:president","PRES","C","F",0.71,1.262,258590,58378347.5,56690680.61,NA,NA,NA,NA
"fd2024","johnson","perry","200","00","federal:president","PRES","C","M",1.45,NA,8501,29704589.21,28803785.04,NA,NA,NA,NA
"fd2024","camilleri","charles","100","00","federal:president","PRES","C","M",-1.703,NA,3,41248,540,NA,NA,NA,NA
"fd2024","roberts","rollan","200","00","federal:president","PRES","C","M",0.539,NA,22,1283083.14,1283082.21,NA,NA,NA,NA
"fd2024","hudson","anthony","200","00","federal:president","PRES","C","M",1.724,NA,59,282095.22,215548.56,NA,NA,NA,NA
"fd2024","castro","john","200","00","federal:president","PRES","C","M",-1.53,NA,24,23998.74,23164.5,NA,NA,NA,NA
"fd2024","mapstead","lars","328","00","federal:president","PRES","C","M",1.338,1.339,11,993735.78,1002847.51,NA,NA,NA,NA
"fd2024","hornberger","jacob","328","00","federal:president","PRES","C","M",1.251,1.245,96,75109.18,75109.18,NA,NA,NA,NA
"fd2024","williamson","marianne","100","00","federal:president","PRES","C","F",-1.01,-0.954,105198,5404966.53,5401514.6,NA,NA,NA,NA
"fd2024","miller","carol","200","WV","federal:house","WV01","I","F",1.095,1.161,2857,1751492,1725384.9,NA,NA,NA,NA
"fd2024","schrier","kim","100","WA","federal:house","WA08","I","F",-1.011,-1.015,30292,6530378.69,5059145.56,NA,NA,NA,NA
"fd2024","helmer","daniel","100","VA","federal:house","VA10","O","M",-0.798,-0.897,7089,2010212.47,2006982.78,NA,NA,NA,NA
"fd2024","cline","benjamin","200","VA","federal:house","VA06","I","M",1.179,1.314,1970,1030467.03,969485.9,NA,NA,NA,NA
"fd2024","herrod","christopher","200","UT","federal:house","UT03","O","M",1.435,1.365,540,11598,11598,NA,NA,NA,NA
"fd2024","allred","colin","100","TX","federal:house","TX32","I","M",-1.013,-1.023,635644,598126.42,2587027.99,NA,NA,NA,NA
"fd2024","cloud","michael","200","TX","federal:house","TX27","I","M",1.314,1.541,1899,798397.1,943006.48,NA,NA,NA,NA
"fd2024","roy","chip","200","TX","federal:house","TX21","I","M",1.542,1.469,14360,2899549.54,1870955.92,NA,NA,NA,NA
"fd2024","fletcher","elizabeth","100","TX","federal:house","TX07","I","F",-0.604,-0.835,12139,2440397.07,2445442.11,NA,NA,NA,NA
"fd2024","gooden","lance","200","TX","federal:house","TX05","I","M",1.222,1.378,2865,1136643.85,889505.17,NA,NA,NA,NA
"fd2024","smith","kasandra","100","TN","federal:house","TN09","C","F",-1.33,-0.945,11,10795,8191.8,NA,NA,NA,NA
"fd2024","rose","john","200","TN","federal:house","TN06","I","M",1.364,1.388,5672,1861461.35,1710030.03,NA,NA,NA,NA
"fd2024","johnson","dusty","200","SD","federal:house","SD01","I","M",1.083,1.254,3523,4377059.46,1454148.22,NA,NA,NA,NA
"fd2024","timmons","william","200","SC","federal:house","SC04","I","M",1.1,1.228,2177,2312884.39,2304783.22,NA,NA,NA,NA
"fd2024","wild","susan","100","PA","federal:house","PA07","I","F",-0.962,-0.802,31543,8960927.65,8946230,NA,NA,NA,NA
"fd2024","joyce","john","200","PA","federal:house","PA13","I","M",0.903,0.987,1688,2258417.8,1470449.02,NA,NA,NA,NA
"fd2024","scanlon","mary","100","PA","federal:house","PA05","I","F",-0.881,-0.758,6813,1532211.38,1517047.05,NA,NA,NA,NA
"fd2024","thompson","glenn","200","PA","federal:house","PA15","I","M",1.005,1.201,4858,2857767.11,2419749.26,NA,NA,NA,NA
"fd2024","mcleod skinner","jamie","100","OR","federal:house","OR05","C","F",-1.017,-0.935,12532,818996.72,865115.58,NA,NA,NA,NA
"fd2024","lyras","louis","100","OH","federal:house","OH06","O","M",-0.591,-0.532,79,2182,15035.76,NA,NA,NA,NA
"fd2024","morelle","joseph","100","NY","federal:house","NY25","I","M",-0.67,-0.552,6693,2154064.87,1826735.78,NA,NA,NA,NA
"fd2024","ryan","patrick","100","NY","federal:house","NY18","I","M",-0.822,-0.832,19707,8143126.11,8011645.3,NA,NA,NA,NA
"fd2024","meeks","gregory","100","NY","federal:house","NY05","I","M",-0.266,-0.652,5773,3048026.76,2548056.09,NA,NA,NA,NA
"fd2024","sherrill","mikie","100","NJ","federal:house","NJ11","I","F",-0.905,-0.891,31923,4557540.15,4991670.89,NA,NA,NA,NA
"fd2024","vandrew","jeff","200","NJ","federal:house","NJ02","I","M",1.352,NA,42519,3233277.47,2950258.37,NA,NA,NA,NA
"fd2024","armstrong","kelly","200","ND","federal:house","ND01","I","M",1.05,1.295,2482,893118.45,1170382.15,NA,NA,NA,NA
"fd2024","guest","michael","200","MS","federal:house","MS03","I","M",1.18,1.275,1818,925968.2,439640.66,NA,NA,NA,NA
"fd2024","stauber","peter","200","MN","federal:house","MN08","I","M",1.178,1.344,4975,2276284.45,2176224.23,NA,NA,NA,NA
"fd2024","phillips","dean","100","MN","federal:house","MN03","I","M",-0.628,-0.898,12337,781655.5,957733.99,NA,NA,NA,NA
"fd2024","waters","mary","100","MI","federal:house","MI13","C","F",-0.671,-0.749,573,195310.05,191978,NA,NA,NA,NA
"fd2024","slotkin","elissa","100","MI","federal:house","MI07","I","F",-0.992,-0.992,272587,708162.35,836582.18,NA,NA,NA,NA
"fd2024","pingree","chellie","100","ME","federal:house","ME01","I","F",-0.977,-0.907,11751,670959.02,659556.13,NA,NA,NA,NA
"fd2024","pressley","ayanna","100","MA","federal:house","MA07","I","F",-1.077,-0.776,30730,1432055.24,1636120.86,NA,NA,NA,NA
"fd2024","linderman","hank","100","KY","federal:house","KY02","C","M",-0.948,-0.9,482,41067.58,27762.33,NA,NA,NA,NA
"fd2024","estes","ron","200","KS","federal:house","KS04","I","M",1.076,1.056,3611,2287999.66,2033296.41,NA,NA,NA,NA
"fd2024","pence","gregory","200","IN","federal:house","IN06","I","M",1.011,1.344,5392,526945.16,679662.9,NA,NA,NA,NA
"fd2024","marter","james","200","IL","federal:house","IL14","C","M",1.482,1.624,397,326753.53,322950.05,NA,NA,NA,NA
"fd2024","foster","g william","100","IL","federal:house","IL11","I","M",-1.015,-0.915,15832,3282466.22,2537016.89,NA,NA,NA,NA
"fd2024","lopez","raymond","100","IL","federal:house","IL04","C","M",0.095,NA,192,82544,82544,NA,NA,NA,NA
"fd2024","simpson","michael","200","ID","federal:house","ID02","I","M",0.738,1.26,5202,1555834.51,1589029.24,NA,NA,NA,NA
"fd2024","miller meeks","mariannette","200","IA","federal:house","IA01","I","F",1.284,1.384,17684,5575998.7,5591186.53,NA,NA,NA,NA
"fd2024","mcbath","lucia","100","GA","federal:house","GA06","I","F",-0.843,NA,51944,2454303.29,2235332.3,NA,NA,NA,NA
"fd2024","cherfilus mccormick","sheila","100","FL","federal:house","FL20","I","F",-0.153,-0.386,1001,639178.7,634440.89,NA,NA,NA,NA
"fd2024","waltz","michael","200","FL","federal:house","FL06","I","M",1.187,1.374,11480,2820255.6,2337500.54,NA,NA,NA,NA
"fd2024","hayes","jahana","100","CT","federal:house","CT05","I","F",-0.966,NA,14228,4218172.13,4055864.16,NA,NA,NA,NA
"fd2024","crow","jason","100","CO","federal:house","CO06","I","M",-0.98,NA,23269,2208412.11,2041403.94,NA,NA,NA,NA
"fd2024","neguse","joseph","100","CO","federal:house","CO02","I","M",-0.776,-0.801,13043,2433594.3,2303536.95,NA,NA,NA,NA
"fd2024","levin","mike","100","CA","federal:house","CA49","I","M",-0.963,-1.012,25406,5679155.07,5544869.03,NA,NA,NA,NA
"fd2024","kim","young","200","CA","federal:house","CA40","I","F",1.303,1.122,70599,9244755.74,7906735.89,NA,NA,NA,NA
"fd2024","duenas","angelica","100","CA","federal:house","CA29","O","F",-1.099,-1.118,2862,119777.59,125708.04,NA,NA,NA,NA
"fd2024","harder","josh","100","CA","federal:house","CA09","I","M",-0.98,-1.057,37655,5415539.47,4876309.57,NA,NA,NA,NA
"fd2024","thompson","mike","100","CA","federal:house","CA04","I","M",-0.594,-0.415,8625,2434299.38,2852644.87,NA,NA,NA,NA
"fd2024","lesko","debbie","200","AZ","federal:house","AZ08","I","F",1.325,1.407,6536,370273.95,893861.04,NA,NA,NA,NA
"fd2024","gallagher","michael","200","WI","federal:house","WI08","I","M",0.763,1.18,6967,2121829.26,1818734.6,NA,NA,NA,NA
"fd2024","jayapal","pramila","100","WA","federal:house","WA07","I","F",-1.073,-0.913,44177,2824206.25,3181301.88,NA,NA,NA,NA
"fd2024","arrington","jodey","200","TX","federal:house","TX19","I","M",1.052,1.304,3909,3269201.47,2706336.29,NA,NA,NA,NA
"fd2024","babin","brian","200","TX","federal:house","TX36","I","M",1.132,1.296,3507,1192438.26,1471175,NA,NA,NA,NA
"fd2024","hyman","mal","100","SC","federal:house","SC07","C","M",-1.07,-1.05,822,89555.08,89555.08,NA,NA,NA,NA
"fd2024","smucker","lloyd","200","PA","federal:house","PA11","I","M",1.051,1.192,3280,1827917.74,1803649.46,NA,NA,NA,NA
"fd2024","evans","dwight","100","PA","federal:house","PA03","I","M",-0.673,-0.564,7753,976087.83,1033566.16,NA,NA,NA,NA
"fd2024","jordan","james","200","OH","federal:house","OH04","I","M",1.516,1.606,113765,13512268.9,13631832.23,NA,NA,NA,NA
"fd2024","lee","susie","100","NV","federal:house","NV03","I","F",-0.703,-0.724,16468,6071959.21,5642671.43,NA,NA,NA,NA
"fd2024","gottheimer","josh","100","NJ","federal:house","NJ05","I","M",-0.23,-0.708,15275,10246423.95,2879879.11,NA,NA,NA,NA
"fd2024","kelly","john","200","MS","federal:house","MS01","I","M",1.142,NA,2258,1281874.14,998727.89,NA,NA,NA,NA
"fd2024","craig","angela","100","MN","federal:house","MN02","I","F",-0.881,-0.911,29575,8288031.44,8295355.52,NA,NA,NA,NA
"fd2024","trone","david","100","MD","federal:house","MD06","I","M",-0.372,-0.641,4812,127666273.18,128064803.02,NA,NA,NA,NA
"fd2024","raskin","jamie","100","MD","federal:house","MD08","I","M",-1.075,-0.759,53348,4843711.39,2999506.79,NA,NA,NA,NA
"fd2024","johnson","james","200","LA","federal:house","LA04","I","M",1.413,1.497,84642,19867069.39,19499271.29,NA,NA,NA,NA
"fd2024","comer","james","200","KY","federal:house","KY01","I","M",1.294,1.214,42174,7650141.57,5518741.17,NA,NA,NA,NA
"fd2024","houchin","erin","200","IN","federal:house","IN09","I","F",1.052,1.255,2049,1723766,1393946.47,NA,NA,NA,NA
"fd2024","krishnamoorthi","s raja","100","IL","federal:house","IL08","I","M",-0.808,-0.824,46113,10897838.27,4973013.29,NA,NA,NA,NA
"fd2024","ferguson","anderson","200","GA","federal:house","GA03","I","M",1.005,NA,5860,885616.08,1245173.14,NA,NA,NA,NA
"fd2024","mast","brian","200","FL","federal:house","FL21","I","M",1.36,1.476,37161,3998823.63,4341119.59,NA,NA,NA,NA
"fd2024","bilirakis","gus","200","FL","federal:house","FL12","I","M",0.916,1.031,8848,1804425.78,1826105.36,NA,NA,NA,NA
"fd2024","rutherford","john","200","FL","federal:house","FL05","I","M",0.655,1.102,1520,897299.59,965252.11,NA,NA,NA,NA
"fd2024","gaetz","matt","200","FL","federal:house","FL01","I","M",1.539,1.235,22151,6772979.08,6824261.22,NA,NA,NA,NA
"fd2024","lamborn","douglas","200","CO","federal:house","CO05","I","M",0.683,1.202,2469,228768.51,306568.54,NA,NA,NA,NA
"fd2024","degette","diana","100","CO","federal:house","CO01","I","F",-0.738,-0.915,8577,1103161.98,1182532.98,NA,NA,NA,NA
"fd2024","correa","lou","100","CA","federal:house","CA46","I","M",-0.346,-0.752,5120,1385045.32,1040325.62,NA,NA,NA,NA
"fd2024","carbajal","salud","100","CA","federal:house","CA24","I","M",-0.847,-1.042,3991,2037379.78,1497496.5,NA,NA,NA,NA
"fd2024","panetta","jimmy","100","CA","federal:house","CA19","I","M",-0.304,-0.999,5488,3357555.24,1823326.52,NA,NA,NA,NA
"fd2024","biggs","andy","200","AZ","federal:house","AZ05","I","M",1.558,1.494,8205,1383059.41,1159653.7,NA,NA,NA,NA
"fd2024","walker","christopher","200","WV","federal:house","WV02","O","M",1.557,NA,10334,867830.3,867600.09,NA,NA,NA,NA
"fd2024","cain","dennis","200","WV","federal:house","WV02","O","M",1.69,NA,113,128060.54,128493.4,NA,NA,NA,NA
"fd2024","moore","riley","200","WV","federal:house","WV02","O","M",1.064,1.101,4077,1443700.37,1454396.91,NA,NA,NA,NA
"fd2024","holden","wes","328","WV","federal:house","WV01","C","M",-1.174,NA,28,54916.37,54499.83,NA,NA,NA,NA
"fd2024","evans","jonathan","200","WV","federal:house","WV01","C","M",1.542,NA,2050,1062145.01,1001214.23,NA,NA,NA,NA
"fd2024","lyerly","kristin","100","WI","federal:house","WI08","O","F",-1.052,-0.947,42381,2802201.67,2776592.24,NA,NA,NA,NA
"fd2024","roth","roger","200","WI","federal:house","WI08","O","M",1.276,1.355,3934,776196.61,776196.61,NA,NA,NA,NA
"fd2024","kilbourn","kyle","100","WI","federal:house","WI07","C","M",-1.071,NA,1390,233031.36,218055.19,NA,NA,NA,NA
"fd2024","grothman","glenn","200","WI","federal:house","WI06","I","M",1.409,1.432,6354,998213.83,1013450.91,NA,NA,NA,NA
"fd2024","moore","gwen","100","WI","federal:house","WI04","I","F",-0.707,-0.921,4197,1356549.62,1356652.33,NA,NA,NA,NA
"fd2024","shankland","katrina","100","WI","federal:house","WI03","C","F",-1.066,-0.952,7904,979501.34,977148.27,NA,NA,NA,NA
"fd2024","cooke","rebecca","100","WI","federal:house","WI03","C","F",-0.989,NA,39614,12716117.3,12695838.26,NA,NA,NA,NA
"fd2024","santos","lorenzo","100","WI","federal:house","WI01","C","M",-1.091,NA,193,25593.83,25440.23,NA,NA,NA,NA
"fd2024","chaudhry","melissa","100","WA","federal:house","WA09","C","F",-1.411,NA,185,227467.53,108983.24,NA,NA,NA,NA
"fd2024","sheth","nirav","200","WA","federal:house","WA10","C","M",1.973,NA,10,26855,30401.04,NA,NA,NA,NA
"fd2024","macewen","drew","200","WA","federal:house","WA06","O","M",1.241,1.255,1423,255579.9,255579.9,NA,NA,NA,NA
"fd2024","randall","emily","100","WA","federal:house","WA06","O","F",-0.919,-0.859,8739,1978942.81,1951071.13,NA,NA,NA,NA
"fd2024","welde","matthew","100","WA","federal:house","WA05","C","M",-1.264,NA,70,30035.06,30035.06,NA,NA,NA,NA
"fd2024","bingle","jonathan","200","WA","federal:house","WA05","C","M",1.404,NA,25,22243,22167.43,NA,NA,NA,NA
"fd2024","dansel","brian","200","WA","federal:house","WA05","C","M",1.931,1.26,315,225321,231121.68,NA,NA,NA,NA
"fd2024","bank","bernadine","100","WA","federal:house","WA05","C","F",-0.981,NA,2805,350038.38,350123,NA,NA,NA,NA
"fd2024","danimus","ann","100","WA","federal:house","WA05","C","F",-1.038,-1.042,2401,422965.98,423900.1,NA,NA,NA,NA
"fd2024","smiley","tiffany","200","WA","federal:house","WA04","C","F",1.505,1.585,63012,1068851.73,1046789.41,NA,NA,NA,NA
"fd2024","lewallen","leslie","200","WA","federal:house","WA03","C","F",1.397,NA,3072,840312.9,840312.9,NA,NA,NA,NA
"fd2024","brewer","james","200","WA","federal:house","WA01","C","M",1.455,NA,14,14151,12920.09,NA,NA,NA,NA
"fd2024","nasar","ahsan","100","VA","federal:house","VA11","C","M",-0.938,NA,293,110845.09,110845.09,NA,NA,NA,NA
"fd2024","maldonado","michelle","100","VA","federal:house","VA10","O","F",-0.828,NA,392,118124.41,119483.36,NA,NA,NA,NA
"fd2024","devoe","marion","100","VA","federal:house","VA10","O","M",-1.158,NA,80,10395,0,NA,NA,NA,NA
"fd2024","nembhard","travis","100","VA","federal:house","VA10","O","M",-0.755,NA,378,124051.04,124051.04,NA,NA,NA,NA
"fd2024","qarni","atif","100","VA","federal:house","VA10","O","M",-0.912,-0.869,772,363301,363301,NA,NA,NA,NA
"fd2024","boysko","jennifer","100","VA","federal:house","VA10","O","F",-0.783,-0.916,2431,619261.99,618420.52,NA,NA,NA,NA
"fd2024","leighton","mark","100","VA","federal:house","VA10","O","M",-0.765,NA,15,8472.65,8472.65,NA,NA,NA,NA
"fd2024","kaul","krystle","100","VA","federal:house","VA10","O","F",-0.451,NA,768,1119274.51,1119274.51,NA,NA,NA,NA
"fd2024","kennedy","david","328","VA","federal:house","VA08","C","M",-1.872,NA,5,16418.46,17291.25,NA,NA,NA,NA
"fd2024","beyer","donald","100","VA","federal:house","VA08","I","M",-0.721,-0.856,7778,1941744.81,1981444.94,NA,NA,NA,NA
"fd2024","martin","maria","200","VA","federal:house","VA07","O","F",1.303,NA,23,25144.35,25144.35,NA,NA,NA,NA
"fd2024","sacks","jeffrey","200","VA","federal:house","VA07","O","M",1.791,NA,17,57203.77,57203.77,NA,NA,NA,NA
"fd2024","guzman","elizabeth","100","VA","federal:house","VA07","O","F",-0.762,-0.818,2972,318181.97,318181.97,NA,NA,NA,NA
"fd2024","sewell","briana","100","VA","federal:house","VA07","O","F",-0.823,NA,1658,292143.39,292143.39,NA,NA,NA,NA
"fd2024","vindman","yevgeny","100","VA","federal:house","VA07","O","M",-1.029,NA,192009,18096189.51,17961255.77,NA,NA,NA,NA
"fd2024","myers","jonathon","200","VA","federal:house","VA07","O","M",1.453,NA,416,160081.36,157110.79,NA,NA,NA,NA
"fd2024","moher","william","200","VA","federal:house","VA04","O","M",1.634,NA,14,413819.27,413819.27,NA,NA,NA,NA
"fd2024","grandon","rod","100","VA","federal:house","VA06","C","M",-1.014,NA,31,9844.4,9844.4,NA,NA,NA,NA
"fd2024","witt","gloria","100","VA","federal:house","VA05","C","F",-1.005,NA,1384,362896.5,353530.06,NA,NA,NA,NA
"fd2024","mcclellan","jennifer","100","VA","federal:house","VA04","C","F",-0.998,-0.855,5905,2767794.48,2713693.27,NA,NA,NA,NA
"fd2024","denton","jake","100","VA","federal:house","VA02","C","M",-0.391,NA,497,388964.2,388964.2,NA,NA,NA,NA
"fd2024","mehta","leslie","100","VA","federal:house","VA01","C","F",-0.965,NA,2611,722446.49,722446.49,NA,NA,NA,NA
"fd2024","dahlin","kathryn","200","UT","federal:house","UT03","O","F",0.865,NA,38,87881.25,75814.67,NA,NA,NA,NA
"fd2024","dougall","john","200","UT","federal:house","UT03","O","M",1.352,1.353,424,392290.28,387850.1,NA,NA,NA,NA
"fd2024","kennedy","mike","200","UT","federal:house","UT03","O","M",1.208,1.366,2190,1032661.67,907459.86,NA,NA,NA,NA
"fd2024","jenkins","colby","200","UT","federal:house","UT02","C","M",1.142,NA,390,507883.76,507882.18,NA,NA,NA,NA
"fd2024","riebe","kathleen","100","UT","federal:house","UT02","O","F",-0.75,-0.703,587,348093.46,346220.17,NA,NA,NA,NA
"fd2024","eyring","henry","200","UT","federal:house","UT02","O","M",1.418,NA,22,45606,45606,NA,NA,NA,NA
"fd2024","thomas","gion","100","TX","federal:house","TX38","C","U",-0.891,NA,41,13879.15,11042.14,NA,NA,NA,NA
"fd2024","wright","steven","200","TX","federal:house","TX35","C","M",1.213,NA,13,36440.81,18791.67,NA,NA,NA,NA
"fd2024","blewett","david","200","TX","federal:house","TX32","O","M",2.04,NA,4,58486,42062.27,NA,NA,NA,NA
"fd2024","chaudhry","raja","100","TX","federal:house","TX32","O","M",-1.083,NA,14,305350.23,81219.88,NA,NA,NA,NA
"fd2024","khan","gulrez","200","TX","federal:house","TX32","O","U",-0.321,NA,54,25190.44,21333.14,NA,NA,NA,NA
"fd2024","moore","justin","100","TX","federal:house","TX32","O","M",-0.919,NA,658,224577.42,168105.92,NA,NA,NA,NA
"fd2024","manning","zachariah","100","TX","federal:house","TX32","O","M",-1.024,-0.743,19,8120.22,7957.44,NA,NA,NA,NA
"fd2024","pfeil","rick","100","TX","federal:house","TX31","C","M",-0.662,NA,7,125621.04,103542.69,NA,NA,NA,NA
"fd2024","latimer","mackenzie","200","TX","federal:house","TX31","C","F",1.238,NA,66,30163.26,25316.18,NA,NA,NA,NA
"fd2024","davis","jarred","100","TX","federal:house","TX30","C","M",-0.937,NA,30,17099.88,17099.88,NA,NA,NA,NA
"fd2024","garza","lazaro","200","TX","federal:house","TX28","C","M",2.149,NA,8,297652.13,297652.13,NA,NA,NA,NA
"fd2024","sinclair","kyle","200","TX","federal:house","TX28","C","M",1.6,NA,21,18306,721.26,NA,NA,NA,NA
"fd2024","lloyd","tanya","100","TX","federal:house","TX27","C","F",-1.062,NA,294,60032.08,59844.75,NA,NA,NA,NA
"fd2024","huffman","john","200","TX","federal:house","TX26","O","M",1.104,NA,330,455851,455733.82,NA,NA,NA,NA
"fd2024","armey","scott","200","TX","federal:house","TX26","O","M",1.191,NA,597,369200.44,369200.44,NA,NA,NA,NA
"fd2024","gill","brandon","200","TX","federal:house","TX26","O","M",1.505,NA,7050,1779342.5,1651519.1,NA,NA,NA,NA
"fd2024","crabb","vincent","200","TX","federal:house","TX25","C","M",1.738,NA,10,61753.14,56577.72,NA,NA,NA,NA
"fd2024","mahesh","kamal","100","TX","federal:house","TX24","C","M",-1.515,NA,15,19351,19351,NA,NA,NA,NA
"fd2024","limon","santos","100","TX","federal:house","TX23","C","M",-0.937,NA,182,111740.37,111715.34,NA,NA,NA,NA
"fd2024","avila","victor","200","TX","federal:house","TX23","C","M",1.519,1.596,725,114258.24,114258.24,NA,NA,NA,NA
"fd2024","greene scott","marquette","100","TX","federal:house","TX22","C","U",-1.02,NA,281,68733.64,66807.14,NA,NA,NA,NA
"fd2024","hook","kristin","100","TX","federal:house","TX21","C","F",-0.976,NA,2082,514005.34,509648.18,NA,NA,NA,NA
"fd2024","boyd","vance","200","TX","federal:house","TX19","C","M",-0.826,NA,10,35745.72,35229.69,NA,NA,NA,NA
"fd2024","martin","isaiah","100","TX","federal:house","TX18","C","M",-1.075,NA,9559,399697.6,225063.04,NA,NA,NA,NA
"fd2024","lee","sheila","100","TX","federal:house","TX18","I","F",-0.46,-0.778,5219,553256.36,913259.38,NA,NA,NA,NA
"fd2024","villarreal rigney","john","100","TX","federal:house","TX15","C","M",-0.896,-0.724,53,21218,21218,NA,NA,NA,NA
"fd2024","hart","rhonda","100","TX","federal:house","TX14","C","F",-0.967,NA,399,24802,5600.65,NA,NA,NA,NA
"fd2024","gardner","shellie","200","TX","federal:house","TX12","O","F",1.74,NA,27,270659.72,276912.84,NA,NA,NA,NA
"fd2024","oshea","john","200","TX","federal:house","TX12","O","M",1.564,NA,161,351914.4,341660.62,NA,NA,NA,NA
"fd2024","lovelace","jared","200","TX","federal:house","TX10","C","M",0.24,NA,57,58333.44,58333.44,NA,NA,NA,NA
"fd2024","omoruyi","kenneth","200","TX","federal:house","TX07","C","M",0.725,NA,67,268381.83,268128.48,NA,NA,NA,NA
"fd2024","kane","caroline","200","TX","federal:house","TX07","C","F",1.504,NA,426,196406.25,197517.38,NA,NA,NA,NA
"fd2024","buford","james","200","TX","federal:house","TX06","C","M",1.705,1.908,14,11443.49,11408.89,NA,NA,NA,NA
"fd2024","cornwallis","alex","100","TX","federal:house","TX32","O","M",-1.494,-1.457,131,106545.57,62760.01,NA,NA,NA,NA
"fd2024","cardell","simon","100","TX","federal:house","TX04","C","M",-1.054,NA,76,17744.56,16133.2,NA,NA,NA,NA
"fd2024","pennie","demetrick","200","TX","federal:house","TX03","C","M",1.479,NA,139,62503.41,61324.19,NA,NA,NA,NA
"fd2024","perkins","leonard","100","TN","federal:house","TN08","C","M",-1.721,NA,4,14064.94,13777.39,NA,NA,NA,NA
"fd2024","barry","megan","100","TN","federal:house","TN07","O","F",-0.758,NA,3735,1246179.55,1246179.55,NA,NA,NA,NA
"fd2024","kennedy","john","100","TN","federal:house","TN06","O","M",-0.477,NA,76,11531,11531,NA,NA,NA,NA
"fd2024","johnston","courtney","200","TN","federal:house","TN05","C","F",0.926,NA,574,982428.76,969441.66,NA,NA,NA,NA
"fd2024","nielson","geoffrey","200","TN","federal:house","TN05","C","M",1.717,NA,6,269400,269400,NA,NA,NA,NA
"fd2024","allen","jack","100","TN","federal:house","TN03","C","M",-0.941,NA,475,193621.8,193621.8,NA,NA,NA,NA
"fd2024","mcneal","justin","200","SD","federal:house","SD01","C","M",0.432,NA,23,209876.52,129035.9,NA,NA,NA,NA
"fd2024","johnson","sheryl","100","SD","federal:house","SD01","C","F",-0.949,NA,572,223982.88,225894.98,NA,NA,NA,NA
"fd2024","morgan","adam","200","SC","federal:house","SC04","C","M",1.583,1.507,2112,645975.15,643022.11,NA,NA,NA,NA
"fd2024","franco","franky","200","SC","federal:house","SC03","O","M",1.49,NA,51,123670.64,123656.23,NA,NA,NA,NA
"fd2024","healy","philip","200","SC","federal:house","SC03","O","M",2.325,NA,8,24888.01,24888.01,NA,NA,NA,NA
"fd2024","templeton","catherine","200","SC","federal:house","SC01","C","F",1.18,NA,921,743956.94,743956.94,NA,NA,NA,NA
"fd2024","deford","william","100","SC","federal:house","SC01","C","M",-0.935,NA,2904,472600.36,472600.36,NA,NA,NA,NA
"fd2024","leonard","gerry","200","RI","federal:house","RI01","O","M",0.771,NA,353,303296.29,303296.29,NA,NA,NA,NA
"fd2024","abney","marvin","100","RI","federal:house","RI01","O","M",-0.238,-0.542,521,206041.67,189817.35,NA,NA,NA,NA
"fd2024","amo","gabriel","100","RI","federal:house","RI01","C","M",-0.922,NA,1876,2575711.85,1641064.36,NA,NA,NA,NA
"fd2024","quezada","ana","100","RI","federal:house","RI01","O","F",-0.911,-0.803,166,92852.69,92654.9,NA,NA,NA,NA
"fd2024","goncalves","john","100","RI","federal:house","RI01","O","M",-0.907,NA,210,206448.57,206448.57,NA,NA,NA,NA
"fd2024","matos","sabina","100","RI","federal:house","RI01","O","F",-0.454,-0.695,1413,683027.53,681500.25,NA,NA,NA,NA
"fd2024","waters","allen","200","RI","federal:house","RI01","C","M",1.286,1.323,286,64749,59973.93,NA,NA,NA,NA
"fd2024","roman","elmer","328","PR","federal:house","PR01","C","M",0.529,NA,60,88050,80274.49,NA,NA,NA,NA
"fd2024","hernandez rivera","pablo","100","PR","federal:house","PR01","C","M",-0.393,NA,2130,1540339.6,1528373.37,NA,NA,NA,NA
"fd2024","mercuri","robert","200","PA","federal:house","PA17","C","M",1.288,0.806,2432,1802095.1,1773204.89,NA,NA,NA,NA
"fd2024","kramer","timothy","200","PA","federal:house","PA16","C","M",1.251,NA,18,14250.14,14162.49,NA,NA,NA,NA
"fd2024","dziados","christopher","100","PA","federal:house","PA14","C","M",-1.039,NA,3416,283275.01,283275.01,NA,NA,NA,NA
"fd2024","farnham","elizabeth","100","PA","federal:house","PA13","C","F",-1.097,NA,259,65574.82,64813.59,NA,NA,NA,NA
"fd2024","macdonald","laurie","100","PA","federal:house","PA12","C","F",-0.324,NA,20,126170,116041.47,NA,NA,NA,NA
"fd2024","atkinson","james","100","PA","federal:house","PA11","C","M",-0.923,NA,108,20553.49,19479.21,NA,NA,NA,NA
"fd2024","lynch","blake","100","PA","federal:house","PA10","C","M",-0.376,NA,230,86488.55,82870.4,NA,NA,NA,NA
"fd2024","stelson","janelle","100","PA","federal:house","PA10","C","F",-0.948,NA,23946,6516973.46,6506817.96,NA,NA,NA,NA
"fd2024","bresnahan","rob","200","PA","federal:house","PA08","C","M",1.427,NA,9405,4540166.17,4487013.8,NA,NA,NA,NA
"fd2024","montero","maria","200","PA","federal:house","PA07","C","F",1.064,NA,239,251491.39,250805.09,NA,NA,NA,NA
"fd2024","winkler","david","200","PA","federal:house","PA04","C","M",1.259,-0.546,37,73455.1,11483,NA,NA,NA,NA
"fd2024","boles","denyc","200","OR","federal:house","OR06","C","U",1.481,1.164,324,74050.46,48346.52,NA,NA,NA,NA
"fd2024","bynum","janelle","100","OR","federal:house","OR05","C","F",-0.982,NA,29070,7524631.65,7479499.09,NA,NA,NA,NA
"fd2024","easton","kevin","100","OR","federal:house","OR05","C","M",-1.25,-1.259,49,8972.21,8972.21,NA,NA,NA,NA
"fd2024","harbour","joanna","200","OR","federal:house","OR03","O","F",1.517,1.289,57,40679.08,37940.74,NA,NA,NA,NA
"fd2024","dexter","maxine","100","OR","federal:house","OR03","O","F",-0.25,-0.695,2463,1818244.55,1795758.18,NA,NA,NA,NA
"fd2024","jayapal","susheela","100","OR","federal:house","OR03","O","U",-0.995,NA,4407,1053468.54,1047235.73,NA,NA,NA,NA
"fd2024","lucas","frank","200","OK","federal:house","OK03","I","M",1.04,1.016,4586,1725662.38,1287072.88,NA,NA,NA,NA
"fd2024","macaulay","kody","100","OK","federal:house","OK04","C","M",-0.865,NA,90,24330,27833.46,NA,NA,NA,NA
"fd2024","sanders","mark","328","OK","federal:house","OK01","C","M",-0.391,NA,40,67865.62,70490.56,NA,NA,NA,NA
"fd2024","bondar","paul","200","OK","federal:house","OK04","C","M",1.359,NA,15,5720498.25,5631744.57,NA,NA,NA,NA
"fd2024","abid","zerqa","100","OH","federal:house","OH15","C","U",-0.878,NA,838,223435.63,223435.63,NA,NA,NA,NA
"fd2024","coughlin","kevin","200","OH","federal:house","OH13","C","M",1.333,0.98,2725,1662607.45,1605989.04,NA,NA,NA,NA
"fd2024","wheeler","gregory","200","OH","federal:house","OH13","C","M",1.178,1.398,157,180647.81,180647.81,NA,NA,NA,NA
"fd2024","rapoport","alan","200","OH","federal:house","OH11","C","M",1.233,NA,43,84766.11,84766.12,NA,NA,NA,NA
"fd2024","cox","amy","100","OH","federal:house","OH10","C","F",-1.049,-0.924,3250,205053.9,205053.9,NA,NA,NA,NA
"fd2024","jr","majewski","200","OH","federal:house","OH09","C","M",1.46,NA,1214,289421.72,289421.72,NA,NA,NA,NA
"fd2024","wilczynski","daniel","200","OH","federal:house","OH09","C","M",1.497,NA,127,263803.07,243740.12,NA,NA,NA,NA
"fd2024","rogers","mary","200","OH","federal:house","OH08","C","F",0.837,NA,8,7952.65,6390.85,NA,NA,NA,NA
"fd2024","bugie","douglas","100","OH","federal:house","OH07","C","M",1.047,NA,29,55786.02,55707.12,NA,NA,NA,NA
"fd2024","kripchak","michael","100","OH","federal:house","OH06","O","M",-1.029,NA,521,79013.2,111515.76,NA,NA,NA,NA
"fd2024","tsai","rick","200","OH","federal:house","OH06","O","M",2.087,NA,26,42222.94,42123.66,NA,NA,NA,NA
"fd2024","rulli","michael","200","OH","federal:house","OH06","O","M",0.743,0.813,1123,1154951.89,1084314.78,NA,NA,NA,NA
"fd2024","hwang","tom","200","OH","federal:house","OH02","O","M",1.253,1.192,6,508000,508000,NA,NA,NA,NA
"fd2024","georgeton","kim","200","OH","federal:house","OH02","O","F",1.524,1.611,153,42082.35,42082.35,NA,NA,NA,NA
"fd2024","wilkin","shane","200","OH","federal:house","OH02","O","M",0.927,0.94,752,202778.55,203148.55,NA,NA,NA,NA
"fd2024","kidd","larry","200","OH","federal:house","OH02","O","M",0.911,NA,152,1716312.58,1715441.72,NA,NA,NA,NA
"fd2024","tassell","charles","200","OH","federal:house","OH02","O","M",0.817,1.104,219,137232.78,137232.78,NA,NA,NA,NA
"fd2024","sonza","orlando","200","OH","federal:house","OH01","C","M",1.324,1.228,1086,0,0,NA,NA,NA,NA
"fd2024","dickson","gary","200","NY","federal:house","NY26","O","M",1.071,NA,118,62849.36,62849.36,NA,NA,NA,NA
"fd2024","kennedy","timothy","100","NY","federal:house","NY26","I","M",-0.394,-0.72,5770,2664314.25,2325249.7,NA,NA,NA,NA
"fd2024","wagenhauser","david","100","NY","federal:house","NY24","C","M",-1.093,NA,461,97274.05,95433.02,NA,NA,NA,NA
"fd2024","carle","thomas","100","NY","federal:house","NY23","C","M",-1.095,NA,108,32743.03,32386.73,NA,NA,NA,NA
"fd2024","mannion","john","100","NY","federal:house","NY22","C","M",-0.924,-0.823,11889,4161857.47,4033616.17,NA,NA,NA,NA
"fd2024","tenney","claudia","200","NY","federal:house","NY24","I","F",1.351,1.501,34830,2995402.57,2701849.55,NA,NA,NA,NA
"fd2024","lochner","jill","200","NY","federal:house","NY21","C","F",-0.536,NA,43,15984.23,15984.23,NA,NA,NA,NA
"fd2024","esposito","alison","200","NY","federal:house","NY18","C","F",1.309,NA,4521,2435666.01,2421806.9,NA,NA,NA,NA
"fd2024","gereghty","elizabeth","100","NY","federal:house","NY17","C","F",-0.678,NA,853,624569.56,624569.56,NA,NA,NA,NA
"fd2024","latimer","george","100","NY","federal:house","NY16","C","M",0.256,NA,8590,6679191.82,6486537.83,NA,NA,NA,NA
"fd2024","gerald","michael","100","NY","federal:house","NY16","C","M",-0.98,NA,91,41993.16,39994.98,NA,NA,NA,NA
"fd2024","morse","andrea","100","NY","federal:house","NY11","C","F",-0.905,NA,1519,273868.12,273868.12,NA,NA,NA,NA
"fd2024","clarke","yvette","100","NY","federal:house","NY09","I","F",-0.728,-0.674,8115,1108983.72,1061633.75,NA,NA,NA,NA
"fd2024","grandsard","bruno","100","NY","federal:house","NY10","C","M",-0.757,NA,58,28247,22802.81,NA,NA,NA,NA
"fd2024","chou","joseph","200","NY","federal:house","NY06","C","M",-1.272,NA,14,92644,90481.09,NA,NA,NA,NA
"fd2024","denenberg","david","100","NY","federal:house","NY04","C","M",-1.203,-0.785,1161,29304,29304,NA,NA,NA,NA
"fd2024","hughes","sarah","100","NY","federal:house","NY04","C","F",-0.272,NA,98,110147.12,110147.12,NA,NA,NA,NA
"fd2024","maher","patricia","100","NY","federal:house","NY04","C","F",-0.998,NA,23,8051.52,6399.08,NA,NA,NA,NA
"fd2024","pilip","mazi","200","NY","federal:house","NY03","O","M",1.257,NA,14352,2988676.57,2979787.29,NA,NA,NA,NA
"fd2024","cheng","austin","100","NY","federal:house","NY03","O","M",-0.305,NA,116,615088.17,615088.17,NA,NA,NA,NA
"fd2024","hach","gregory","200","NY","federal:house","NY03","O","M",-0.737,NA,117,779230.96,769995.02,NA,NA,NA,NA
"fd2024","livingston","scott","100","NY","federal:house","NY03","O","M",-0.491,NA,98,121980.27,86889.57,NA,NA,NA,NA
"fd2024","kaplan","anna","100","NY","federal:house","NY03","O","F",-0.899,-0.883,21860,1310032.31,1302535.93,NA,NA,NA,NA
"fd2024","curry","kellen","200","NY","federal:house","NY03","O","M",1.31,NA,1355,465250.71,417398.51,NA,NA,NA,NA
"fd2024","avlon","john","100","NY","federal:house","NY01","C","M",-0.698,NA,7568,5298299.52,5297995.26,NA,NA,NA,NA
"fd2024","goroff","nancy","100","NY","federal:house","NY01","C","F",-0.931,-0.932,15052,2389663.54,2388201.89,NA,NA,NA,NA
"fd2024","gaughran","james","100","NY","federal:house","NY01","C","M",-0.653,NA,550,202794.11,131548.22,NA,NA,NA,NA
"fd2024","lee","john","200","NV","federal:house","NV04","C","M",1.221,NA,611,1677950.55,1676847.62,NA,NA,NA,NA
"fd2024","odonnell","marty","200","NV","federal:house","NV03","C","M",1.491,NA,324,1246755.62,1246755.62,NA,NA,NA,NA
"fd2024","johnson","drew","200","NV","federal:house","NV03","C","M",1.304,NA,1075,1506098.9,1491415.17,NA,NA,NA,NA
"fd2024","simon","fred","200","NV","federal:house","NV02","C","M",1.429,NA,12,35528.08,98189.22,NA,NA,NA,NA
"fd2024","clahchischilliage","sharon","200","NM","federal:house","NM03","C","F",1.564,NA,963,87912.28,87398.05,NA,NA,NA,NA
"fd2024","dart","daniel","100","NJ","federal:house","NJ12","C","M",-0.065,NA,41,159281.56,156422.16,NA,NA,NA,NA
"fd2024","belnome","joseph","200","NJ","federal:house","NJ11","C","M",1.393,NA,115,235275.8,235275.8,NA,NA,NA,NA
"fd2024","claybrooks","brittany","100","NJ","federal:house","NJ10","C","F",-0.824,NA,49,15471,15182.5,NA,NA,NA,NA
"fd2024","mciver","lamonica","100","NJ","federal:house","NJ10","C","F",-0.635,NA,660,647863.29,484650.82,NA,NA,NA,NA
"fd2024","bucco","carmen","200","NJ","federal:house","NJ10","C","F",0.268,NA,25,20817.07,20817.07,NA,NA,NA,NA
"fd2024","micco","vincent","200","NJ","federal:house","NJ09","C","M",0.976,NA,187,18943,34837.46,NA,NA,NA,NA
"fd2024","vartan","gregory","100","NJ","federal:house","NJ07","C","M",-0.954,NA,249,87248,59138.37,NA,NA,NA,NA
"fd2024","signorello","joseph","100","NJ","federal:house","NJ07","C","M",-0.831,NA,727,132510.69,132510.69,NA,NA,NA,NA
"fd2024","fegler","scott","200","NJ","federal:house","NJ06","C","M",0.473,NA,123,109023.45,109023.45,NA,NA,NA,NA
"fd2024","guinchard","mary","200","NJ","federal:house","NJ05","C","F",0.742,NA,14,330121.09,328206.37,NA,NA,NA,NA
"fd2024","mohan","rajesh","200","NJ","federal:house","NJ03","O","M",-0.396,NA,183,422972.73,422738.34,NA,NA,NA,NA
"fd2024","cohn","joseph","100","NJ","federal:house","NJ03","O","M",-0.692,NA,212,144919.63,144919.63,NA,NA,NA,NA
"fd2024","maia cusick","shirley","200","NJ","federal:house","NJ03","O","F",1.539,NA,948,408565.03,408565.03,NA,NA,NA,NA
"fd2024","liddell","theodore","200","NJ","federal:house","NJ01","C","M",1.855,NA,14,27218.05,26167.45,NA,NA,NA,NA
"fd2024","neenos","jason","100","NH","federal:house","NH02","O","M",-1.101,NA,50,9780,9780,NA,NA,NA,NA
"fd2024","hamlen","william","200","NH","federal:house","NH02","O","M",1.23,NA,25,849298.46,849296.34,NA,NA,NA,NA
"fd2024","whitley","rebecca","100","NH","federal:house","NH02","O","F",-1.038,NA,439,140425.79,140425.79,NA,NA,NA,NA
"fd2024","bright","chris","200","NH","federal:house","NH01","C","M",1.065,NA,77,294054.85,292206.62,NA,NA,NA,NA
"fd2024","prescott","russell","200","NH","federal:house","NH01","C","M",1.425,1.378,4344,0,0,NA,NA,NA,NA
"fd2024","frei","daniel","200","NE","federal:house","NE02","C","M",1.456,1.497,123,139834,138602.28,NA,NA,NA,NA
"fd2024","campbell","thomas","200","ND","federal:house","ND01","O","M",1.434,NA,11,52600,48034.58,NA,NA,NA,NA
"fd2024","balazs","alex","200","ND","federal:house","ND01","O","M",1.382,NA,45,133289.13,133289.13,NA,NA,NA,NA
"fd2024","becker","rick","200","ND","federal:house","ND01","O","M",1.578,1.573,333,988330.42,987168.58,NA,NA,NA,NA
"fd2024","genant","pamela","100","NC","federal:house","NC14","O","F",-1.005,NA,256,50829.38,43172.14,NA,NA,NA,NA
"fd2024","knott","brad","200","NC","federal:house","NC13","O","M",1.269,NA,1008,2473895.81,2456635.71,NA,NA,NA,NA
"fd2024","shoemaker","matt","200","NC","federal:house","NC13","O","M",1.592,NA,47,111577,111577,NA,NA,NA,NA
"fd2024","ali","addul","200","NC","federal:house","NC12","C","U",1.478,NA,51,48917.57,48917.57,NA,NA,NA,NA
"fd2024","adams","alma","100","NC","federal:house","NC12","I","F",-0.883,-0.786,3993,715498.2,685531.13,NA,NA,NA,NA
"fd2024","reagan","christian","200","NC","federal:house","NC11","C","M",1.907,NA,17,35530.06,35523.09,NA,NA,NA,NA
"fd2024","eller","charles","200","NC","federal:house","NC10","O","M",1.542,NA,10,18376,18376,NA,NA,NA,NA
"fd2024","mills","grey","200","NC","federal:house","NC10","O","M",1.137,NA,185,1537315.3,1537315.3,NA,NA,NA,NA
"fd2024","etchison","shelane","328","NC","federal:house","NC09","C","F",-0.598,NA,195,358874.03,353487.26,NA,NA,NA,NA
"fd2024","bradford","john","200","NC","federal:house","NC08","O","M",1.16,1.283,1056,2046259.12,2046259.12,NA,NA,NA,NA
"fd2024","harris","mark","200","NC","federal:house","NC08","O","M",1.434,NA,474,837984.14,730451.42,NA,NA,NA,NA
"fd2024","craighill middleton","anduin","100","NC","federal:house","NC06","O","U",-1.381,NA,469,9777.09,9997.53,NA,NA,NA,NA
"fd2024","wagner","jay","200","NC","federal:house","NC06","O","M",1.273,NA,146,274510.58,274510.58,NA,NA,NA,NA
"fd2024","mayberry","ryan","200","NC","federal:house","NC05","C","M",1.226,NA,32,152381.49,156412.43,NA,NA,NA,NA
"fd2024","xu","kenny","200","NC","federal:house","NC13","O","M",1.286,NA,168,171523.28,171523.28,NA,NA,NA,NA
"fd2024","voncanon","fred","200","NC","federal:house","NC13","O","M",1.436,NA,122,3332387,3328980.16,NA,NA,NA,NA
"fd2024","bogner","ken","200","MT","federal:house","MT02","O","M",1.417,NA,93,55442.49,55442.49,NA,NA,NA,NA
"fd2024","downing","troy","200","MT","federal:house","MT02","O","M",1.447,1.419,9069,2943575.08,2832044.58,NA,NA,NA,NA
"fd2024","krautter","joel","200","MT","federal:house","MT02","O","M",-1.104,0.747,298,88078.89,88078.89,NA,NA,NA,NA
"fd2024","hamm","kevin","100","MT","federal:house","MT02","O","M",-1.027,NA,763,71856.39,71856.39,NA,NA,NA,NA
"fd2024","zinke","ryan","200","MT","federal:house","MT01","I","M",1.513,1.33,82455,10117220.53,9546737.64,NA,NA,NA,NA
"fd2024","thompson","bennie","100","MS","federal:house","MS02","I","M",-0.521,-0.91,5495,1245200.98,1349946.31,NA,NA,NA,NA
"fd2024","king hinds","kimberlyn","200","MP","federal:house","MP01","C","F",-0.1,NA,74,145317.84,80648.07,NA,NA,NA,NA
"fd2024","smith","jason","200","MO","federal:house","MO08","I","M",1.208,1.238,15941,6549798.75,4020602.59,NA,NA,NA,NA
"fd2024","richardson","erik","100","MO","federal:house","MO06","C","M",-0.941,NA,106,9095.1,3513.74,NA,NA,NA,NA
"fd2024","mccaffree","mike","100","MO","federal:house","MO04","C","M",-1.121,NA,16,9603.05,11249.59,NA,NA,NA,NA
"fd2024","hicks","justin","200","MO","federal:house","MO03","O","M",1.342,NA,280,161738.83,158619.13,NA,NA,NA,NA
"fd2024","onder","robert","200","MO","federal:house","MO03","O","M",1.319,1.24,1470,1778242.31,1627798.17,NA,NA,NA,NA
"fd2024","hartmann","ray","100","MO","federal:house","MO02","C","M",-0.906,NA,2756,710024.93,678235.73,NA,NA,NA,NA
"fd2024","bell","wesley","100","MO","federal:house","MO01","C","M",0.098,NA,8603,10772395.2,9904553.42,NA,NA,NA,NA
"fd2024","boyd","stephen","200","MN","federal:house","MN07","C","M",1.655,NA,157,208733.79,208725.41,NA,NA,NA,NA
"fd2024","emmer","thomas","200","MN","federal:house","MN06","I","M",1.124,1.301,28561,8158685.41,7115860.66,NA,NA,NA,NA
"fd2024","peterson","timothy","100","MN","federal:house","MN05","C","M",-0.663,NA,34,18322,18413,NA,NA,NA,NA
"fd2024","xiong","may","200","MN","federal:house","MN04","C","F",1.401,NA,140,95138.59,95138.59,NA,NA,NA,NA
"fd2024","page","james","200","MN","federal:house","MN03","O","M",0.602,NA,12,11167.02,11200.31,NA,NA,NA,NA
"fd2024","morrison","kelly","100","MN","federal:house","MN03","O","F",-0.796,-0.835,4433,2263653.66,2238265.11,NA,NA,NA,NA
"fd2024","bowman","thomas","328","MN","federal:house","MN02","C","M",-0.582,NA,6,19800,19800,NA,NA,NA,NA
"fd2024","rahm","tayler","200","MN","federal:house","MN02","C","F",1.578,NA,6038,0,0,NA,NA,NA,NA
"fd2024","bohman","rachel","100","MN","federal:house","MN01","C","F",-0.97,NA,1410,413540.87,394295.34,NA,NA,NA,NA
"fd2024","frangie","charles","200","MI","federal:house","MI11","C","M",0.608,0.553,47,89017.5,89017.5,NA,NA,NA,NA
"fd2024","somberg","nicholas","200","MI","federal:house","MI11","C","M",1.616,NA,14,68845.76,68845.76,NA,NA,NA,NA
"fd2024","powell","rhonda","100","MI","federal:house","MI10","C","F",-1.036,-1,422,43406.74,44307.29,NA,NA,NA,NA
"fd2024","busch","emily","100","MI","federal:house","MI10","C","F",-0.942,-0.966,2025,514531.03,499323.04,NA,NA,NA,NA
"fd2024","st mosley","clinton","100","MI","federal:house","MI09","C","M",-0.846,NA,786,113478.38,110216.31,NA,NA,NA,NA
"fd2024","collier","matt","100","MI","federal:house","MI08","O","M",-0.268,NA,716,1212680.41,1212680.41,NA,NA,NA,NA
"fd2024","hudson","anthony","200","MI","federal:house","MI08","O","M",1.724,NA,59,282095.22,215548.56,NA,NA,NA,NA
"fd2024","moilanen","daniel","100","MI","federal:house","MI08","O","M",-0.857,NA,222,22569.48,22569.48,NA,NA,NA,NA
"fd2024","blank","martin","200","MI","federal:house","MI08","O","M",0.728,0.829,26,13171.3,11806.61,NA,NA,NA,NA
"fd2024","walberg","timothy","200","MI","federal:house","MI05","I","M",1.258,1.36,10175,1597811.15,1751815.02,NA,NA,NA,NA
"fd2024","muir","brendan","200","MI","federal:house","MI04","C","M",1.737,NA,35,25023.1,24233.74,NA,NA,NA,NA
"fd2024","moolenaar","john","200","MI","federal:house","MI02","I","M",1.04,1.139,5265,2135244.82,1359471.38,NA,NA,NA,NA
"fd2024","ickes","jason","200","MI","federal:house","MI03","C","M",1.035,NA,13,40093.58,39960.83,NA,NA,NA,NA
"fd2024","saul","joshua","200","MI","federal:house","MI01","C","M",1.401,NA,13,21450.29,21450.29,NA,NA,NA,NA
"fd2024","theriault","austin","200","ME","federal:house","ME02","C","M",1.319,1.406,2024,3628072.48,3611594.86,NA,NA,NA,NA
"fd2024","cross","robert","200","ME","federal:house","ME02","C","M",1.172,1.417,173,57055.95,62814.95,NA,NA,NA,NA
"fd2024","piantidosi","andrew","200","ME","federal:house","ME01","C","M",1.346,NA,102,79435.09,79435.09,NA,NA,NA,NA
"fd2024","cox","dan","200","MD","federal:house","MD06","O","M",1.507,1.405,263,171049.02,171035.76,NA,NA,NA,NA
"fd2024","jain","ashwani","100","MD","federal:house","MD06","O","U",-1.514,-1.348,239,105163.51,109694.51,NA,NA,NA,NA
"fd2024","sayles","laurie","100","MD","federal:house","MD06","O","F",-0.749,NA,363,83292.5,84134.06,NA,NA,NA,NA
"fd2024","royals","tom","200","MD","federal:house","MD06","O","M",1.451,NA,4083,558345.28,553993.95,NA,NA,NA,NA
"fd2024","west","destiny","100","MD","federal:house","MD06","O","F",-1.041,NA,104,15880.35,16091.58,NA,NA,NA,NA
"fd2024","thiam","brenda","200","MD","federal:house","MD06","O","F",1.484,1.304,178,49519.82,35473.68,NA,NA,NA,NA
"fd2024","vogel","joseph","100","MD","federal:house","MD06","O","M",-0.619,NA,2026,814884.6,807769.57,NA,NA,NA,NA
"fd2024","talkington","michelle","200","MD","federal:house","MD05","C","F",1.408,1.222,50,21998.2,19070.54,NA,NA,NA,NA
"fd2024","njinimbot","gabriel","100","MD","federal:house","MD04","C","M",-1.187,NA,325,68533.4,65241.73,NA,NA,NA,NA
"fd2024","coburn","michael","100","MD","federal:house","MD03","O","M",-0.975,NA,118,229985,229985,NA,NA,NA,NA
"fd2024","dunn","harry","100","MD","federal:house","MD03","O","M",-1.054,NA,107240,0,0,NA,NA,NA,NA
"fd2024","dominguez","juan","100","MD","federal:house","MD03","O","M",-0.141,NA,421,759720.02,759720.04,NA,NA,NA,NA
"fd2024","chang","mark","100","MD","federal:house","MD03","O","M",-0.154,NA,209,139633,139633,NA,NA,NA,NA
"fd2024","lam","clarence","100","MD","federal:house","MD03","O","M",-0.629,-0.749,2593,914026.78,904616.47,NA,NA,NA,NA
"fd2024","hill","terri","100","MD","federal:house","MD03","O","F",-0.936,-0.763,1435,412551.64,412551.64,NA,NA,NA,NA
"fd2024","elfreth","sarah","100","MD","federal:house","MD03","O","F",-0.283,-0.629,4430,2276073.8,2245334.25,NA,NA,NA,NA
"fd2024","kyriakakos","athansia","100","MD","federal:house","MD02","O","U",-0.402,NA,95,23028,23368.33,NA,NA,NA,NA
"fd2024","bhandari","harry","100","MD","federal:house","MD02","O","M",-1,NA,2240,269241.81,269241.81,NA,NA,NA,NA
"fd2024","moulton","seth","100","MA","federal:house","MA06","I","M",-0.826,-0.759,34617,2908225.26,1827201.45,NA,NA,NA,NA
"fd2024","mcgovern","james","100","MA","federal:house","MA02","I","M",-0.853,-0.752,11071,1097317.3,1070531.65,NA,NA,NA,NA
"fd2024","fields","cleo","100","LA","federal:house","LA06","C","F",-0.175,-0.37,2516,1245924.5,1208484.64,NA,NA,NA,NA
"fd2024","anderson","quentin","100","LA","federal:house","LA06","C","M",-0.967,NA,276,35639.69,40108.02,NA,NA,NA,NA
"fd2024","manuel","mel","100","LA","federal:house","LA01","C","M",-0.974,NA,950,74559.16,74538.51,NA,NA,NA,NA
"fd2024","kelly","durand","100","KY","federal:house","KY06","C","M",-0.402,NA,86,59680.62,51379.41,NA,NA,NA,NA
"fd2024","young","geoffrey","100","KY","federal:house","KY03","C","M",-1.246,-1.16,331,16986.56,14976.96,NA,NA,NA,NA
"fd2024","reddy","prasanth","200","KS","federal:house","KS03","C","U",1.19,NA,1756,1903036.3,1858431.69,NA,NA,NA,NA
"fd2024","westbrook","jonathon","200","KS","federal:house","KS03","C","M",2.131,NA,36,90235,25062.5,NA,NA,NA,NA
"fd2024","kleinmann","matthew","100","KS","federal:house","KS02","C","M",-0.9,NA,200,52818.77,52818.77,NA,NA,NA,NA
"fd2024","tiffany","shawn","200","KS","federal:house","KS02","C","M",1.457,NA,328,478489.57,478489.57,NA,NA,NA,NA
"fd2024","woody","elgin","100","KS","federal:house","KS02","C","M",-1.01,NA,370,40623.42,42790.84,NA,NA,NA,NA
"fd2024","peck","timothy","100","IN","federal:house","IN09","C","M",-0.815,NA,691,362628.97,346755.28,NA,NA,NA,NA
"fd2024","hostettler","john","200","IN","federal:house","IN08","O","M",1.492,1.507,1945,53971.73,53971.73,NA,NA,NA,NA
"fd2024","moss","richard","200","IN","federal:house","IN08","O","M",1.654,1.501,218,757656.26,757656.26,NA,NA,NA,NA
"fd2024","jacob","john","200","IN","federal:house","IN06","O","M",1.548,1.66,179,40111.93,40111.93,NA,NA,NA,NA
"fd2024","carrier","jamison","200","IN","federal:house","IN06","O","M",1.563,NA,155,872676.26,871734.44,NA,NA,NA,NA
"fd2024","speedy","mike","200","IN","federal:house","IN06","O","M",1.316,1.262,400,1587196.58,1587196.58,NA,NA,NA,NA
"fd2024","pfenninger","ryan","100","IN","federal:house","IN05","C","M",-0.961,NA,79,110598,110598,NA,NA,NA,NA
"fd2024","hurt","mark","200","IN","federal:house","IN05","C","M",1.555,1.695,201,176231.58,176231.58,NA,NA,NA,NA
"fd2024","mahant","siddharth","200","IN","federal:house","IN06","O","M",0.951,NA,54,2120568.37,598964,NA,NA,NA,NA
"fd2024","goodrich","charles","200","IN","federal:house","IN05","C","M",1.35,NA,371,5498328.56,5473301.03,NA,NA,NA,NA
"fd2024","adolph","kiley","100","IN","federal:house","IN03","O","F",-0.491,NA,283,47977.01,53005.94,NA,NA,NA,NA
"fd2024","bucher","grant","200","IN","federal:house","IN03","O","M",1.675,NA,141,105164.65,105271.71,NA,NA,NA,NA
"fd2024","goss","phil","100","IN","federal:house","IN03","O","M",-1.358,NA,17,260098.72,256767.59,NA,NA,NA,NA
"fd2024","kenworthy","jon","200","IN","federal:house","IN03","O","M",-0.286,NA,11,84740.84,84740.84,NA,NA,NA,NA
"fd2024","zay","andrew","200","IN","federal:house","IN03","O","M",1.175,NA,473,747427.41,746922.49,NA,NA,NA,NA
"fd2024","niemeyer","randell","200","IN","federal:house","IN01","C","M",1.319,NA,743,1107288.15,1081043.78,NA,NA,NA,NA
"fd2024","crowl","scot","200","IL","federal:house","IL17","C","M",1.515,NA,11,135837.35,129306.26,NA,NA,NA,NA
"fd2024","leiv","matthew","200","IL","federal:house","IL14","C","M",1.373,NA,22,63209.62,62433.09,NA,NA,NA,NA
"fd2024","loyd","joshua","200","IL","federal:house","IL13","C","M",1.453,NA,98,90607.54,88886.09,NA,NA,NA,NA
"fd2024","bost","michael","200","IL","federal:house","IL12","I","M",0.926,1.16,6146,3157655.8,3195230.92,NA,NA,NA,NA
"fd2024","kim","charles","200","IL","federal:house","IL14","C","M",1.441,NA,14,85421.44,85633.7,NA,NA,NA,NA
"fd2024","cohen","seth","200","IL","federal:house","IL09","C","M",1.104,NA,68,12108.78,7900.4,NA,NA,NA,NA
"fd2024","marshall","kouri","100","IL","federal:house","IL07","C","U",-0.76,NA,425,131321.9,131321.9,NA,NA,NA,NA
"fd2024","conyears ervin","melissa","100","IL","federal:house","IL07","C","F",-0.558,NA,821,738802.64,730069.84,NA,NA,NA,NA
"fd2024","ahmad","mahnoor","100","IL","federal:house","IL06","C","U",-1.042,NA,499,97025.26,97025.26,NA,NA,NA,NA
"fd2024","cleveland","scott","200","ID","federal:house","ID02","C","M",1.69,NA,161,105631.7,106348.63,NA,NA,NA,NA
"fd2024","roth","david","100","ID","federal:house","ID02","C","M",-1.039,-1.004,1447,104431.35,100581.05,NA,NA,NA,NA
"fd2024","baccam","lanon","100","IA","federal:house","IA03","C","U",-0.95,NA,10582,5610180.06,5585059.27,NA,NA,NA,NA
"fd2024","albertson corkery","sarah","100","IA","federal:house","IA02","C","F",-1.015,NA,1580,510625.86,501481.18,NA,NA,NA,NA
"fd2024","cruz","ginger","100","GU","federal:house","GU01","C","F",-0.321,NA,249,681967.18,682492.48,NA,NA,NA,NA
"fd2024","blalock","clarence","100","GA","federal:house","GA14","C","M",-1.136,NA,145,42319.74,33862.93,NA,NA,NA,NA
"fd2024","leigh","joseph","100","GA","federal:house","GA14","C","M",-0.687,NA,31,19419.16,19419.16,NA,NA,NA,NA
"fd2024","cash","tambrei","100","GA","federal:house","GA09","C","U",-1.108,NA,1318,61660.34,60994.1,NA,NA,NA,NA
"fd2024","yu","eugene","200","GA","federal:house","GA04","C","M",1.073,0.915,230,66585.15,44230.17,NA,NA,NA,NA
"fd2024","loudermilk","barry","200","GA","federal:house","GA11","I","M",1.151,1.313,2548,861133.31,958238.61,NA,NA,NA,NA
"fd2024","collins","michael","200","GA","federal:house","GA10","I","M",1.438,1.405,16959,1713411.61,1313288.15,NA,NA,NA,NA
"fd2024","criswell","jefferson","200","GA","federal:house","GA06","C","M",1.278,NA,39,28099.47,28099.47,NA,NA,NA,NA
"fd2024","richardson","jerica","100","GA","federal:house","GA06","C","F",-0.759,NA,335,115730.65,117933.44,NA,NA,NA,NA
"fd2024","jack","brian","200","GA","federal:house","GA03","O","M",1.235,NA,3707,2296183.1,2056006.77,NA,NA,NA,NA
"fd2024","keller","maura","100","GA","federal:house","GA03","O","F",-1.045,NA,885,148905.21,72901.51,NA,NA,NA,NA
"fd2024","dugan","michael","200","GA","federal:house","GA03","O","M",1.213,1.327,1157,769169.46,769169.46,NA,NA,NA,NA
"fd2024","nixon","michael","200","GA","federal:house","GA02","C","M",1.7,NA,37,45778.88,40086.53,NA,NA,NA,NA
"fd2024","taylor","tracy","200","GA","federal:house","GA02","C","F",1.467,NA,12,20806.27,16977.77,NA,NA,NA,NA
"fd2024","carter","earl","200","GA","federal:house","GA01","I","M",1.113,1.241,5614,2597666.23,1396344.13,NA,NA,NA,NA
"fd2024","baez geller","lucia","100","FL","federal:house","FL27","C","F",-0.843,NA,2093,654171.35,641799.11,NA,NA,NA,NA
"fd2024","fratto","john","200","FL","federal:house","FL26","C","M",0.963,NA,32,37786.81,37248.42,NA,NA,NA,NA
"fd2024","eddy","christopher","200","FL","federal:house","FL25","C","M",1.354,NA,232,416343.66,414359.79,NA,NA,NA,NA
"fd2024","spicer","lavern","200","FL","federal:house","FL24","C","U",1.477,1.606,3475,24066.43,24063.13,NA,NA,NA,NA
"fd2024","chess","steven","200","FL","federal:house","FL23","C","M",1.999,1.91,9,20000,20000,NA,NA,NA,NA
"fd2024","gutmann","andrew","200","FL","federal:house","FL22","C","M",1.03,NA,295,752101.69,747608.44,NA,NA,NA,NA
"fd2024","witkop","thomas","100","FL","federal:house","FL21","C","M",-1.034,NA,1625,265397.71,265411.15,NA,NA,NA,NA
"fd2024","braunston","peter","100","FL","federal:house","FL18","C","M",-1.084,NA,26,12820,12578.84,NA,NA,NA,NA
"fd2024","lopez","manny","100","FL","federal:house","FL17","C","M",-1.164,-1.149,571,69448.01,69448.01,NA,NA,NA,NA
"fd2024","speir","jason","200","FL","federal:house","FL16","C","M",1.393,NA,167,548653.71,542646.75,NA,NA,NA,NA
"fd2024","barbosa","jennifer","200","FL","federal:house","FL15","C","F",1.517,NA,14,37656.68,37656.68,NA,NA,NA,NA
"fd2024","fitzgerald","kris","100","FL","federal:house","FL15","C","U",-0.84,NA,44,18066.31,17405.85,NA,NA,NA,NA
"fd2024","rochford","robert","200","FL","federal:house","FL14","C","M",1.64,NA,50,72882.58,70703.02,NA,NA,NA,NA
"fd2024","bousbar","sabrina","100","FL","federal:house","FL13","C","F",-0.951,NA,1055,222681.71,222406.18,NA,NA,NA,NA
"fd2024","weinkrantz","mark","100","FL","federal:house","FL13","C","M",-0.842,NA,191,330552,330552,NA,NA,NA,NA
"fd2024","hall","barbara","100","FL","federal:house","FL11","C","F",-1.039,NA,500,67183.04,46177.65,NA,NA,NA,NA
"fd2024","chalifoux","thomas","200","FL","federal:house","FL09","C","M",1.426,1.359,139,2647413.28,2081584.55,NA,NA,NA,NA
"fd2024","haridopolos","mike","200","FL","federal:house","FL08","C","M",0.866,1.224,7068,1759340.7,1501177.87,NA,NA,NA,NA
"fd2024","babits","joseph","200","FL","federal:house","FL08","C","M",2.071,NA,10,155803.15,155803.15,NA,NA,NA,NA
"fd2024","hearton","john","200","FL","federal:house","FL08","C","M",1.504,NA,29,379855.51,362252.58,NA,NA,NA,NA
"fd2024","adams","jennifer","100","FL","federal:house","FL07","C","F",-0.863,NA,614,277066.1,277060.19,NA,NA,NA,NA
"fd2024","stockton","james","100","FL","federal:house","FL06","C","M",-0.96,NA,181,33549.47,33487.38,NA,NA,NA,NA
"fd2024","aboujaoude","rock","100","FL","federal:house","FL12","C","M",-1.046,NA,876,56949.32,56822.68,NA,NA,NA,NA
"fd2024","dimmock","aaron","200","FL","federal:house","FL01","C","M",0.706,NA,388,393586.05,310704.58,NA,NA,NA,NA
"fd2024","young","eugene","100","DE","federal:house","DE01","O","M",-0.574,NA,894,436569.05,328569.76,NA,NA,NA,NA
"fd2024","davis","colleen","100","DE","federal:house","DE01","O","F",-0.499,-0.792,786,162564.26,154237.04,NA,NA,NA,NA
"fd2024","williams","kelly","100","DC","federal:house","DC01","C","M",-1.131,NA,142,46650,41535.84,NA,NA,NA,NA
"fd2024","goldstein","michael","200","CT","federal:house","CT04","C","M",1.103,1.18,235,313021.96,313021.96,NA,NA,NA,NA
"fd2024","joshi","janak","200","CO","federal:house","CO08","C","U",0.03,0.823,373,243465.42,243465.42,NA,NA,NA,NA
"fd2024","evans","timothy","200","CO","federal:house","CO08","C","M",1.442,NA,6919,2734308.76,2659316.37,NA,NA,NA,NA
"fd2024","matveyuk","sergei","200","CO","federal:house","CO07","C","M",1.576,NA,214,56986.88,45703.78,NA,NA,NA,NA
"fd2024","tupa","ronald","328","CO","federal:house","CO07","C","M",-1.175,NA,25,36452.44,35268.26,NA,NA,NA,NA
"fd2024","edgar","john","100","CO","federal:house","CO05","O","M",-0.894,NA,52,49480.7,39310.54,NA,NA,NA,NA
"fd2024","pugliese","rose","200","CO","federal:house","CO05","O","F",1.553,1.324,379,9020.65,9020.65,NA,NA,NA,NA
"fd2024","gassen","river","100","CO","federal:house","CO05","O","M",-1.107,NA,824,172285.48,163412.92,NA,NA,NA,NA
"fd2024","lopez","greg","200","CO","federal:house","CO04","O","M",1.355,1.343,1002,43352.67,46760.82,NA,NA,NA,NA
"fd2024","phelen","christopher","200","CO","federal:house","CO04","O","M",0.334,NA,41,97657.66,93788.94,NA,NA,NA,NA
"fd2024","lynch","mike","200","CO","federal:house","CO04","O","M",1.353,NA,203,143843.27,136843.27,NA,NA,NA,NA
"fd2024","sonnenberg","jerry","200","CO","federal:house","CO04","O","M",1.213,1.152,977,356932.23,356932.23,NA,NA,NA,NA
"fd2024","flora","deborah","200","CO","federal:house","CO04","O","F",1.345,1.435,493,450657.31,450657.31,NA,NA,NA,NA
"fd2024","breslin","karen","100","CO","federal:house","CO04","O","F",-1.105,-1.113,851,41802.62,41782.5,NA,NA,NA,NA
"fd2024","buck","kenneth","200","CO","federal:house","CO04","I","M",1.453,1.385,15540,162212.98,701491.84,NA,NA,NA,NA
"fd2024","webb","lew","200","CO","federal:house","CO03","O","M",1.427,NA,42,219000,218630.93,NA,NA,NA,NA
"fd2024","hanks","ron","200","CO","federal:house","CO03","O","M",1.893,1.779,197,42285.49,41795.42,NA,NA,NA,NA
"fd2024","hurd","jeffrey","200","CO","federal:house","CO03","O","M",1.113,NA,1444,2769793.8,2759490.92,NA,NA,NA,NA
"fd2024","andrews","russ","200","CO","federal:house","CO03","O","M",1.221,NA,155,471361.42,471361.42,NA,NA,NA,NA
"fd2024","archuleta","valdamar","200","CO","federal:house","CO01","C","U",1.483,NA,14,12912.6,10811.99,NA,NA,NA,NA
"fd2024","wilkinson","margarita","200","CA","federal:house","CA49","C","F",1.097,NA,310,2211358.88,2213358.88,NA,NA,NA,NA
"fd2024","gunderson","matt","200","CA","federal:house","CA49","C","M",1.25,1.296,1517,4958325.22,4921691.96,NA,NA,NA,NA
"fd2024","simon","michael","100","CA","federal:house","CA48","C","M",-0.734,NA,58,136294.26,135921.98,NA,NA,NA,NA
"fd2024","crandall","terry","328","CA","federal:house","CA47","O","M",-0.352,NA,6,15626,20816,NA,NA,NA,NA
"fd2024","mcgrath","thomas","328","CA","federal:house","CA47","O","M",-1.912,NA,6,18270.91,18270.91,NA,NA,NA,NA
"fd2024","weiss","joanna","100","CA","federal:house","CA47","O","F",-0.543,NA,3482,2298172.86,2294009.63,NA,NA,NA,NA
"fd2024","min","dave","100","CA","federal:house","CA47","O","M",-0.934,-0.962,17873,6835943.16,6662877.38,NA,NA,NA,NA
"fd2024","tran","derek","100","CA","federal:house","CA45","C","M",-0.968,NA,26789,6514135.97,6186813.18,NA,NA,NA,NA
"fd2024","hunt","cheyenne","100","CA","federal:house","CA45","C","F",-1.021,NA,2896,0,0,NA,NA,NA,NA
"fd2024","nguyen","kim","100","CA","federal:house","CA45","C","F",-0.885,NA,1260,366569.43,357787.32,NA,NA,NA,NA
"fd2024","briscoe","john","200","CA","federal:house","CA42","C","M",1.566,1.561,30,355605.04,353899.8,NA,NA,NA,NA
"fd2024","sheridan","timothy","100","CA","federal:house","CA41","C","M",-1.099,-0.984,375,14762.68,14762.68,NA,NA,NA,NA
"fd2024","kerr","joseph","100","CA","federal:house","CA40","C","M",-0.912,NA,3131,2080922.59,2080922.59,NA,NA,NA,NA
"fd2024","hashemieh","julia","200","CA","federal:house","CA47","O","F",0.504,NA,22,41074.17,41074.17,NA,NA,NA,NA
"fd2024","may","melissa","100","CA","federal:house","CA35","C","F",-1.394,NA,10,15394,15556,NA,NA,NA,NA
"fd2024","ferrell","david","100","CA","federal:house","CA34","C","M",-1.33,NA,18,9078.1,9078.1,NA,NA,NA,NA
"fd2024","lieu","ted","100","CA","federal:house","CA36","I","M",-0.589,-0.788,11115,2587897.61,2707281.69,NA,NA,NA,NA
"fd2024","cisneros","gilbert","100","CA","federal:house","CA31","O","M",-0.817,-0.843,9345,6477170.49,6437094.66,NA,NA,NA,NA
"fd2024","rubio","susan","100","CA","federal:house","CA31","O","F",0.411,NA,1991,583861.02,582224.81,NA,NA,NA,NA
"fd2024","archuleta","bob","100","CA","federal:house","CA31","O","M",-0.017,-0.316,925,576500.81,559039.78,NA,NA,NA,NA
"fd2024","ratevosian","jirair","100","CA","federal:house","CA30","O","U",-0.861,NA,802,312654.27,312654.27,NA,NA,NA,NA
"fd2024","dunwoody","stephen","100","CA","federal:house","CA30","O","M",-1.052,NA,136,31894.45,31829.97,NA,NA,NA,NA
"fd2024","feuer","michael","100","CA","federal:house","CA30","O","M",-0.71,NA,1157,1491487.45,1493442.45,NA,NA,NA,NA
"fd2024","savage","ben","100","CA","federal:house","CA30","O","M",-0.102,NA,34,1374520.54,1373648.66,NA,NA,NA,NA
"fd2024","friedman","laura","100","CA","federal:house","CA30","O","F",-0.918,-0.858,4013,1835665.11,1538916.87,NA,NA,NA,NA
"fd2024","bernal","benito","200","CA","federal:house","CA29","O","M",1.558,NA,55,55143.71,39905.83,NA,NA,NA,NA
"fd2024","verlato","april","200","CA","federal:house","CA28","C","F",0.37,NA,198,349180.9,341947.34,NA,NA,NA,NA
"fd2024","whitesides","george","100","CA","federal:house","CA27","C","M",-0.936,NA,27901,10614137.63,10287404.27,NA,NA,NA,NA
"fd2024","koslow","michael","200","CA","federal:house","CA26","C","M",1.383,NA,60,100754.66,89443.21,NA,NA,NA,NA
"fd2024","chapa","miguel","200","CA","federal:house","CA25","C","M",1.927,NA,12,20694,19967.54,NA,NA,NA,NA
"fd2024","truman","ceci","200","CA","federal:house","CA25","C","F",1.494,NA,68,142532.48,139924.59,NA,NA,NA,NA
"fd2024","waters","maxine","100","CA","federal:house","CA43","I","F",-0.798,-0.78,7005,1119385.5,1238561.44,NA,NA,NA,NA
"fd2024","kirkland","kyle","200","CA","federal:house","CA20","C","M",0.274,NA,85,723332.21,723332.21,NA,NA,NA,NA
"fd2024","boudreaux","michael","200","CA","federal:house","CA20","C","M",1.178,NA,318,457481.76,457431.76,NA,NA,NA,NA
"fd2024","giglio","david","200","CA","federal:house","CA20","C","M",1.577,1.543,433,44199.32,44199.32,NA,NA,NA,NA
"fd2024","morales","jesus","100","CA","federal:house","CA20","C","M",-1.058,NA,2468,144083.35,144083.35,NA,NA,NA,NA
"fd2024","anderson","jason","200","CA","federal:house","CA19","C","M",1.587,NA,25,18044.56,7642.84,NA,NA,NA,NA
"fd2024","chen","anita","200","CA","federal:house","CA17","C","F",1.043,NA,79,73273.05,72202.27,NA,NA,NA,NA
"fd2024","lythcott haims","julie","100","CA","federal:house","CA16","O","F",-0.97,NA,1502,721756.37,721756.37,NA,NA,NA,NA
"fd2024","dixon","peter","100","CA","federal:house","CA16","O","M",-0.245,NA,1270,3400472.15,3399433.82,NA,NA,NA,NA
"fd2024","liccardo","sam","100","CA","federal:house","CA16","O","M",-0.641,NA,3086,6226443.41,6136051.31,NA,NA,NA,NA
"fd2024","ohtaki","peter","200","CA","federal:house","CA16","O","M",1.078,1.06,108,94035.03,93904.84,NA,NA,NA,NA
"fd2024","kruttiventi","vin","200","CA","federal:house","CA14","C","M",0.569,NA,206,850582.78,842783.13,NA,NA,NA,NA
"fd2024","sikder","abdur","100","CA","federal:house","CA12","O","M",-1.189,NA,29,21938,21946.2,NA,NA,NA,NA
"fd2024","sanchez","tim","100","CA","federal:house","CA12","O","M",-0.638,NA,227,102802.71,102742.72,NA,NA,NA,NA
"fd2024","simon","lateefah","100","CA","federal:house","CA12","O","F",-0.93,NA,3885,2231456.15,1945801.44,NA,NA,NA,NA
"fd2024","lou","bruce","200","CA","federal:house","CA11","C","M",1.201,NA,133,208130.5,208130.5,NA,NA,NA,NA
"fd2024","piccinini","katherine","200","CA","federal:house","CA10","C","F",1.583,NA,49,40733.96,38651.73,NA,NA,NA,NA
"fd2024","mcbride","john","200","CA","federal:house","CA09","C","M",1.46,NA,9,12665.01,12635.01,NA,NA,NA,NA
"fd2024","dood","brett","200","CA","federal:house","CA09","C","M",1.545,NA,112,121330.42,121330.42,NA,NA,NA,NA
"fd2024","riehle","raymond","200","CA","federal:house","CA06","C","M",1.335,NA,38,48647,48107.17,NA,NA,NA,NA
"fd2024","munn","john","200","CA","federal:house","CA04","C","M",1.588,NA,86,159805.48,159805.48,NA,NA,NA,NA
"fd2024","yee","rose","100","CA","federal:house","CA01","C","F",-1.074,NA,235,86105.64,79623.42,NA,NA,NA,NA
"fd2024","franks","trent","200","AZ","federal:house","AZ08","O","M",1.007,1.372,2355,644719.34,639142,NA,NA,NA,NA
"fd2024","kern","anthony","200","AZ","federal:house","AZ08","O","M",1.622,1.498,614,210220.97,209824.14,NA,NA,NA,NA
"fd2024","hamadeh","abraham","200","AZ","federal:house","AZ08","O","M",1.485,1.556,8172,1994018.86,1957610.26,NA,NA,NA,NA
"fd2024","spreitzer","jeremy","100","AZ","federal:house","AZ08","O","M",-0.925,-0.918,238,22430.48,18400.26,NA,NA,NA,NA
"fd2024","gallego","ruben","100","AZ","federal:house","AZ03","I","M",-0.923,-0.834,373841,129314399.92,131445244.5,NA,NA,NA,NA
"fd2024","odonnell","john","100","AZ","federal:house","AZ06","C","M",-0.28,NA,120,69325.24,69325.24,NA,NA,NA,NA
"fd2024","schaffner","katrina","100","AZ","federal:house","AZ05","C","F",-1.044,NA,567,69745.77,68855.87,NA,NA,NA,NA
"fd2024","mendoza","jesus","200","AZ","federal:house","AZ03","O","M",1.575,NA,15,10977.82,9787,NA,NA,NA,NA
"fd2024","pastor","laura","100","AZ","federal:house","AZ03","O","F",-0.152,NA,156,121783.96,121167.65,NA,NA,NA,NA
"fd2024","teran","raquel","100","AZ","federal:house","AZ03","O","F",-0.969,-0.864,5164,0,0,NA,NA,NA,NA
"fd2024","smith","jack","200","AZ","federal:house","AZ02","C","M",1.233,NA,27,104009.41,103271.28,NA,NA,NA,NA
"fd2024","bowe","lindsay","100","AZ","federal:house","AZ02","C","F",-1.342,NA,11,9620,9624,NA,NA,NA,NA
"fd2024","george","kimberly","200","AZ","federal:house","AZ01","C","F",1.624,NA,239,153414.43,152611.98,NA,NA,NA,NA
"fd2024","galan woods","marlene","100","AZ","federal:house","AZ01","C","F",-0.716,NA,3880,1776275.3,1776275.3,NA,NA,NA,NA
"fd2024","cherny","andrei","100","AZ","federal:house","AZ01","C","M",-0.879,-0.782,5945,2593678.69,2588312.61,NA,NA,NA,NA
"fd2024","horne","andrew","100","AZ","federal:house","AZ01","C","M",-0.946,NA,359,2814612.1,2814612.1,NA,NA,NA,NA
"fd2024","amata","aumua","200","AS","federal:house","AS01","I","F",0.972,0.983,431,65150.37,63788.13,NA,NA,NA,NA
"fd2024","penzo","clint","200","AR","federal:house","AR03","C","M",1.471,NA,201,123158.88,116705.72,NA,NA,NA,NA
"fd2024","jones","marcus","100","AR","federal:house","AR02","C","M",-1.101,NA,638,476872.35,473322.69,NA,NA,NA,NA
"fd2024","govens","rodney","100","AR","federal:house","AR01","C","M",-1.048,-0.986,192,95238.76,94346.65,NA,NA,NA,NA
"fd2024","anderson","elizabeth","100","AL","federal:house","AL06","C","F",-1.033,NA,1147,208724.38,173213.53,NA,NA,NA,NA
"fd2024","palmer","gary","200","AL","federal:house","AL06","I","M",1.33,1.233,2196,1728601.16,2021427.7,NA,NA,NA,NA
"fd2024","dobson","caroleene","200","AL","federal:house","AL02","C","U",1.217,NA,1744,3857871.22,3854940.03,NA,NA,NA,NA
"fd2024","givan","juandalynn","100","AL","federal:house","AL02","C","F",-0.043,-0.022,297,150251.27,126936.76,NA,NA,NA,NA
"fd2024","figures","shomari","100","AL","federal:house","AL02","C","M",-0.785,NA,7116,2628628.73,2605519.86,NA,NA,NA,NA
"fd2024","harris","hampton","200","AL","federal:house","AL02","C","M",1.864,NA,11,58137.92,56310.54,NA,NA,NA,NA
"fd2024","gray","jeremy","100","AL","federal:house","AL02","C","M",-0.532,-0.293,649,163092.8,162341.36,NA,NA,NA,NA
"fd2024","holmes","thomas","100","AL","federal:house","AL01","C","M",-1.113,-1.149,67,17698.86,16817.5,NA,NA,NA,NA
"fd2024","hageman","harriet","200","WY","federal:house","WY01","I","F",1.556,1.348,35854,3070024.92,2461850.85,NA,NA,NA,NA
"fd2024","barry","charity","200","WI","federal:house","WI02","C","F",1.571,1.611,266,135912.28,140320.79,NA,NA,NA,NA
"fd2024","kilmer","derek","100","WA","federal:house","WA06","I","M",-0.852,-0.752,9990,1012518.96,1522806.19,NA,NA,NA,NA
"fd2024","gluesenkamp perez","marie","100","WA","federal:house","WA03","I","F",-0.963,NA,36376,11856001.72,11895854.48,NA,NA,NA,NA
"fd2024","kent","joseph","200","WA","federal:house","WA03","C","M",1.427,1.584,5898,2654419.86,2708358.04,NA,NA,NA,NA
"fd2024","balint","rebecca","100","VT","federal:house","VT01","I","F",-1.046,-1.055,22118,1394864.27,1280658.84,NA,NA,NA,NA
"fd2024","clancy","mike","200","VA","federal:house","VA10","O","M",1.217,1.25,753,1162673.47,1161551.23,NA,NA,NA,NA
"fd2024","anderson","derrick","200","VA","federal:house","VA07","O","M",1.428,NA,15565,3408433.58,3355704.96,NA,NA,NA,NA
"fd2024","jones","herbert","100","VA","federal:house","VA01","C","M",-1.022,-1.007,2618,140867.41,155271.28,NA,NA,NA,NA
"fd2024","wright","glenn","100","UT","federal:house","UT03","O","M",-0.854,-0.899,438,83347.8,83536.66,NA,NA,NA,NA
"fd2024","casar","greg","100","TX","federal:house","TX35","I","M",-0.783,-0.855,6355,1116006.32,908128.59,NA,NA,NA,NA
"fd2024","cisneros","laura","200","TX","federal:house","TX34","C","F",0.443,NA,48,29668.7,72997.82,NA,NA,NA,NA
"fd2024","veasey","marc","100","TX","federal:house","TX33","I","M",-0.626,-0.87,4547,1878488.62,1678553.32,NA,NA,NA,NA
"fd2024","day","darrell","200","TX","federal:house","TX32","O","M",1.529,1.617,197,232281.55,149036.89,NA,NA,NA,NA
"fd2024","crockett","jasmine","100","TX","federal:house","TX30","I","F",-0.973,-0.834,35244,3114949.74,1656565.9,NA,NA,NA,NA
"fd2024","lopez","francisco","200","TX","federal:house","TX23","C","M",1.748,1.796,27,11412,12378.82,NA,NA,NA,NA
"fd2024","vallejo","michelle","100","TX","federal:house","TX15","C","F",-0.921,-0.922,10259,2388898.64,2382802.74,NA,NA,NA,NA
"fd2024","hunt","trey","100","TX","federal:house","TX12","O","M",-1.049,-1.071,609,29764.56,28616.86,NA,NA,NA,NA
"fd2024","ellis","jameson","200","TX","federal:house","TX02","C","M",1.598,1.677,278,38675.66,39520.31,NA,NA,NA,NA
"fd2024","self","keith","200","TX","federal:house","TX03","I","M",1.043,1.211,1186,735660.61,651233.67,NA,NA,NA,NA
"fd2024","sessions","pete","200","TX","federal:house","TX17","I","M",1.078,1.308,10383,1243303.06,890481.7,NA,NA,NA,NA
"fd2024","kustoff","david","200","TN","federal:house","TN08","I","M",1.042,1.16,3671,2498788.64,1599321.82,NA,NA,NA,NA
"fd2024","fry","russell","200","SC","federal:house","SC07","I","M",1.33,1.395,3061,1511709.79,1160265.45,NA,NA,NA,NA
"fd2024","dixon","gregg","100","SC","federal:house","SC06","C","M",-1.315,-1.036,262,112943.58,129089.34,NA,NA,NA,NA
"fd2024","burns","mark","200","SC","federal:house","SC03","O","M",1.501,1.491,208,789646.16,788435.32,NA,NA,NA,NA
"fd2024","clyburn","james","100","SC","federal:house","SC06","I","M",-0.693,-0.676,15136,2222667.81,2678076.19,NA,NA,NA,NA
"fd2024","patel","bhavini","100","PA","federal:house","PA12","C","F",-0.526,NA,1759,701477.21,680975.11,NA,NA,NA,NA
"fd2024","deluzio","christopher","100","PA","federal:house","PA17","I","M",-0.915,-0.937,12143,5064885.7,4733341.86,NA,NA,NA,NA
"fd2024","daniels","shamaine","100","PA","federal:house","PA10","C","F",-1.041,-0.938,2627,81033.49,81688.14,NA,NA,NA,NA
"fd2024","dellicker","kevin","200","PA","federal:house","PA07","C","M",1.447,1.483,690,564235.67,563980.07,NA,NA,NA,NA
"fd2024","ehasz","ashley","100","PA","federal:house","PA01","C","F",-0.955,-0.969,11848,3961549.18,3962973.73,NA,NA,NA,NA
"fd2024","salinas","andrea","100","OR","federal:house","OR06","I","F",-0.939,-0.892,13537,5395320,5340130,NA,NA,NA,NA
"fd2024","hoyle","valerie","100","OR","federal:house","OR04","I","F",-0.799,-0.881,9051,2665016.82,2615674.91,NA,NA,NA,NA
"fd2024","cole","tom","200","OK","federal:house","OK04","I","M",0.919,1.124,7102,5588752.02,5023393.52,NA,NA,NA,NA
"fd2024","miller","max","200","OH","federal:house","OH07","I","M",0.791,1.329,6875,1989521.73,1887691.12,NA,NA,NA,NA
"fd2024","carey","mike","200","OH","federal:house","OH15","I","M",0.933,1.088,5893,2699201.24,2616523.08,NA,NA,NA,NA
"fd2024","sykes","emilia","100","OH","federal:house","OH13","I","F",-0.927,-0.864,11577,5332291.25,5260289.76,NA,NA,NA,NA
"fd2024","riedel","craig","200","OH","federal:house","OH09","C","M",1.367,1.38,1255,1298354.66,1297070.28,NA,NA,NA,NA
"fd2024","kaptur","marcy","100","OH","federal:house","OH09","I","F",-0.728,-0.794,21789,5063732.53,4995852.91,NA,NA,NA,NA
"fd2024","wilson","tamara","100","OH","federal:house","OH04","C","F",-1.061,NA,42292,2376890.57,1886728.7,NA,NA,NA,NA
"fd2024","turner","michael","200","OH","federal:house","OH10","I","M",0.703,0.912,5121,1252813.43,1393257.1,NA,NA,NA,NA
"fd2024","wenstrup","brad","200","OH","federal:house","OH02","I","M",0.968,1.023,3521,673650.89,1092897.56,NA,NA,NA,NA
"fd2024","klee hood","sarah","100","NY","federal:house","NY22","C","F",-1.019,-1.018,18057,1517852.63,1516963.98,NA,NA,NA,NA
"fd2024","langworthy","nick","200","NY","federal:house","NY23","I","M",0.73,NA,1386,1931075.63,927737.09,NA,NA,NA,NA
"fd2024","molinaro","marcus","200","NY","federal:house","NY19","I","M",0.995,0.962,14702,5570305.64,5580361.75,NA,NA,NA,NA
"fd2024","nadler","jerrold","100","NY","federal:house","NY12","I","M",-0.838,-0.873,12280,1189675.18,1009847.3,NA,NA,NA,NA
"fd2024","forte","tina","200","NY","federal:house","NY14","C","F",1.526,NA,20097,1922536.14,1845354.18,NA,NA,NA,NA
"fd2024","goldman","daniel","100","NY","federal:house","NY10","I","M",-0.695,-0.825,11482,3659240.76,2764329.95,NA,NA,NA,NA
"fd2024","meng","grace","100","NY","federal:house","NY06","I","F",-0.401,-0.643,8463,2097459.33,1836399.64,NA,NA,NA,NA
"fd2024","desposito","anthony","200","NY","federal:house","NY04","I","M",0.837,NA,4317,4644841.34,4621136.76,NA,NA,NA,NA
"fd2024","nick","lalota","200","NY","federal:house","NY01","I","M",0.882,NA,2775,4271171.67,3673656.56,NA,NA,NA,NA
"fd2024","schwartz","daniel","200","NV","federal:house","NV03","C","M",0.587,1.052,172,922043.37,922043.37,NA,NA,NA,NA
"fd2024","robertson","mark","200","NV","federal:house","NV01","C","M",1.448,1.493,794,401643.87,560978.16,NA,NA,NA,NA
"fd2024","vasquez","gabriel","100","NM","federal:house","NM02","I","M",-0.992,-0.915,19284,7040626,7024317.6,NA,NA,NA,NA
"fd2024","stansbury","melanie","100","NM","federal:house","NM01","I","F",-0.961,-0.884,7658,1353281,1218912.86,NA,NA,NA,NA
"fd2024","payne","donald","100","NJ","federal:house","NJ10","I","M",-0.649,-0.674,2257,440639.66,479393.97,NA,NA,NA,NA
"fd2024","jenkins","matthew","100","NJ","federal:house","NJ04","C","M",-1.005,-0.994,532,44774.79,50310.47,NA,NA,NA,NA
"fd2024","rush","carolyn","100","NJ","federal:house","NJ02","C","F",-1.08,-1.036,277,125579,126439.03,NA,NA,NA,NA
"fd2024","galdo","damon","200","NJ","federal:house","NJ01","C","M",1.554,1.65,18,17592.78,17739.09,NA,NA,NA,NA
"fd2024","vargas","anthony","100","NE","federal:house","NE02","C","M",-0.969,-0.941,28946,7515611.35,7487835.3,NA,NA,NA,NA
"fd2024","mund","cara","200","ND","federal:house","ND01","O","F",-1.204,NA,145,26472.35,40333.92,NA,NA,NA,NA
"fd2024","edwards","chuck","200","NC","federal:house","NC11","I","M",1.114,1.361,1234,1442893.38,1432022.21,NA,NA,NA,NA
"fd2024","harrigan","pat","200","NC","federal:house","NC10","O","M",1.411,1.495,5910,1915655.19,1936861.45,NA,NA,NA,NA
"fd2024","villaverde","christine","200","NC","federal:house","NC01","C","F",1.356,1.386,122,44225,55288.1,NA,NA,NA,NA
"fd2024","castelli","robert","200","NC","federal:house","NC06","O","M",1.328,1.416,736,843118,847036.29,NA,NA,NA,NA
"fd2024","contogiannis","mary","200","NC","federal:house","NC06","O","F",0.881,1.054,61,226299,229011.83,NA,NA,NA,NA
"fd2024","hines","robert","200","NC","federal:house","NC06","O","M",1.543,1.614,11087,1476515.72,1480494.94,NA,NA,NA,NA
"fd2024","davis","don","100","NC","federal:house","NC01","I","M",-0.627,-0.612,12066,6061265.18,5808396.52,NA,NA,NA,NA
"fd2024","tranel","monica","100","MT","federal:house","MT01","C","F",-1.001,-0.968,17779,6225655.3,6205245.86,NA,NA,NA,NA
"fd2024","ezell","walter","200","MS","federal:house","MS04","I","M",1.094,1.201,1300,1227959.76,1084766.62,NA,NA,NA,NA
"fd2024","black","dianne","100","MS","federal:house","MS01","C","F",-0.933,NA,151,9759.9,19821.33,NA,NA,NA,NA
"fd2024","burlison","eric","200","MO","federal:house","MO07","I","M",1.481,1.271,4806,923026.09,503233.8,NA,NA,NA,NA
"fd2024","mann","bethany","100","MO","federal:house","MO03","C","F",-1.073,-1.031,444,38121.42,47686.7,NA,NA,NA,NA
"fd2024","schultz","jennifer","100","MN","federal:house","MN08","C","F",-1.043,-1.03,5600,1255402.35,1231131.85,NA,NA,NA,NA
"fd2024","samuels","don","100","MN","federal:house","MN05","C","M",-0.314,NA,7100,1742908.49,1775600.33,NA,NA,NA,NA
"fd2024","bivings","martell","200","MI","federal:house","MI13","C","M",0.865,NA,394,66831.09,51759.3,NA,NA,NA,NA
"fd2024","hollier","adam","100","MI","federal:house","MI13","C","M",-0.395,-0.612,3033,900703.21,711554.33,NA,NA,NA,NA
"fd2024","marlinga","carl","100","MI","federal:house","MI10","C","M",-0.852,-0.75,14215,2954055.05,2925341.82,NA,NA,NA,NA
"fd2024","jaye","brian","100","MI","federal:house","MI10","C","M",-1.036,-1.018,220,15208.88,12137.55,NA,NA,NA,NA
"fd2024","kildee","daniel","100","MI","federal:house","MI08","I","M",-0.724,-0.739,12244,1465197.96,1068586.96,NA,NA,NA,NA
"fd2024","lorinser","robert","100","MI","federal:house","MI01","C","M",-1.05,NA,4584,371077.66,379844.18,NA,NA,NA,NA
"fd2024","wallace","david","200","MD","federal:house","MD02","O","M",1.42,1.526,98,14345,14441.87,NA,NA,NA,NA
"fd2024","ivey","glenn","100","MD","federal:house","MD04","I","M",-0.504,-0.497,4714,944142.37,765280.96,NA,NA,NA,NA
"fd2024","lynch","stephen","100","MA","federal:house","MA08","I","M",-0.53,-0.588,8649,710123.92,976310.31,NA,NA,NA,NA
"fd2024","carter","troy","100","LA","federal:house","LA02","C","M",0.028,-0.805,2818,2042195.9,1898973.77,NA,NA,NA,NA
"fd2024","massie","thomas","200","KY","federal:house","KY04","I","M",1.217,1.315,4065,1349141.6,690223.02,NA,NA,NA,NA
"fd2024","compton","william","100","KY","federal:house","KY02","C","M",-1.013,-0.758,141,5164.12,5459.6,NA,NA,NA,NA
"fd2024","whitley","gabriel","200","IN","federal:house","IN07","C","M",NA,NA,85,364320,262685.47,NA,NA,NA,NA
"fd2024","bookwalter","charles","200","IN","federal:house","IN04","C","M",1.753,1.839,219,181148.64,155005.84,NA,NA,NA,NA
"fd2024","sorensen","eric","100","IL","federal:house","IL17","I","M",-0.91,-1.017,11922,5046501.25,4974635,NA,NA,NA,NA
"fd2024","mercado","o kent","200","IL","federal:house","IL11","C","M",1.324,NA,64,75181.57,75181.57,NA,NA,NA,NA
"fd2024","schneider","bradley","100","IL","federal:house","IL10","I","M",-0.57,-0.661,37319,3855356.96,2993596.24,NA,NA,NA,NA
"fd2024","ramirez","delia","100","IL","federal:house","IL03","I","F",-0.943,-0.845,3766,1131488.61,782619.54,NA,NA,NA,NA
"fd2024","jackson","jonathan","100","IL","federal:house","IL01","I","M",-0.793,-0.774,937,654094.58,601509.69,NA,NA,NA,NA
"fd2024","melton","ryan","100","IA","federal:house","IA04","C","M",-1.074,-1.08,829,153144.37,155195.04,NA,NA,NA,NA
"fd2024","bohannan","christina","100","IA","federal:house","IA01","C","F",-0.953,NA,19512,6900996.18,6823503.73,NA,NA,NA,NA
"fd2024","case","edward","100","HI","federal:house","HI01","I","M",-0.293,-0.336,3231,700463.15,891335.38,NA,NA,NA,NA
"fd2024","flowers","marcus","100","GA","federal:house","GA13","C","M",-1.062,-1.064,289350,475234.37,1095670.97,NA,NA,NA,NA
"fd2024","daza fernandez","antonio","100","GA","federal:house","GA11","C","M",-1.116,-1.078,726,42930.37,42930.37,NA,NA,NA,NA
"fd2024","butler","darrius","100","GA","federal:house","GA08","C","M",-1.029,NA,268,16292.11,16292.11,NA,NA,NA,NA
"fd2024","johnson","arthur","200","GA","federal:house","GA02","C","M",1.265,1.439,137,599567.08,598266.2,NA,NA,NA,NA
"fd2024","diaz balart","mario","200","FL","federal:house","FL26","I","M",0.516,1.346,7178,2363025.68,1823215.18,NA,NA,NA,NA
"fd2024","adeimy","deborah","200","FL","federal:house","FL22","C","F",1.393,1.487,528,190509.87,187345.34,NA,NA,NA,NA
"fd2024","kaufman","joe","200","FL","federal:house","FL23","C","M",1.4,1.493,1276,166713.53,101955.24,NA,NA,NA,NA
"fd2024","lee","laurel","200","FL","federal:house","FL15","I","F",1.121,1.148,2027,2162709.67,1815179.46,NA,NA,NA,NA
"fd2024","donalds","byron","200","FL","federal:house","FL19","I","M",1.489,1.485,43610,6600931.63,5598912.45,NA,NA,NA,NA
"fd2024","sabatini","anthony","200","FL","federal:house","FL11","C","M",1.543,1.444,1904,378035.27,385204.1,NA,NA,NA,NA
"fd2024","morales","adianis","200","FL","federal:house","FL09","C","U",1.482,1.479,42,19775,12891.1,NA,NA,NA,NA
"fd2024","pastrana","allek","100","FL","federal:house","FL07","C","U",-1.158,-1.155,188,41502.78,40350.12,NA,NA,NA,NA
"fd2024","bean","aaron","200","FL","federal:house","FL04","I","M",1.055,1.246,4609,1738170.86,1356314.59,NA,NA,NA,NA
"fd2024","botelho","michelle","200","CT","federal:house","CT05","C","F",1.513,1.605,72,17448.45,26030.09,NA,NA,NA,NA
"fd2024","france","mike","200","CT","federal:house","CT02","C","M",1.502,1.342,8798,741910.47,732453.19,NA,NA,NA,NA
"fd2024","caraveo","yadira","100","CO","federal:house","CO08","I","F",-0.973,-0.896,24465,8124793.49,8137990.05,NA,NA,NA,NA
"fd2024","frisch","adam","100","CO","federal:house","CO03","O","M",-1.011,-0.933,178286,17188573.07,17314502.33,NA,NA,NA,NA
"fd2024","peters","scott","100","CA","federal:house","CA50","I","M",-0.74,-0.761,13289,2292635.53,1876071.77,NA,NA,NA,NA
"fd2024","bilash","timothy","100","CA","federal:house","CA50","C","M",-0.961,-0.916,15,28066.87,27884.01,NA,NA,NA,NA
"fd2024","vargas","juan","100","CA","federal:house","CA52","I","M",-0.276,-0.23,4978,790624.65,919328.33,NA,NA,NA,NA
"fd2024","takano","mark","100","CA","federal:house","CA39","I","M",-0.926,-0.875,12174,1289817.96,1511853.8,NA,NA,NA,NA
"fd2024","lopez","jazmin","100","CA","federal:house","CA42","C","F",-1.13,NA,91,8500,8800.95,NA,NA,NA,NA
"fd2024","chen","jay","100","CA","federal:house","CA45","C","M",-1.013,-0.915,18810,1231.08,5256.97,NA,NA,NA,NA
"fd2024","calvert","ken","200","CA","federal:house","CA41","I","M",0.827,0.611,9509,8056905.14,7864571.94,NA,NA,NA,NA
"fd2024","aguilar","pete","100","CA","federal:house","CA33","I","M",-0.561,-0.871,33500,5866371.81,4797056.96,NA,NA,NA,NA
"fd2024","cardenas","tony","100","CA","federal:house","CA29","I","M",-0.507,-0.637,7659,661700.12,855062.42,NA,NA,NA,NA
"fd2024","maher","michael","200","CA","federal:house","CA21","C","M",1.264,NA,538,785000.57,753557.41,NA,NA,NA,NA
"fd2024","mathys","chris","200","CA","federal:house","CA22","C","M",1.916,1.861,57,338675.39,337367.49,NA,NA,NA,NA
"fd2024","hernandez","peter","200","CA","federal:house","CA18","C","M",1.325,NA,363,198166.89,199052.48,NA,NA,NA,NA
"fd2024","mullin","kevin","100","CA","federal:house","CA15","I","M",-0.804,-0.754,2718,808090.91,793853.82,NA,NA,NA,NA
"fd2024","gray","adam","100","CA","federal:house","CA13","C","M",-0.896,-0.75,26316,6432861.59,6293278.56,NA,NA,NA,NA
"fd2024","huffman","jared","100","CA","federal:house","CA02","I","M",-0.983,-0.931,5120,1015638,958525.63,NA,NA,NA,NA
"fd2024","kiley","kevin","200","CA","federal:house","CA03","I","M",1.158,1.156,8294,4266489.4,3924169.82,NA,NA,NA,NA
"fd2024","lamalfa","doug","200","CA","federal:house","CA01","I","M",1.039,1.098,4379,1012001.47,694249.77,NA,NA,NA,NA
"fd2024","toomim","leah","200","CA","federal:house","CA36","C","F",1.573,1.387,33,41723.09,41252.77,NA,NA,NA,NA
"fd2024","barkley","michael","100","CA","federal:house","CA05","C","M",-1.081,-1.038,564,86712.32,82051.67,NA,NA,NA,NA
"fd2024","davison","jerone","200","AZ","federal:house","AZ04","C","M",1.466,1.631,301,57902.87,60833.56,NA,NA,NA,NA
"fd2024","zink","jeffrey","200","AZ","federal:house","AZ03","O","M",1.436,1.661,36,60847,79390.55,NA,NA,NA,NA
"fd2024","ciscomani","juan","200","AZ","federal:house","AZ06","I","M",1.106,NA,12522,7035782.04,6853656.75,NA,NA,NA,NA
"fd2024","crane","eli","200","AZ","federal:house","AZ02","I","M",1.606,1.699,77119,8559239.47,8308125.11,NA,NA,NA,NA
"fd2024","rogers","michael","200","AL","federal:house","AL03","I","M",0.823,1.185,6119,2931555.95,2037556.65,NA,NA,NA,NA
"fd2024","peltola","mary","100","AK","federal:house","AK01","I","F",-1.053,-1.065,105791,13443537.46,14050828.27,NA,NA,NA,NA
"fd2024","tiffany","tom","200","WI","federal:house","WI07","I","M",1.531,1.446,7975,1248250.19,1411979.97,NA,NA,NA,NA
"fd2024","vanorden","derrick","200","WI","federal:house","WI03","I","M",1.542,1.62,63167,7658526.55,7319385.43,NA,NA,NA,NA
"fd2024","delbene","suzan","100","WA","federal:house","WA01","I","F",-0.914,-0.917,12939,3850571.4,3466395.53,NA,NA,NA,NA
"fd2024","call","jason","328","WA","federal:house","WA02","C","M",-1.276,-1.091,1991,76693.7,79597.42,NA,NA,NA,NA
"fd2024","anantatmula","manga","200","VA","federal:house","VA10","O","U",0.982,1.287,632,12793.52,12317.32,NA,NA,NA,NA
"fd2024","griffith","h morgan","200","VA","federal:house","VA09","I","M",1.153,1.228,3967,1005036.62,1130384.19,NA,NA,NA,NA
"fd2024","benjamin","leon","200","VA","federal:house","VA04","O","M",1.439,1.486,1401,127170.71,163535.32,NA,NA,NA,NA
"fd2024","moore","blake","200","UT","federal:house","UT01","I","M",0.823,1.266,1972,2633423.21,1565444.38,NA,NA,NA,NA
"fd2024","williams","michael","200","TX","federal:house","TX31","C","M",2.272,2.237,6,1900,1900,NA,NA,NA,NA
"fd2024","nehls","troy","200","TX","federal:house","TX22","I","M",1.219,1.347,3516,896335.99,999390.09,NA,NA,NA,NA
"fd2024","dela cruz","monica","200","TX","federal:house","TX15","I","F",1.51,1.593,42152,7936781.16,7375027.97,NA,NA,NA,NA
"fd2024","pfluger","august","200","TX","federal:house","TX11","I","M",1.441,1.318,10590,3512299.49,2764556.88,NA,NA,NA,NA
"fd2024","hunt","wesley","200","TX","federal:house","TX38","I","M",1.512,NA,55134,2777569.46,2065226.84,NA,NA,NA,NA
"fd2024","fallon","patrick","200","TX","federal:house","TX04","I","M",1.15,1.276,2056,799721.08,397232.3,NA,NA,NA,NA
"fd2024","bergmann","charlotte","200","TN","federal:house","TN09","C","F",1.5,1.478,394,57468.61,47462.13,NA,NA,NA,NA
"fd2024","fleischmann","charles","200","TN","federal:house","TN03","I","M",1.065,1.173,3750,1897639.52,654108.91,NA,NA,NA,NA
"fd2024","duncan","jeffrey","200","SC","federal:house","SC03","I","M",1.299,1.335,4281,820074.92,872032.73,NA,NA,NA,NA
"fd2024","cicilline","david","100","RI","federal:house","RI01","I","M",-0.974,-0.834,8510,12272.79,369609.22,NA,NA,NA,NA
"fd2024","courser","amy","200","OR","federal:house","OR04","C","F",1.359,1.454,295,28536.51,28616.89,NA,NA,NA,NA
"fd2024","bice","stephanie","200","OK","federal:house","OK05","I","F",1.1,1.158,15589,2112846.41,1648511.94,NA,NA,NA,NA
"fd2024","sites","jeffrey","100","OH","federal:house","OH04","C","M",-1.049,-0.762,25559,334908.56,438786.48,NA,NA,NA,NA
"fd2024","jones","mondaire","100","NY","federal:house","NY17","C","M",-0.944,NA,30304,9960888.75,9990162.8,NA,NA,NA,NA
"fd2024","torres","ritchie","100","NY","federal:house","NY15","I","M",-0.176,NA,23087,9149800.46,1673368.61,NA,NA,NA,NA
"fd2024","devolder santos","george","200","NY","federal:house","NY01","I","M",1.412,1.517,11292,162529.31,191881.81,NA,NA,NA,NA
"fd2024","garbarino","andrew","200","NY","federal:house","NY02","I","M",0.678,0.986,6467,3863201.83,2614677.34,NA,NA,NA,NA
"fd2024","prempeh","william","200","NJ","federal:house","NJ09","C","M",1.058,1.621,2330,49755.61,48802.89,NA,NA,NA,NA
"fd2024","brown","leigh","200","NC","federal:house","NC08","O","F",0.829,NA,565,156928.15,190393.67,NA,NA,NA,NA
"fd2024","murphy","gregory","200","NC","federal:house","NC03","I","M",1.062,1.31,3760,1939613.96,1165664.54,NA,NA,NA,NA
"fd2024","swain","alan","200","NC","federal:house","NC02","C","M",1.256,1.415,124,33206,34107.25,NA,NA,NA,NA
"fd2024","boyanton","carl","200","MS","federal:house","MS04","C","M",1.833,NA,50,533609.35,533609.35,NA,NA,NA,NA
"fd2024","fischbach","michelle","200","MN","federal:house","MN07","I","F",1.279,1.427,6386,2016031.04,1615955.09,NA,NA,NA,NA
"fd2024","junge","paul","200","MI","federal:house","MI08","O","M",1.229,1.459,9481,5984458.77,5636809.29,NA,NA,NA,NA
"fd2024","huizenga","william","200","MI","federal:house","MI04","I","M",1.207,1.234,5457,3128825.74,3121254.39,NA,NA,NA,NA
"fd2024","parrott","neil","200","MD","federal:house","MD06","O","M",1.398,1.348,6033,1091508.3,1117264.29,NA,NA,NA,NA
"fd2024","keating","william","100","MA","federal:house","MA09","I","M",-0.725,-0.596,6677,681883.89,877343.05,NA,NA,NA,NA
"fd2024","scalise","steve","200","LA","federal:house","LA01","I","M",1.109,1.19,157400,14732239.34,15253286.22,NA,NA,NA,NA
"fd2024","rogers","harold","200","KY","federal:house","KY05","I","M",0.833,1.375,5311,1063926.73,805640.28,NA,NA,NA,NA
"fd2024","mann","tracey","200","KS","federal:house","KS01","I","M",1.126,1.238,1846,1523582.68,867436.85,NA,NA,NA,NA
"fd2024","bucshon","larry","200","IN","federal:house","IN08","I","M",0.939,1.179,2950,740452.71,902031.49,NA,NA,NA,NA
"fd2024","mrvan","frank","100","IN","federal:house","IN01","I","M",-0.758,-0.583,7410,3196274.92,3162106.15,NA,NA,NA,NA
"fd2024","evans","jerry","200","IL","federal:house","IL11","C","M",1.408,1.511,688,636765.02,636193,NA,NA,NA,NA
"fd2024","feenstra","randall","200","IA","federal:house","IA04","I","M",1.162,1.243,5296,4301278.48,4154572.67,NA,NA,NA,NA
"fd2024","crane","michael","200","GA","federal:house","GA03","O","M",1.653,1.47,746,590543.15,590555.45,NA,NA,NA,NA
"fd2024","clyde","andrew","200","GA","federal:house","GA09","I","M",1.412,1.479,757,563056.1,491877.34,NA,NA,NA,NA
"fd2024","mccormick","richard","200","GA","federal:house","GA07","I","M",1.163,1.355,4934,2277571.82,1684550.99,NA,NA,NA,NA
"fd2024","williams","nikema","100","GA","federal:house","GA05","I","F",-0.669,-0.741,3381,1003637.94,994463.42,NA,NA,NA,NA
"fd2024","almonord","valbrun","100","GA","federal:house","GA03","O","U",-1.078,-1.086,407,44721.53,43133.85,NA,NA,NA,NA
"fd2024","perelman","jennifer","100","FL","federal:house","FL25","C","F",-1.033,-1.091,10742,467506.67,467506.67,NA,NA,NA,NA
"fd2024","wilson","frederica","100","FL","federal:house","FL24","I","F",-0.706,-0.788,4380,488827.68,566479.18,NA,NA,NA,NA
"fd2024","paulina luna","anna","200","FL","federal:house","FL13","I","F",1.546,NA,50158,3697834.71,3611255.4,NA,NA,NA,NA
"fd2024","castillo","jose","200","FL","federal:house","FL09","C","M",1.583,1.621,972,86535.57,87952.89,NA,NA,NA,NA
"fd2024","cammack","kat","200","FL","federal:house","FL03","I","F",1.25,1.37,5536,2647816.47,2131667.9,NA,NA,NA,NA
"fd2024","mccorkle","isaac","100","CO","federal:house","CO04","O","M",-1.045,-1.023,39051,1691453.78,1697871.29,NA,NA,NA,NA
"fd2024","ryans","jerlilia","100","CA","federal:house","CA50","C","U",-1.058,-1.018,4,18223,17562.76,NA,NA,NA,NA
"fd2024","burley","brian","200","CA","federal:house","CA47","O","M",1.584,1.593,177,61946.37,56450.22,NA,NA,NA,NA
"fd2024","pudlo","g maebe","100","CA","federal:house","CA30","O","U",-1.021,NA,2833,116190.76,110702.81,NA,NA,NA,NA
"fd2024","arballo","phil","100","CA","federal:house","CA13","C","M",-1.033,NA,65426,116818.03,99934.56,NA,NA,NA,NA
"fd2024","tandon","ritesh","100","CA","federal:house","CA17","C","M",-0.333,-0.108,284,26133.46,26443.64,NA,NA,NA,NA
"fd2024","desaulnier","mark","100","CA","federal:house","CA10","I","M",-0.846,-0.86,4233,664974.75,611351.83,NA,NA,NA,NA
"fd2024","bish","christine","200","CA","federal:house","CA06","C","F",1.435,1.517,267,182260.28,182368.4,NA,NA,NA,NA
"fd2024","gosar","paul","200","AZ","federal:house","AZ09","I","M",1.447,1.202,4984,478477.68,497470.48,NA,NA,NA,NA
"fd2024","crawford","eric","200","AR","federal:house","AR01","I","M",1.01,NA,3387,1098029.43,889704.9,NA,NA,NA,NA
"fd2024","harvey hall","phyllis","100","AL","federal:house","AL02","C","F",-1.093,-1.072,422,16284,5610.17,NA,NA,NA,NA
"fd2024","carl","jerry","200","AL","federal:house","AL01","I","M",1.365,1.304,11550,2246839.19,2631446.59,NA,NA,NA,NA
"fd2024","connolly","gerry","100","VA","federal:house","VA11","I","M",-0.734,-0.826,12175,2538285.99,2190524.25,NA,NA,NA,NA
"fd2024","mccaul","michael","200","TX","federal:house","TX10","I","M",1.085,1.232,16470,3131114.63,3260803.34,NA,NA,NA,NA
"fd2024","carter","john","200","TX","federal:house","TX31","I","M",0.993,1.071,6911,1217908.23,1587960.75,NA,NA,NA,NA
"fd2024","cuellar","roberto","100","TX","federal:house","TX28","I","M",0.17,-0.063,8844,2492808.62,2489675.05,NA,NA,NA,NA
"fd2024","cantwell","maria","100","WA","federal:senate","WAS24","I","F",-0.789,-0.834,50414,11147595.82,10726015.97,NA,NA,NA,NA
"fd2024","stabenow","debbie","100","MI","federal:senate","MIS24","I","F",-0.845,-0.492,71867,174791.22,4010979.08,NA,NA,NA,NA
"fd2024","barrasso","john","200","WY","federal:senate","WYS24","I","M",0.929,1.15,22255,7761388.01,4520535.91,NA,NA,NA,NA
"fd2024","cardin","benjamin","100","MD","federal:senate","MDS24","I","M",-0.857,-0.699,14376,30982.35,585829.17,NA,NA,NA,NA
"fd2024","murray","patty","100","WA","federal:senate","WAS28","I","F",-1.036,-0.785,73045,2095534.09,1770413.13,NA,NA,NA,NA
"fd2024","moran","jerry","200","KS","federal:senate","KSS28","I","M",1.004,1.239,10005,1805895.59,415236.63,NA,NA,NA,NA
"fd2024","feinstein","dianne","100","CA","federal:senate","CAS24","I","F",-0.979,-0.706,36864,501127.5,511096.06,NA,NA,NA,NA
"fd2024","tonko","paul","100","NY","federal:house","NY20","I","M",-0.842,-0.632,8266,1547112.87,1673736.28,NA,NA,NA,NA
"fd2024","smith","christopher","200","NJ","federal:house","NJ04","I","M",0.565,0.082,5227,838736.82,701104.91,NA,NA,NA,NA
"fd2024","luetkemeyer","w blaine","200","MO","federal:house","MO03","I","M",1.118,1.264,12784,1393096.59,2693424.04,NA,NA,NA,NA
"fd2024","carson","andre","100","IN","federal:house","IN07","I","M",-0.879,-0.568,4767,834438.54,1096116.35,NA,NA,NA,NA
"fd2024","posey","bill","200","FL","federal:house","FL08","I","M",1.216,1.085,5770,499475.78,822282.09,NA,NA,NA,NA
"fd2024","larson","john","100","CT","federal:house","CT01","I","M",-0.594,-0.473,7903,1542287.58,1658028.59,NA,NA,NA,NA
"fd2024","lee","barbara","100","CA","federal:house","CA12","I","F",-1.087,-0.829,39704,375045.69,427254.55,NA,NA,NA,NA
"fd2024","mcclintock","thomas","200","CA","federal:house","CA05","I","M",1.197,1.254,19416,1171016.98,1160351.97,NA,NA,NA,NA
"fd2024","blumenauer","earl","100","OR","federal:house","OR03","I","M",-0.662,-0.787,7377,1042682.68,819428.15,NA,NA,NA,NA
"fd2024","mfume","kweisi","100","MD","federal:house","MD07","I","M",-0.672,-0.694,3374,533861.78,431365.07,NA,NA,NA,NA
"fd2024","castor","kathy","100","FL","federal:house","FL14","I","F",-0.644,-0.654,7206,1166739.26,1290979.28,NA,NA,NA,NA
"fd2024","matsui","doris","100","CA","federal:house","CA07","I","F",-0.705,-0.802,4540,1239231.82,1113903.11,NA,NA,NA,NA
"fd2024","green","alexander","100","TX","federal:house","TX09","I","M",-0.678,-0.556,1881,392514.28,439824.17,NA,NA,NA,NA
"fd2024","cleaver","emanuel","100","MO","federal:house","MO05","I","M",-0.612,-0.62,4747,1385775.6,1457206.59,NA,NA,NA,NA
"fd2024","costa","jim","100","CA","federal:house","CA21","I","M",-0.117,-0.621,5917,1705407.96,1885604.27,NA,NA,NA,NA
"fd2024","sanchez","linda","100","CA","federal:house","CA38","I","F",-0.686,-0.725,5904,1548292.39,1565648.93,NA,NA,NA,NA
"fd2024","mccollum","betty","100","MN","federal:house","MN04","I","F",-0.665,-0.904,6608,1789789.09,1542549.43,NA,NA,NA,NA
"fd2024","delauro","rosa","100","CT","federal:house","CT03","I","F",-0.823,-0.562,9509,1751634.69,1639641.5,NA,NA,NA,NA
"fd2024","garamendi","john","100","CA","federal:house","CA08","I","M",-0.595,-0.732,8947,1113065.76,969795.57,NA,NA,NA,NA
"fd2024","svitavsky","jon","100","VT","federal:senate","VTS18","C","M",-1.051,NA,26,0,0,NA,NA,NA,NA
"fd2024","writz","raymond","328","ID","federal:senate","IDS22","C","M",1.198,1.32,11,190,232.99,NA,NA,NA,NA
"fd2024","jones","lateresa","200","FL","federal:senate","FLS18","C","F",1.428,NA,18,31,78.21,NA,NA,NA,NA
"fd2024","morrow","scott","100","WY","federal:senate","WYS24","C","M",-1.039,NA,528,45707.29,44872.92,NA,NA,NA,NA
"fd2024","hassan","ahmad","100","TX","federal:senate","TXS24","C","M",-0.407,-0.583,15,2440,9655.18,NA,NA,NA,NA
"fd2024","arguijo","aaron","100","TX","federal:senate","TXS24","C","M",-1.078,-0.928,235,0,0,NA,NA,NA,NA
"fd2024","tomasetti","brandi","200","PA","federal:senate","PAS24","C","F",1.545,NA,11,0,0,NA,NA,NA,NA
"fd2024","walker","troy","100","NV","federal:senate","NVS24","C","M",-1.123,NA,9,705,675.66,NA,NA,NA,NA
"fd2024","gonzales","manuel","200","NM","federal:senate","NMS24","C","M",-0.233,NA,9,4605.07,4605.07,NA,NA,NA,NA
"fd2024","mele","gregg","200","NJ","federal:senate","NJS24","C","M",1.217,NA,17,0,0,NA,NA,NA,NA
"fd2024","munro","patrick","200","MN","federal:senate","MNS24","C","M",1.551,1.591,7,0,0,NA,NA,NA,NA
"fd2024","barakat","mohammed","200","MD","federal:senate","MDS24","O","M",-1.69,NA,10,2211.86,2211.86,NA,NA,NA,NA
"fd2024","packard","aaron","200","MA","federal:senate","MAS24","C","M",1.517,1.247,50,630.14,293.33,NA,NA,NA,NA
"fd2024","travis","marshall","100","IN","federal:senate","INS24","O","M",-1.108,NA,5,0,0,NA,NA,NA,NA
"fd2024","sanscrainte","matthew","100","FL","federal:senate","FLS24","C","M",-1.096,NA,2,0,0,NA,NA,NA,NA
"fd2024","peterson","david","100","CA","federal:senate","CAS24","C","M",-0.877,NA,150,0,0,NA,NA,NA,NA
"fd2024","mandela","barack","200","CA","federal:senate","CAS24","O","U",-1.478,NA,2,0,0,NA,NA,NA,NA
"fd2024","fennell","jeremy","100","CA","federal:senate","CAS24","O","M",-1.025,NA,25,0,0,NA,NA,NA,NA
"fd2024","reye","elizabeth","200","AZ","federal:senate","AZS24","O","F",0.283,NA,5,0,0,NA,NA,NA,NA
"fd2024","barlow","william","100","OR","federal:senate","ORS28","C","M",-0.989,-0.002,3,0,0,NA,NA,NA,NA
"fd2024","conrad","william","200","NV","federal:senate","NVS22","C","M",1.253,NA,3,12476,16259.56,NA,NA,NA,NA
"fd2024","sibhatu","lichia","200","NC","federal:senate","NCS26","C","U",2.026,2.046,6,0,0,NA,NA,NA,NA
"fd2024","allen","robert","200","MO","federal:senate","MOS22","O","M",1.837,1.777,2,823.76,823.76,NA,NA,NA,NA
"fd2024","klingenberg","robert","100","KS","federal:senate","KSS22","C","M",NA,NA,25,0,238.57,NA,NA,NA,NA
"fd2024","horning","andy","328","IN","federal:senate","INS24","C","M",1.382,1.412,141,1446,1246.44,NA,NA,NA,NA
"fd2024","pastrana","allek","100","FL","federal:senate","FLS22","C","U",-1.158,-1.155,188,0,0,NA,NA,NA,NA
"fd2024","ingram","denard","100","CA","federal:senate","CAS24","C","M",-1.103,NA,7,0,0,NA,NA,NA,NA
"fd2024","cummings","daniel","328","00","federal:president","PRES","C","M",1.895,1.572,10,232.87,0,NA,NA,NA,NA
"fd2024","october","president","200","00","federal:president","PRES","C","M",-1.652,NA,47,0,0,NA,NA,NA,NA
"fd2024","cornejo","gabriel","100","00","federal:president","PRES","C","M",-1.134,NA,20,0,0,NA,NA,NA,NA
"fd2024","charles","celina","328","00","federal:president","PRES","C","F",-1.206,NA,6,0,0,NA,NA,NA,NA
"fd2024","lozada","frank","100","00","federal:president","PRES","C","M",-0.977,NA,25,0,0,NA,NA,NA,NA
"fd2024","gailey","william","100","00","federal:president","PRES","C","M",-1.121,-1.13,3,0,0,NA,NA,NA,NA
"fd2024","campbell","christopher","100","00","federal:president","PRES","C","M",-1.181,NA,3,0,0,NA,NA,NA,NA
"fd2024","i","kurios","328","00","federal:president","PRES","C","",-1.071,NA,2,0,0,NA,NA,NA,NA
"fd2024","roose","rodger","100","00","federal:president","PRES","C","M",-0.896,NA,3,0,0,NA,NA,NA,NA
"fd2024","steele","dayna","100","TX","federal:house","TX36","C","F",-1.158,-0.978,1707,0,0,NA,NA,NA,NA
"fd2024","brannon","mary","100","OK","federal:house","OK04","C","F",-1.217,-0.98,89,0,0,NA,NA,NA,NA
"fd2024","enoch","vanessa","100","OH","federal:house","OH08","C","F",-0.999,-0.928,683,0,0,NA,NA,NA,NA
"fd2024","sablan","gregorio","100","MP","federal:house","MP01","I","M",NA,-0.657,445,2151.01,27901.19,NA,NA,NA,NA
"fd2024","cooper","james","328","GA","federal:house","GA08","C","M",-1.305,-1.249,6,80,81.13,NA,NA,NA,NA
"fd2024","ehr","phillip","100","FL","federal:house","FL28","C","M",-0.991,-0.578,42173,0,0,NA,NA,NA,NA
"fd2024","martin","brandon","200","AZ","federal:house","AZ02","C","M",NA,1.624,271,520,6137.8,NA,NA,NA,NA
"fd2024","mundy","keith","100","OH","federal:house","OH05","C","M",-1.059,-0.887,172,13584.21,15088.76,NA,NA,NA,NA
"fd2024","zumbluskas","michael","200","NY","federal:house","NY12","C","M",1.352,0.831,231,0,0,NA,NA,NA,NA
"fd2024","banks","james","200","IN","federal:house","IN03","I","M",1.337,1.362,22255,14577001.98,12021255.36,NA,NA,NA,NA
"fd2024","grayson","dena","100","FL","federal:house","FL08","C","F",-0.667,-0.569,535,1149.82,1149.82,NA,NA,NA,NA
"fd2024","wiggins","christopher","100","CA","federal:house","CA43","C","M",-1.097,NA,55,1260,2512,NA,NA,NA,NA
"fd2024","jefferson","delma","100","CA","federal:house","CA06","C","F",-1.047,NA,4,0,0,NA,NA,NA,NA
"fd2024","mooney","alexander","200","WV","federal:house","WV02","I","M",1.318,1.256,5767,10647.28,17729.98,NA,NA,NA,NA
"fd2024","nath","purnima","200","WI","federal:house","WI04","C","U",0.216,1.361,140,15663,9052.65,NA,NA,NA,NA
"fd2024","anderson","diane","100","WI","federal:house","WI01","C","F",-1.069,NA,15,0,0,NA,NA,NA,NA
"fd2024","toliver","desiree","100","WA","federal:house","WA10","C","F",-1.129,NA,21,3372,2297.5,NA,NA,NA,NA
"fd2024","muchlinski","birdie","100","WA","federal:house","WA04","C","F",-0.958,NA,29,12676.27,12676.27,NA,NA,NA,NA
"fd2024","pickard","ronald","200","VI","federal:house","VI01","C","M",1.385,NA,14,19682.76,18463.22,NA,NA,NA,NA
"fd2024","riley","paul","100","VA","federal:house","VA05","C","M",-0.945,NA,3,0,0,NA,NA,NA,NA
"fd2024","fallick wang","katrina","100","UT","federal:house","UT04","C","F",-0.964,NA,108,11286.31,11043.54,NA,NA,NA,NA
"fd2024","edwards","becky","200","UT","federal:house","UT02","C","F",-0.049,0.112,890,1164367.06,1164367.06,NA,NA,NA,NA
"fd2024","torres","ann","200","TX","federal:house","TX34","C","F",1.496,NA,2,0,0,NA,NA,NA,NA
"fd2024","kergosien","jason","200","TX","federal:house","TX26","O","M",1.427,NA,7,4255.99,0,NA,NA,NA,NA
"fd2024","bausinger","melvin","100","TX","federal:house","TX23","C","M",-0.863,NA,10,21605,20874.71,NA,NA,NA,NA
"fd2024","gehrig","sebastian","100","TX","federal:house","TX12","O","M",-1.048,NA,9,0,0,NA,NA,NA,NA
"fd2024","medley","stefan","328","TX","federal:house","TX10","C","M",-0.259,NA,2,2274.34,2269.03,NA,NA,NA,NA
"fd2024","mobeen","noor","100","TX","federal:house","TX07","C","F",0.252,NA,3,0,0,NA,NA,NA,NA
"fd2024","filler","peter","100","TX","federal:house","TX02","C","M",-0.778,NA,40,8114.5,8057.93,NA,NA,NA,NA
"fd2024","bergman","lore","100","TN","federal:house","TN06","O","F",-1.087,NA,82,9791.55,9791.55,NA,NA,NA,NA
"fd2024","lapides","bennett","100","TN","federal:house","TN01","C","M",-0.885,-1.08,11,0,0,NA,NA,NA,NA
"fd2024","stamper","zachary","100","TN","federal:house","TN01","C","M",-1.135,NA,6,0,0,NA,NA,NA,NA
"fd2024","best","bryon","100","SC","federal:house","SC03","O","M",-1.051,NA,644,46624.47,42855.23,NA,NA,NA,NA
"fd2024","robinson","roger","100","SC","federal:house","SC02","C","M",-1.04,NA,165,13806.7,11179.98,NA,NA,NA,NA
"fd2024","corvi","steven","200","RI","federal:house","RI02","C","M",1.075,NA,16,5619.55,3226.73,NA,NA,NA,NA
"fd2024","biah","nathan","100","RI","federal:house","RI01","O","M",-1.126,-1,187,1030,952.53,NA,NA,NA,NA
"fd2024","johnson","ron","328","PA","federal:house","PA64","C","M",1.526,NA,5,0,0,NA,NA,NA,NA
"fd2024","vecchio","philip","100","PA","federal:house","PA14","C","M",-0.89,NA,14,0,0,NA,NA,NA,NA
"fd2024","lee","padraic","100","PA","federal:house","PA13","C","M",-1.099,NA,2,0,0,NA,NA,NA,NA
"fd2024","gordon","tracey","100","PA","federal:house","PA03","C","F",-1.162,NA,19,0,0,NA,NA,NA,NA
"fd2024","feintech","sonja","328","OR","federal:house","OR05","C","F",1.047,NA,2,4654,4645.87,NA,NA,NA,NA
"fd2024","beebe","jason","200","OR","federal:house","OR02","C","M",1.486,NA,10,0,0,NA,NA,NA,NA
"fd2024","casgraux moore","courtney","100","OR","federal:house","OR01","C","F",-0.608,NA,21,0,0,NA,NA,NA,NA
"fd2024","wade","brandon","100","OK","federal:house","OK02","C","M",-0.997,NA,70,12959.33,10535.78,NA,NA,NA,NA
"fd2024","simmons","landry","200","OH","federal:house","OH11","C","M",1.473,NA,2,0,0,NA,NA,NA,NA
"fd2024","wessels","hermann","100","OH","federal:house","OH02","O","M",-1.025,NA,11,0,0,NA,NA,NA,NA
"fd2024","rinaldi","jonathan","200","NY","federal:house","NY14","C","M",1.617,NA,4,0,0,NA,NA,NA,NA
"fd2024","dodenhoff","alexander","200","NY","federal:house","NY10","C","M",0.865,NA,10,7331.71,4457.98,NA,NA,NA,NA
"fd2024","behar","steve","100","NY","federal:house","NY03","O","M",-1.015,NA,31,0,0,NA,NA,NA,NA
"fd2024","shultz","deshan","100","NV","federal:house","NV04","C","M",-1.079,NA,12,0,0,NA,NA,NA,NA
"fd2024","khairullah","mohamed","100","NJ","federal:house","NJ09","C","M",-0.906,NA,675,404620.21,394470.82,NA,NA,NA,NA
"fd2024","faccone","michael","200","NJ","federal:house","NJ03","O","M",1.626,NA,2,0,0,NA,NA,NA,NA
"fd2024","whitelock","nicholas","200","NJ","federal:house","NJ01","C","M",1.463,NA,16,0,4000,NA,NA,NA,NA
"fd2024","crane","elenore","200","NH","federal:house","NH02","O","F",-0.577,NA,10,0,0,NA,NA,NA,NA
"fd2024","pierce","frank","100","NC","federal:house","NC13","O","M",-0.98,NA,265,37167.56,35723.7,NA,NA,NA,NA
"fd2024","dues","justin","100","NC","federal:house","NC08","O","M",-0.939,NA,41,0,0,NA,NA,NA,NA
"fd2024","pridgen","marlando","100","NC","federal:house","NC07","C","M",-0.902,NA,73,0,0,NA,NA,NA,NA
"fd2024","morales","robert","200","NC","federal:house","NC02","C","M",1.438,NA,6,0,0,NA,NA,NA,NA
"fd2024","stevenson","eric","200","NC","federal:house","NC13","O","M",0.724,NA,27,0,0,NA,NA,NA,NA
"fd2024","heithold","grant","200","MO","federal:house","MO08","C","M",1.637,NA,7,19230.17,15108.37,NA,NA,NA,NA
"fd2024","kiehne","john","100","MO","federal:house","MO02","C","M",-1.052,NA,97,0,0,NA,NA,NA,NA
"fd2024","reeves","jay","100","MN","federal:house","MN06","C","M",-1.174,NA,13,0,0,NA,NA,NA,NA
"fd2024","kinniebrew","royce","100","MI","federal:house","MI12","C","M",-0.794,NA,174,0,0,NA,NA,NA,NA
"fd2024","clark","curtis","200","MI","federal:house","MI04","C","M",1.537,NA,4,0,0,NA,NA,NA,NA
"fd2024","riley","cheryl","200","MD","federal:house","MD08","C","F",1.491,NA,11,13872.24,13283.27,NA,NA,NA,NA
"fd2024","wilks","altimont","100","MD","federal:house","MD06","O","U",-1.098,NA,7,3375,3169.64,NA,NA,NA,NA
"fd2024","libber","matt","100","MD","federal:house","MD03","O","M",-0.25,NA,15,3171.38,3171.38,NA,NA,NA,NA
"fd2024","govatsos","james","200","MA","federal:house","MA08","C","M",0.165,NA,3,3412.27,5016.02,NA,NA,NA,NA
"fd2024","guillory","elbert","200","LA","federal:house","LA06","C","M",1.65,1.581,7819,385702.96,379023.6,NA,NA,NA,NA
"fd2024","summerlin","sadi","100","LA","federal:house","LA03","C","F",-0.932,NA,154,9707.25,5477.1,NA,NA,NA,NA
"fd2024","dugas","lee","100","LA","federal:house","LA01","C","M",-1.012,-0.572,13,0,0,NA,NA,NA,NA
"fd2024","doty","hugh","200","IN","federal:house","IN09","C","M",1.315,NA,13,0,0,NA,NA,NA,NA
"fd2024","hurt","erik","100","IN","federal:house","IN08","O","M",-1.109,NA,117,23916.9,22719.05,NA,NA,NA,NA
"fd2024","schmitz","john","200","IN","federal:house","IN07","C","M",1.691,NA,62,78009.71,78009.71,NA,NA,NA,NA
"fd2024","girn","rimpi","100","IN","federal:house","IN04","C","U",-1.215,-1.03,72,42164.2,41608.33,NA,NA,NA,NA
"fd2024","booras","john","200","IL","federal:house","IL03","C","M",1.56,NA,12,38596.8,39492.29,NA,NA,NA,NA
"fd2024","farmer","luke","200","GA","federal:house","GA14","C","M",-1.431,NA,2,0,0,NA,NA,NA,NA
"fd2024","johnson","brian","100","GA","federal:house","GA13","C","M",-0.251,NA,7,0,0,NA,NA,NA,NA
"fd2024","jackson","daniel","100","GA","federal:house","GA12","C","M",-1.081,NA,131,0,0,NA,NA,NA,NA
"fd2024","fugate","demetrius","200","FL","federal:house","FL22","C","M",1.226,NA,22,0,0,NA,NA,NA,NA
"fd2024","owen","peter","100","FL","federal:house","FL13","C","M",-1.053,NA,77,2993.24,4033.53,NA,NA,NA,NA
"fd2024","boulin romain","jacqueline","100","FL","federal:house","FL05","C","F",-1.042,NA,6,0,0,NA,NA,NA,NA
"fd2024","bailey","huy","100","FL","federal:house","FL02","C","M",-1.034,NA,322,46560.07,309.56,NA,NA,NA,NA
"fd2024","alexander","myrtle","200","DC","federal:house","DC01","C","F",1.124,NA,22,0,0,NA,NA,NA,NA
"fd2024","miressi","dan","200","CT","federal:house","CT04","C","M",1.389,NA,4,1084.92,1084.92,NA,NA,NA,NA
"fd2024","irizarry","rafael","200","CT","federal:house","CT03","C","M",1.118,NA,5,449.99,449.99,NA,NA,NA,NA
"fd2024","bailey","mariel","200","CO","federal:house","CO04","O","F",0.839,NA,14,0,0,NA,NA,NA,NA
"fd2024","carmichael","adam","100","CA","federal:house","CA37","C","M",0.884,NA,4,0,0,NA,NA,NA,NA
"fd2024","ahuja","christopher","100","CA","federal:house","CA32","C","M",-1.028,NA,67,0,0,NA,NA,NA,NA
"fd2024","sawchuk","eric","200","CA","federal:house","CA30","O","M",1.704,NA,3,1376.17,1426.17,NA,NA,NA,NA
"fd2024","lucero","robert","200","CA","federal:house","CA28","C","M",NA,NA,9,0,0,NA,NA,NA,NA
"fd2024","kifle","luele","100","CA","federal:house","CA18","C","U",-1.072,NA,21,0,0,NA,NA,NA,NA
"fd2024","ingram","denard","100","CA","federal:house","CA12","O","M",-1.103,NA,7,0,0,NA,NA,NA,NA
"fd2024","silva","thomas","200","CA","federal:house","CA07","C","M",1.744,NA,5,5551.5,5551.5,NA,NA,NA,NA
"fd2024","kangas","jolian","328","CA","federal:house","CA02","C","U",-1.016,NA,7,0,0,NA,NA,NA,NA
"fd2024","busby","brady","328","AZ","federal:house","AZ20","C","M",0.314,NA,7,2877,2596.58,NA,NA,NA,NA
"fd2024","greene placentia","bernadette","100","AZ","federal:house","AZ08","O","F",-0.824,NA,38,0,0,NA,NA,NA,NA
"fd2024","jaramillo","hector","100","AZ","federal:house","AZ03","O","M",-1.168,NA,36,0,0,NA,NA,NA,NA
"fd2024","glasgow","robert","100","AZ","federal:house","AZ01","C","M",-1.056,NA,5,0,0,NA,NA,NA,NA
"fd2024","thomas","belinda","200","AL","federal:house","AL02","C","F",1.168,NA,15,0,0,NA,NA,NA,NA
"fd2024","knudsen","brett","100","WI","federal:house","WI03","O","M",NA,-0.999,5,0,0,NA,NA,NA,NA
"fd2024","hennrich","brent","100","WA","federal:house","WA03","C","M",-1.174,-1.07,1025,498.08,1345.13,NA,NA,NA,NA
"fd2024","sturdifen","dale","200","VA","federal:house","VA04","C","M",0.612,NA,12,4925,4925,NA,NA,NA,NA
"fd2024","tristan","anthony","100","TX","federal:house","TX27","C","M",-1.304,-1.309,6,4785.64,4796.97,NA,NA,NA,NA
"fd2024","rector","christopher","100","TX","federal:house","TX25","C","M",-0.298,NA,6,0,0,NA,NA,NA,NA
"fd2024","ivanovskis","jeremy","200","TX","federal:house","TX03","C","M",0.032,0.512,5,4980.35,5080.35,NA,NA,NA,NA
"fd2024","fairlcoth","roy","100","TN","federal:house","TN06","O","M",-1.002,NA,23,0,0,NA,NA,NA,NA
"fd2024","waldman","amanda","100","PA","federal:house","PA09","C","F",-1.026,-0.966,311,16955.9,9300.82,NA,NA,NA,NA
"fd2024","yetter","joseph","100","OR","federal:house","OR02","C","M",-1.114,-1.009,273,0,0,NA,NA,NA,NA
"fd2024","khalfani","akil","100","NJ","federal:house","NJ10","C","M",-0.939,NA,37,0,0,NA,NA,NA,NA
"fd2024","green","curtis","100","NJ","federal:house","NJ02","C","M",-1.029,NA,41,0,0,NA,NA,NA,NA
"fd2024","weaver","john","200","NE","federal:house","NE01","C","M",1.364,NA,209,0,0,NA,NA,NA,NA
"fd2024","austin","kyle","200","MT","federal:house","MT02","O","M",1.556,1.501,18,4550,4500,NA,NA,NA,NA
"fd2024","watson","annette","200","MN","federal:house","MN07","C","F",1.823,NA,5,4312.37,2753.16,NA,NA,NA,NA
"fd2024","hooper","james","200","MI","federal:house","MI12","C","M",1.427,1.523,13,13451.35,7081.92,NA,NA,NA,NA
"fd2024","lehman","matthew","100","KY","federal:house","KY04","C","M",-0.867,-0.766,777,2807.49,8827.35,NA,NA,NA,NA
"fd2024","calkins","aaron","100","IN","federal:house","IN03","C","M",NA,NA,4,0,0,NA,NA,NA,NA
"fd2024","koppie","chad","200","IL","federal:house","IL07","C","M",1.561,1.629,5,0,0,NA,NA,NA,NA
"fd2024","baker","mark","100","GA","federal:house","GA13","C","M",-0.863,-0.881,116,0,350,NA,NA,NA,NA
"fd2024","chavez","jonathan","200","GA","federal:house","GA13","C","M",1.494,1.476,16,0,0,NA,NA,NA,NA
"fd2024","polo","frank","200","FL","federal:house","FL27","C","M",1.514,NA,44,510.25,244.16,NA,NA,NA,NA
"fd2024","holness","dale","100","FL","federal:house","FL20","C","M",-0.666,-0.569,896,0,120,NA,NA,NA,NA
"fd2024","bradley","christopher","100","FL","federal:house","FL14","C","M",NA,1.864,8,10105,12091.64,NA,NA,NA,NA
"fd2024","avion","orlondo","100","CO","federal:house","CO05","O","M",-1.067,NA,3,0,0,NA,NA,NA,NA
"fd2024","dawson","marshall","200","CO","federal:house","CO02","C","M",1.813,1.741,36,8672.97,15354.95,NA,NA,NA,NA
"fd2024","fedalizo","baltazar","200","CA","federal:house","CA37","C","M",1.41,NA,11,0,0,NA,NA,NA,NA
"fd2024","hakami","ariana","200","CA","federal:house","CA36","C","F",NA,1.345,10,3830,3742.71,NA,NA,NA,NA
"fd2024","dewell","ben","100","CA","federal:house","CA20","C","M",-1.102,-1.119,24,2230.72,2089.72,NA,NA,NA,NA
"fd2024","slauson","stephen","200","CA","federal:house","CA12","O","M",NA,1.102,8,0,0,NA,NA,NA,NA
"fd2024","semenenko","max","200","CA","federal:house","CA07","C","M",1.423,1.423,37,960,11293.22,NA,NA,NA,NA
"fd2024","engdahl","andrew","100","CA","federal:house","CA04","C","M",-0.823,-0.819,29,1587.46,4028.28,NA,NA,NA,NA
"fd2024","lucier","david","100","AZ","federal:house","AZ09","C","M",-1.121,-0.967,288,0,0,NA,NA,NA,NA
"fd2024","watson","eugene","100","WV","federal:house","WV03","C","M",-1.061,NA,166,0,0,NA,NA,NA,NA
"fd2024","chartrand","derek","200","WA","federal:house","WA01","C","M",0.077,0.082,50,3981.01,4150.22,NA,NA,NA,NA
"fd2024","foster","russell","100","TX","federal:house","TX04","C","M",NA,NA,272,0,0,NA,NA,NA,NA
"fd2024","snow","salem","100","PA","federal:house","PA02","C","M",-1.076,NA,422,2215,1163.03,NA,NA,NA,NA
"fd2024","wyman","robert","100","NY","federal:house","NY10","C","M",NA,-1.004,4,0,5960.5,NA,NA,NA,NA
"fd2024","hsu","john","100","NJ","federal:house","NJ06","C","M",-0.719,-1.002,50,6182.86,9261.06,NA,NA,NA,NA
"fd2024","wilkinson","brandon","200","MO","federal:house","MO03","O","M",1.467,1.646,58,0,0,NA,NA,NA,NA
"fd2024","snyder","nicolette","200","MI","federal:house","MI08","C","F",1.415,NA,333,0,0,NA,NA,NA,NA
"fd2024","dorris","dale","100","IN","federal:house","IN09","C","M",-1.097,-1.131,54,0,0,NA,NA,NA,NA
"fd2024","griggs","joyce","100","GA","federal:house","GA01","C","F",-1.114,-0.986,364,788,942.4,NA,NA,NA,NA
"fd2024","walls windhauser","angela","200","FL","federal:house","FL01","O","F",1.483,NA,2,0,0,NA,NA,NA,NA
"fd2024","hamilton","tamika","200","CA","federal:house","CA06","C","F",NA,1.405,4365,1534.22,15255.59,NA,NA,NA,NA
"fd2024","kennedy","mike","200","UT","federal:senate","UTS18","O","M",1.208,1.366,2190,0,0,NA,NA,NA,NA
"fd2024","james","john","200","MI","federal:senate","MIS20","C","M",1.419,1.02,163748,134570.59,236469.83,NA,NA,NA,NA
"fd2024","shelby","richard","200","AL","federal:senate","ALS22","I","M",0.804,0.663,13195,14315.74,5478145.92,NA,NA,NA,NA
"fd2024","keough","steve","100","TX","federal:senate","TXS24","C","M",-1.081,NA,44,28692.87,29040.01,NA,NA,NA,NA
"fd2024","peckarsky","peter","100","WI","federal:senate","WIS22","C","M",-0.959,-0.905,78,2202.9,2148.06,NA,NA,NA,NA
"fd2024","smiley","tiffany","200","WA","federal:senate","WAS22","C","F",1.505,1.585,63012,943567.78,848077,NA,NA,NA,NA
"fd2024","isom","ally","200","UT","federal:senate","UTS22","C","F",0.568,NA,619,105.57,105.57,NA,NA,NA,NA
"fd2024","bengs","brian","100","SD","federal:senate","SDS22","C","M",-1.081,-1.013,4088,2835.34,8536.74,NA,NA,NA,NA
"fd2024","oz","mehmet","200","PA","federal:senate","PAS22","O","M",1.542,1.553,109469,663085.61,2282312.33,NA,NA,NA,NA
"fd2024","arkoosh","valerie","100","PA","federal:senate","PAS22","O","F",NA,-0.889,6728,10653,22675.6,NA,NA,NA,NA
"fd2024","kenyatta","malcolm","100","PA","federal:senate","PAS22","O","M",-0.977,-0.846,16194,0,2138.45,NA,NA,NA,NA
"fd2024","baker","dennis","100","OK","federal:senate","OKS22","C","M",-1.001,-1.007,4694,10.48,10.48,NA,NA,NA,NA
"fd2024","ryan","timothy","100","OH","federal:senate","OHS22","O","M",-0.823,-0.638,308859,52216.27,107991.95,NA,NA,NA,NA
"fd2024","mandel","joshua","200","OH","federal:senate","OHS22","O","M",1.724,1.024,23100,20613.2,-38583.82,NA,NA,NA,NA
"fd2024","hockstedler","william","200","NV","federal:senate","NVS22","C","M",1.47,1.524,10,1050,0,NA,NA,NA,NA
"fd2024","mansharamani","vikram","200","NH","federal:senate","NHS22","C","M",0.861,0.947,418,539918.85,491057.29,NA,NA,NA,NA
"fd2024","heitkamp","heidi","100","ND","federal:senate","NDS18","I","F",-0.773,-0.847,224677,27653.76,722721.33,NA,NA,NA,NA
"fd2024","jackson","jeff","100","NC","federal:senate","NCS22","O","M",-0.972,-0.839,29567,891839.08,971904.91,NA,NA,NA,NA
"fd2024","hartzler","vicky","200","MO","federal:senate","MOS22","O","F",1.532,1.397,7116,9817.91,11300.81,NA,NA,NA,NA
"fd2024","thormann","john","200","MD","federal:senate","MDS22","C","M",1.209,1.468,14,0,0,NA,NA,NA,NA
"fd2024","gao","ruth","100","KY","federal:senate","KYS22","C","F",NA,-1.043,94,336,490.3,NA,NA,NA,NA
"fd2024","roth","david","100","ID","federal:senate","IDS22","C","M",-1.039,-1.004,1447,0,2153.73,NA,NA,NA,NA
"fd2024","finkenauer","abby","100","IA","federal:senate","IAS22","C","F",-1.064,-0.797,36285,86850.99,95308.84,NA,NA,NA,NA
"fd2024","walker","herschel","200","GA","federal:senate","GAS22","C","M",1.566,NA,421847,1071890.77,1741004.28,NA,NA,NA,NA
"fd2024","demings","val","100","FL","federal:senate","FLS22","C","M",NA,-0.775,568851,296949.88,629862.71,NA,NA,NA,NA
"fd2024","ellison","allen","100","FL","federal:senate","FLS22","C","M",-1.122,-1.056,1841,0,0,NA,NA,NA,NA
"fd2024","odea","joseph","200","CO","federal:senate","COS22","C","M",1.57,NA,8014,-1686.1,95548.21,NA,NA,NA,NA
"fd2024","yu","peter","200","CO","federal:senate","COS22","C","M",1.875,1.764,96,0,0,NA,NA,NA,NA
"fd2024","lucero","robert","200","CA","federal:senate","CAS22","C","M",NA,NA,9,0,0,NA,NA,NA,NA
"fd2024","masters","blake","200","AZ","federal:senate","AZS22","C","M",1.524,1.587,43191,3234.75,103364.64,NA,NA,NA,NA
"fd2024","lamon","jim","200","AZ","federal:senate","AZS22","C","M",NA,1.415,1888,16102.99,22472.84,NA,NA,NA,NA
"fd2024","boyd","willie","100","AL","federal:senate","ALS22","O","M",-0.838,-0.74,392,255.15,5626.53,NA,NA,NA,NA
"fd2024","bell","robert","100","TX","federal:senate","TXS20","C","M",NA,-0.519,683,14550,14550,NA,NA,NA,NA
"fd2024","portman","rob","200","OH","federal:senate","OHS22","I","M",NA,0.53,21788,184205.25,638370.69,NA,NA,NA,NA
"fd2024","smith","sandy","200","NC","federal:senate","NCS20","C","F",1.497,1.565,2288,948026.71,960672.86,NA,NA,NA,NA
"fd2024","mcgrath","amy","100","KY","federal:senate","KYS20","C","F",-1.074,-0.969,785350,458815.13,1452998.03,NA,NA,NA,NA
"fd2024","demartino","james","200","DE","federal:senate","DES20","C","M",NA,1.602,127,0,21500,NA,NA,NA,NA
"fd2024","byrne","bradley","200","AL","federal:senate","ALS20","C","M",NA,1.126,8014,0,0,NA,NA,NA,NA
"fd2024","sanders","bernard","100","00","federal:president","PRES","C","M",-1.143,-0.889,2610036,612.37,22956.15,NA,NA,NA,NA
"fd2024","segal","jerome","100","00","federal:president","PRES","C","M",-1.125,NA,6,9059,17895.8,NA,NA,NA,NA
"fd2024","weld","william","200","00","federal:president","PRES","C","M",NA,-0.692,1484,1387.5,1387.5,NA,NA,NA,NA
"fd2024","buttigieg","pete","100","00","federal:president","PRES","C","M",-1.046,NA,582820,0,0,NA,NA,NA,NA
"fd2024","lucas","conrad","200","WV","federal:house","WV03","O","M",-0.62,1.237,131,0,15,NA,NA,NA,NA
"fd2024","ryan","paul","200","WI","federal:house","WI01","I","M",0.31,1.284,83808,8529.98,37075.86,NA,NA,NA,NA
"fd2024","luria","elaine","100","VA","federal:house","VA02","I","F",NA,-0.777,31796,59441.79,333493.7,NA,NA,NA,NA
"fd2024","taylor","nicholas","200","TX","federal:house","TX03","I","M",1.379,1.291,5213,0,2230.77,NA,NA,NA,NA
"fd2024","stivers","steve","200","OH","federal:house","OH15","I","M",NA,0.939,6893,2000,226142.55,NA,NA,NA,NA
"fd2024","patel","suraj","100","NY","federal:house","NY12","C","M",-0.494,-0.49,3364,29500,29811.62,NA,NA,NA,NA
"fd2024","malinowski","tom","100","NJ","federal:house","NJ07","I","M",-1.017,-0.983,21400,197978.07,215046.32,NA,NA,NA,NA
"fd2024","manning","kathy","100","NC","federal:house","NC06","I","F",-0.436,-0.814,8142,785012.57,988076.08,NA,NA,NA,NA
"fd2024","martin","henry","100","MO","federal:house","MO06","C","M",-1.11,-1.006,882,0,0,NA,NA,NA,NA
"fd2024","bennett","douglas","200","IL","federal:house","IL10","C","M",1.419,1.295,111,12000,15247.53,NA,NA,NA,NA
"fd2024","finkenauer","abby","100","IA","federal:house","IA01","I","F",-1.064,-0.797,36285,0,17.5,NA,NA,NA,NA
"fd2024","baer","lauren","100","FL","federal:house","FL18","C","F",-1.048,-0.909,7425,0,1375,NA,NA,NA,NA
"fd2024","taddeo","annette","100","FL","federal:house","FL27","C","F",-1.065,-0.654,9494,1000,14007.26,NA,NA,NA,NA
"fd2024","maryott","brian","200","CA","federal:house","CA49","C","M",1.47,1.385,5258,1448566.83,1448933.39,NA,NA,NA,NA
"fd2024","ahn","robert","100","CA","federal:house","CA34","O","M",NA,-0.56,1128,0,0,NA,NA,NA,NA
"fd2024","nunes","devin","200","CA","federal:house","CA22","I","M",1.435,1.347,87656,2875984.7,617253.07,NA,NA,NA,NA
"fd2024","neighbors","ricky","100","AL","federal:house","AL04","C","M",-1.088,-0.964,189,3430.31,0,NA,NA,NA,NA
"fd2024","mceachin","aston","100","VA","federal:house","VA04","I","M",-1.193,-0.777,4123,228,104580.85,NA,NA,NA,NA
"fd2024","faso","john","200","NY","federal:house","NY19","I","M",1.125,0.931,10463,40643.11,65575.67,NA,NA,NA,NA
"fd2024","budd","theodore","200","NC","federal:house","NC13","I","M",1.475,1.46,41986,2111873.54,2101703,NA,NA,NA,NA
"fd2024","yarmuth","john","100","KY","federal:house","KY03","I","M",-1.111,-0.637,3347,233.01,73404.68,NA,NA,NA,NA
"fd2024","hollingsworth","trey","200","IN","federal:house","IN09","I","M",NA,1.05,1217,0,0,NA,NA,NA,NA
"fd2024","lynn","eric","100","FL","federal:house","FL13","O","M",-0.941,-0.678,4883,27134.1,22877.32,NA,NA,NA,NA
"fd2024","navarro","omar","200","CA","federal:house","CA43","C","M",1.552,1.556,2484,100,104.36,NA,NA,NA,NA
"fd2024","basler","douglas","200","WA","federal:house","WA09","C","M",NA,1.479,101,0,0,NA,NA,NA,NA
"fd2024","katko","john","200","NY","federal:house","NY24","O","M",NA,0.884,6199,4538.94,907211.72,NA,NA,NA,NA
"fd2024","daughtry","kelly","200","NC","federal:house","NC13","O","F",1.081,1.045,305,4507302.43,4507302.43,NA,NA,NA,NA
"fd2024","young","david","200","IA","federal:house","IA03","C","M",NA,1.318,5351,11000,90088.63,NA,NA,NA,NA
"fd2024","rab","aejaz","100","CA","federal:house","CA32","C","U",-0.257,-0.537,54,125,574,NA,NA,NA,NA
"fd2024","larkin","matt","200","WA","federal:house","WA08","C","M",1.528,1.419,1595,2009.94,75.08,NA,NA,NA,NA
"fd2024","clifford","sianay","100","VT","federal:house","VT01","O","M",-1.257,-1.167,167,0,0,NA,NA,NA,NA
"fd2024","vega","yesli","200","VA","federal:house","VA07","C","U",1.522,1.333,6557,4397.64,84503.76,NA,NA,NA,NA
"fd2024","parker","andy","100","VA","federal:house","VA05","C","M",-0.993,-0.968,1812,0,0,NA,NA,NA,NA
"fd2024","lowe","kimberly","200","VA","federal:house","VA09","C","F",1.502,1.605,36,0,0,NA,NA,NA,NA
"fd2024","mitchell","nicholas","100","UT","federal:house","UT02","C","M",-0.998,-0.995,267,0,0,NA,NA,NA,NA
"fd2024","caraway","barbara","100","TX","federal:house","TX30","O","F",0.231,0.194,562,1092.74,1982.14,NA,NA,NA,NA
"fd2024","perez","maclovio","100","TX","federal:house","TX27","C","M",-1.082,-0.959,48,0,0,NA,NA,NA,NA
"fd2024","lira","john","100","TX","federal:house","TX23","C","M",NA,-0.954,2970,12864.52,13068.53,NA,NA,NA,NA
"fd2024","brown","mary","100","TX","federal:house","TX13","C","F",-1.066,-1.037,1224,0,0,NA,NA,NA,NA
"fd2024","gorman","mary","100","TN","federal:house","TN03","C","F",-1.059,NA,265,0,2276.17,NA,NA,NA,NA
"fd2024","segal","david","100","RI","federal:house","RI02","O","M",-1.092,-1,5562,64427.23,65321,NA,NA,NA,NA
"fd2024","shaffer","jeremy","200","PA","federal:house","PA17","O","M",1.344,1.195,1637,5019.07,66132.66,NA,NA,NA,NA
"fd2024","hollister","robert","100","PA","federal:house","PA11","C","M",-1.109,-0.73,929,0,0,NA,NA,NA,NA
"fd2024","al abdrabbuh","sami","100","OR","federal:house","OR04","O","U",NA,-1.068,306,6523.55,6974.72,NA,NA,NA,NA
"fd2024","andrews","naomi","100","OK","federal:house","OK02","O","F",-0.973,NA,114,0,0,NA,NA,NA,NA
"fd2024","schiller","chris","200","OK","federal:house","OK02","O","M",1.435,0.911,332,1886,245,NA,NA,NA,NA
"fd2024","lare","jeff","200","OH","federal:house","OH15","C","M",NA,0.939,540,0,0,NA,NA,NA,NA
"fd2024","hawkins","shay","200","OH","federal:house","OH13","O","U",0.925,0.985,505,0,0,NA,NA,NA,NA
"fd2024","majewski","j","200","OH","federal:house","OH09","C","U",NA,NA,1690,2819.93,8945.61,NA,NA,NA,NA
"fd2024","ko","tim","200","NY","federal:house","NY24","C","M",-1.215,NA,77,0,301.41,NA,NA,NA,NA
"fd2024","fajans turner","vanessa","100","NY","federal:house","NY22","C","F",-1.028,-0.968,400,10391.45,16265.65,NA,NA,NA,NA
"fd2024","casanova dominguez","manuel","100","NY","federal:house","NY16","C","M",-1.044,NA,123,12500,12541.3,NA,NA,NA,NA
"fd2024","maloney","carolyn","100","NY","federal:house","NY12","I","F",-0.592,-0.583,13679,0,1199.95,NA,NA,NA,NA
"fd2024","robinson","brian","100","NY","federal:house","NY10","C","M",NA,1.035,11,0,46796.88,NA,NA,NA,NA
"fd2024","sheth","ashmi","100","NY","federal:house","NY12","C","U",-1.089,-1.019,745,3169.75,3581.86,NA,NA,NA,NA
"fd2024","zimmerman","robert","100","NY","federal:house","NY03","O","M",-0.675,-0.689,2169,11058.99,21531.21,NA,NA,NA,NA
"fd2024","serrano","carolina","200","NV","federal:house","NV01","C","F",1.592,NA,8236,51182.43,34720.14,NA,NA,NA,NA
"fd2024","steel","cynthia","200","NV","federal:house","NV01","C","F",1.298,NA,11,10069.38,11888.73,NA,NA,NA,NA
"fd2024","selen","tayfun","200","NJ","federal:house","NJ11","C","U",0.157,0.241,250,3038,21972.13,NA,NA,NA,NA
"fd2024","healey","robert","200","NJ","federal:house","NJ03","C","M",NA,0.684,1204,7107.22,44671.19,NA,NA,NA,NA
"fd2024","leavitt","karoline","200","NH","federal:house","NH01","C","F",1.488,1.301,13263,26863.23,44110.93,NA,NA,NA,NA
"fd2024","pansing brooks","patty","100","NE","federal:house","NE01","C","F",-0.769,NA,4420,12465.51,13335.92,NA,NA,NA,NA
"fd2024","genant","pamela","100","NC","federal:house","NC10","O","F",-1.121,-0.988,543,0,2273.64,NA,NA,NA,NA
"fd2024","meadows","mark","200","NC","federal:house","NC11","I","M",NA,1.375,2596,1686.78,305152.9,NA,NA,NA,NA
"fd2024","allam","nida","100","NC","federal:house","NC04","C","F",-1.048,-0.907,13755,0,0,NA,NA,NA,NA
"fd2024","aiken","william","200","NC","federal:house","NC01","O","M",1.389,1.232,8,106,932.19,NA,NA,NA,NA
"fd2024","ronning","penny","100","MT","federal:house","MT02","C","F",-1.126,-1.029,552,0,240,NA,NA,NA,NA
"fd2024","brooks","raymond","200","MS","federal:house","MS04","C","M",1.715,1.606,62,796.9,0,NA,NA,NA,NA
"fd2024","radaker sheafer","kristen","100","MO","federal:house","MO07","O","F",-1.159,NA,201,0,1207.43,NA,NA,NA,NA
"fd2024","burks","taylor","200","MO","federal:house","MO04","O","U",1.577,1.636,9848,4271.3,4743.32,NA,NA,NA,NA
"fd2024","abdirahman","shukri","200","MN","federal:house","MN05","C","M",0.11,NA,107,0,0,NA,NA,NA,NA
"fd2024","weiler","tom","200","MN","federal:house","MN03","C","M",1.329,1.391,900,24.5,3947.07,NA,NA,NA,NA
"fd2024","levin","sander","100","MI","federal:house","MI09","I","M",-1.146,-0.784,5721,0,61129.59,NA,NA,NA,NA
"fd2024","esshaki","eric","200","MI","federal:house","MI10","C","M",NA,1.049,1740,3300.22,62854.92,NA,NA,NA,NA
"fd2024","thelander","edwin","200","ME","federal:house","ME01","C","M",1.495,1.518,924,85,8899.71,NA,NA,NA,NA
"fd2024","warner","jeff","200","MD","federal:house","MD04","O","M",1.612,1.695,47,809.18,1522.83,NA,NA,NA,NA
"fd2024","ambrose","nicolee","200","MD","federal:house","MD02","C","F",0.09,1.112,600,845,1535.44,NA,NA,NA,NA
"fd2024","morgan","yuripzy","200","MD","federal:house","MD03","C","U",1.331,0.876,563,250,3008.97,NA,NA,NA,NA
"fd2024","tran","dean","200","MA","federal:house","MA03","C","M",NA,1.114,1568,0,0,NA,NA,NA,NA
"fd2024","darling","katie","100","LA","federal:house","LA01","C","F",-0.988,-0.798,1626,679.48,4983.74,NA,NA,NA,NA
"fd2024","gotsch","nathan","328","IN","federal:house","IN03","C","M",-1.171,-1.246,93,6452.05,6975.77,NA,NA,NA,NA
"fd2024","steury","paul","100","IN","federal:house","IN02","O","M",-1.078,NA,538,0,2408.65,NA,NA,NA,NA
"fd2024","lauf","catalina","200","IL","federal:house","IL11","O","F",1.518,1.573,12891,8277.93,57844.94,NA,NA,NA,NA
"fd2024","ahmed","junaid","100","IL","federal:house","IL08","C","M",-0.981,-0.903,1657,12046.52,40835.45,NA,NA,NA,NA
"fd2024","dowell","patricia","100","IL","federal:house","IL01","O","F",-0.858,NA,692,0,0,NA,NA,NA,NA
"fd2024","taylor","kirby","100","IL","federal:house","IL01","O","M",-1.009,NA,49,0,0,NA,NA,NA,NA
"fd2024","king","steve","200","IA","federal:house","IA04","I","M",1.659,1.501,6549,63714,63794,NA,NA,NA,NA
"fd2024","jones","vernon","200","GA","federal:house","GA10","O","M",1.604,1.522,1617,0,0,NA,NA,NA,NA
"fd2024","harris","kevin","100","FL","federal:house","FL24","C","M",-1.483,NA,33,3053.36,3664,NA,NA,NA,NA
"fd2024","trout","w michael","100","FL","federal:house","FL23","C","M",NA,NA,5,22.17,22.17,NA,NA,NA,NA
"fd2024","dorilas","rod","200","FL","federal:house","FL22","C","M",1.495,1.57,5361,1480.13,3031.11,NA,NA,NA,NA
"fd2024","balderramos robinson","corinna","100","FL","federal:house","FL21","C","F",-1.138,-1.027,435,445.5,2493.15,NA,NA,NA,NA
"fd2024","collins","jay","200","FL","federal:house","FL15","C","M",1.497,1.487,4541,0,0,NA,NA,NA,NA
"fd2024","craft","frank","328","FL","federal:house","FL13","O","M",NA,1.035,5,64.86,83,NA,NA,NA,NA
"fd2024","wimbish","calvin","200","FL","federal:house","FL10","O","M",NA,1.501,131,3195.22,7470.41,NA,NA,NA,NA
"fd2024","terry","joanne","100","FL","federal:house","FL08","C","F",-1.195,-1.048,334,1094,219,NA,NA,NA,NA
"fd2024","duke","brady","200","FL","federal:house","FL07","O","M",1.679,NA,18317,60,7327.28,NA,NA,NA,NA
"fd2024","jones","rebekah","100","FL","federal:house","FL01","C","F",-1.119,-0.98,4167,1008.78,882.78,NA,NA,NA,NA
"fd2024","walker","alex","100","CO","federal:house","CO03","C","M",-1.046,NA,4473,0,0,NA,NA,NA,NA
"fd2024","donovan","kerry","100","CO","federal:house","CO03","C","U",-0.926,NA,32863,8000,9716,NA,NA,NA,NA
"fd2024","bartlett","lisa","200","CA","federal:house","CA49","C","F",1.245,NA,250,2452.5,7882.5,NA,NA,NA,NA
"fd2024","spinney","bill","200","CA","federal:house","CA39","C","M",0.91,1.362,9,3060,3907.56,NA,NA,NA,NA
"fd2024","mendoza","sandra","100","CA","federal:house","CA37","O","F",-1.101,-0.94,179,10367.66,10393.76,NA,NA,NA,NA
"fd2024","reiss","jonathan","200","CA","federal:house","CA25","C","M",1.293,NA,50,14156.17,15576.24,NA,NA,NA,NA
"fd2024","thakur","albert","200","CA","federal:house","CA25","C","M",NA,NA,87,86526.03,85776.42,NA,NA,NA,NA
"fd2024","curry","eric","100","CA","federal:house","CA12","C","M",-1.331,-1.191,30,7913.31,7913.31,NA,NA,NA,NA
"fd2024","shoemaker","james","200","CA","federal:house","CA09","O","M",1.591,1.494,164,1890,2670.68,NA,NA,NA,NA
"fd2024","johnson","demnlus","100","CA","federal:house","CA08","C","M",NA,-1.003,89,0,0,NA,NA,NA,NA
"fd2024","hawkins","brian","200","CA","federal:house","CA25","C","M",1.621,1.634,2699,235,7408.23,NA,NA,NA,NA
"fd2024","sinema","kyrsten","100","AZ","federal:house","AZ09","I","F",0.333,-0.752,73123,5311800.8,9272137.32,NA,NA,NA,NA
"fd2024","hodge","jevin","100","AZ","federal:house","AZ01","C","M",-1.006,-0.759,5779,11055.21,25880.92,NA,NA,NA,NA
"fd2024","urrea","marcos","100","AZ","federal:house","AZ06","C","M",-1.343,-1.234,52,20,17,NA,NA,NA,NA
"fd2024","hodges","monte","100","AR","federal:house","AR01","C","M",-1.214,-0.645,499,0,0,NA,NA,NA,NA
"fd2024","bell","douglas","328","AL","federal:house","AL03","C","M",NA,0.432,6,196,220,NA,NA,NA,NA
"fd2024","greybull","lynnette","100","WY","federal:house","WY01","C","F",-1.054,NA,2568,0,30,NA,NA,NA,NA
"fd2024","jensen","jesse","200","WA","federal:house","WA08","C","M",1.567,NA,4173,5744.66,19396.3,NA,NA,NA,NA
"fd2024","davis","wendy","100","TX","federal:house","TX21","C","F",-0.954,-0.873,114362,1657.4,1781.98,NA,NA,NA,NA
"fd2024","bautista jones","justin","100","TN","federal:house","TN05","C","M",NA,NA,303,0,0,NA,NA,NA,NA
"fd2024","depasquale","eugene","100","PA","federal:house","PA10","C","M",NA,-0.813,12296,749.83,20474.14,NA,NA,NA,NA
"fd2024","skarlatos","alek","200","OR","federal:house","OR04","O","M",NA,1.19,25464,127309.74,142153.79,NA,NA,NA,NA
"fd2024","freshour","shannon","100","OH","federal:house","OH04","C","F",-0.99,-1.054,23189,0,0,NA,NA,NA,NA
"fd2024","conole","francis","100","NY","federal:house","NY22","C","M",-1.014,-0.883,5304,41238.68,47029.46,NA,NA,NA,NA
"fd2024","darrigo","melanie","100","NY","federal:house","NY03","O","F",-1.094,-1.015,3007,5450,6153.28,NA,NA,NA,NA
"fd2024","fleming","bridget","100","NY","federal:house","NY01","C","F",NA,-0.748,5514,7032.07,29378.52,NA,NA,NA,NA
"fd2024","vellucci","louis","328","NJ","federal:house","NJ05","C","M",-0.06,-1.152,7,491,272,NA,NA,NA,NA
"fd2024","cramer","kevin","200","ND","federal:house","ND01","I","M",1.295,1.39,16932,5562461.74,3614113.14,NA,NA,NA,NA
"fd2024","haywood","joseph","200","NC","federal:house","NC06","C","M",1.531,1.385,163,900,1797.94,NA,NA,NA,NA
"fd2024","palazzo","steven","200","MS","federal:house","MS04","I","M",1.671,1.274,2661,0,10130.93,NA,NA,NA,NA
"fd2024","hartzler","vicky","200","MO","federal:house","MO04","I","F",1.532,1.397,7116,9817.91,11300.81,NA,NA,NA,NA
"fd2024","grossbard","gavriel","200","MI","federal:house","MI09","C","M",0.197,0.807,182,0,0,NA,NA,NA,NA
"fd2024","meijer","peter","200","MI","federal:house","MI03","I","M",1.025,0.737,4015,10310.35,104229.87,NA,NA,NA,NA
"fd2024","zannetos","christopher","100","MA","federal:house","MA04","C","M",-0.392,-0.422,942,3e+05,300600,NA,NA,NA,NA
"fd2024","beckwith","micah","200","IN","federal:house","IN05","O","M",1.942,1.805,138,98.52,2026.11,NA,NA,NA,NA
"fd2024","ferguson","andrew","100","GA","federal:house","GA10","C","M",NA,-1.102,177,0,0,NA,NA,NA,NA
"fd2024","banyai","cindy","100","FL","federal:house","FL19","C","F",-1.027,-0.964,2635,0,0,NA,NA,NA,NA
"fd2024","chester","albert","100","FL","federal:house","FL05","C","M",-1.085,-0.776,434,0,0,NA,NA,NA,NA
"fd2024","merk","gregory","200","FL","federal:house","FL01","C","M",0.341,NA,21,0,0,NA,NA,NA,NA
"fd2024","gonzales","christopher","200","CA","federal:house","CA46","C","M",1.704,1.583,66,8521.3,15250.37,NA,NA,NA,NA
"fd2024","ruiz","raul","200","CA","federal:house","CA36","C","M",-0.447,-0.16,78,0,0,NA,NA,NA,NA
"fd2024","uygur","cenk","100","CA","federal:house","CA25","C","U",-1.059,NA,14402,0,0,NA,NA,NA,NA
"fd2024","kennedy","brynne","100","CA","federal:house","CA04","C","F",-1.022,-0.936,6558,2275.02,1142.46,NA,NA,NA,NA
"fd2024","roby","martha","200","AL","federal:house","AL02","I","F",0.848,1.324,3442,0,0,NA,NA,NA,NA
"fd2024","murphy","tim","200","PA","federal:house","PA18","I","M",NA,1.157,5769,47748.85,104903.66,NA,NA,NA,NA
"fd2024","welch","peter","100","VT","federal:house","VT01","I","M",-0.904,-0.907,24573,9423.3,41464.6,NA,NA,NA,NA
"fd2024","sires","albio","100","NJ","federal:house","NJ08","I","M",-0.861,-0.636,3323,0,87861.81,NA,NA,NA,NA
"fd2024","mcnerney","jerry","100","CA","federal:house","CA09","I","M",-1.366,-1.106,7199,1709.72,66402.73,NA,NA,NA,NA
"fd2024","rehberg","dennis","200","MT","federal:house","MT02","O","M",1.327,1.23,7362,631425.21,631425.21,NA,NA,NA,NA
"fd2024","woodward","nathaniel","100","UT","federal:house","UT02","C","M",-0.824,NA,23,0,0,NA,NA,NA,NA
"fd2024","cameron","kyle","100","WY","federal:house","WY01","C","M",-1.015,NA,73,16215.56,16215.56,NA,NA,NA,NA
"fd2024","levasseur","joseph","200","NH","federal:house","NH01","C","M",1.251,NA,24,141610,18299.11,NA,NA,NA,NA
"fd2024","paglino","justin","328","CT","federal:senate","CTS24","C","M",-1.426,NA,6,17849.65,17299.5,NA,NA,NA,NA
"fd2024","lee carter","erica","100","TX","federal:house","TX18","C","F",-0.582,NA,119,70270,51642.37,NA,NA,NA,NA
"fd2024","robinson","david","100","SC","federal:house","SC02","C","M",-1.055,NA,5,0,0,NA,NA,NA,NA
"fd2024","wimberly","benjie","100","NJ","federal:house","NJ09","O","M",-0.798,NA,76,12182,7027.28,NA,NA,NA,NA
"fd2024","neill","reilly","100","MT","federal:house","MT02","C","U",-0.457,NA,9,15824.16,9460.78,NA,NA,NA,NA
"fd2024","cass","jeanette","100","MO","federal:house","MO04","C","F",-1.095,NA,64,5858.6,8333.65,NA,NA,NA,NA
"fd2024","lynch","michael","100","MI","federal:house","MI02","C","M",-1.022,NA,30,19849.07,18406.33,NA,NA,NA,NA
"fd2024","vallien","michael","100","LA","federal:house","LA05","C","M",-0.469,NA,10,0,0,NA,NA,NA,NA
"fd2024","salisbury","matthew","200","AK","federal:house","AK01","C","M",-0.151,NA,4,0,0,NA,NA,NA,NA
"fd2024","dunn","maria","200","TX","federal:house","TX18","C","F",1.147,NA,52,68534.45,68534.45,NA,NA,NA,NA
"fd2024","vancil","dillan","200","IL","federal:house","IL17","C","M",1.355,NA,35,30652.91,10330.92,NA,NA,NA,NA
"fd2024","fine","randy","200","FL","federal:house","FL06","C","M",0.978,NA,228,0,0,NA,NA,NA,NA
"fd2024","audino","ernest","200","FL","federal:house","FL06","C","M",1.722,NA,7,8885,8885,NA,NA,NA,NA
"fd2024","salzman","michelle","200","FL","federal:house","FL01","C","F",1.558,NA,23,39246.25,39246.25,NA,NA,NA,NA
"fd2024","keebaugh","charles","200","FL","federal:house","FL01","C","M",1.357,NA,18,4443.55,2175.07,NA,NA,NA,NA
"fd2024","thompson","michael","200","FL","federal:house","FL01","C","M",1.791,NA,40,0,0,NA,NA,NA,NA
"fd2024","peacock","jeff","200","FL","federal:house","FL01","C","M",0.982,NA,21,0,0,NA,NA,NA,NA
